{
    "detection_scores": {
        "vanilla_scores": [
            0.38250743933112885,
            0.21681740584472967,
            0.10358208597462179,
            0.10358208597462179,
            0.6392026174713024,
            0.7544485191610798,
            0.44583680479645454,
            0.6392026174713024,
            0.21681740584472967,
            0.8836160351862405,
            0.32242573363325705,
            0.8471148436929272,
            0.026491784932231744,
            0.029291323400813283,
            0.6991775254935335,
            0.9375246722719879,
            0.38250743933112885,
            0.38250743933112885,
            0.21681740584472967,
            0.44583680479645454,
            0.1351159725207279,
            0.05734712978019507,
            0.26687849628994026,
            0.5758957701145038,
            0.5758957701145038,
            0.5758957701145038,
            0.8471148436929272,
            0.44583680479645454,
            0.9136074600438041,
            0.8471148436929272,
            0.5108662874554788,
            0.1351159725207279
        ],
        "watermarked_scores": [
            0.9998638685817088,
            1.6196290272301364e-08,
            3.1168611747939005e-07,
            0.999999999998176,
            0.013792325396823218,
            2.787241995807037e-35,
            0.9999999975553608,
            0.005984616771209155,
            3.812947750805034e-32,
            0.07784753488527126,
            0.9991054725662027,
            0.9999997530985588,
            0.9999706170962412,
            0.9991054725662027,
            0.8471148436929272,
            0.5108662874554788,
            0.6392026174713024,
            1.523466595091507e-17,
            5.355351207722614e-12,
            0.9999931924506409,
            0.20465851453056633,
            0.9999999999910718,
            6.367535581220604e-21,
            2.469713844916831e-29,
            0.8471148436929272,
            5.7852274903586825e-06,
            0.10358208597462179,
            0.00014143029167768795,
            2.1371291940963133e-09,
            1.4083981957400238e-05,
            0.7544485191610798,
            5.333330207674378e-52
        ],
        "mean_vanilla_score": 0.4550622847162843,
        "mean_watermarked_score": 0.4063378810144497,
        "median_watermarked_score": 0.09071481042994653,
        "median_vanilla_score": 0.44583680479645454
    },
    "perplexity_metrics": {
        "vanilla": {
            "mean_perplexity": 6.782928466796875,
            "median_perplexity": 6.064453125,
            "perplexities": [
                4.73828125,
                4.59375,
                5.80078125,
                4.24609375,
                5.1640625,
                10.2421875,
                4.98828125,
                12.109375,
                9.8046875,
                4.93359375,
                8.3046875,
                10.8359375,
                3.76953125,
                2.05078125,
                7.94140625,
                9.75,
                10.6640625,
                5.94921875,
                7.4453125,
                5.59765625,
                8.40625,
                4.90234375,
                6.40625,
                5.40234375,
                6.1796875,
                8.1953125,
                2.181640625,
                4.6640625,
                7.7578125,
                13.9140625,
                1.6064453125,
                8.5078125
            ]
        },
        "watermarked": {
            "mean_perplexity": 60.73675537109375,
            "median_perplexity": 17.6796875,
            "perplexities": [
                8.9296875,
                64.0625,
                89.3125,
                2.4375,
                24.046875,
                211.0,
                3.572265625,
                26.203125,
                652.5,
                21.671875,
                5.6328125,
                3.67578125,
                9.7734375,
                5.625,
                144.375,
                35.9375,
                14.1328125,
                4.32421875,
                10.140625,
                18.765625,
                16.59375,
                12.2265625,
                125.4375,
                59.03125,
                15.5546875,
                3.28515625,
                12.375,
                42.34375,
                74.3125,
                85.25,
                16.046875,
                125.0
            ]
        }
    },
    "repetition_metrics": {
        "vanilla": {
            "median_seq_rep_3": 0.025252525252525304,
            "mean_seq_rep_3": 0.04577260549659028,
            "total_rep_3": 0.05698500394632988,
            "list_seq_rep_3": [
                0.04040404040404044,
                0.1262626262626263,
                0.16161616161616166,
                0.08080808080808077,
                0.0,
                0.005050505050505083,
                0.025252525252525304,
                0.0,
                0.025252525252525304,
                0.030303030303030276,
                0.005050505050505083,
                0.025252525252525304,
                0.015228426395939132,
                0.010101010101010055,
                0.02020202020202022,
                0.0,
                0.0,
                0.02020202020202022,
                0.025252525252525304,
                0.025252525252525304,
                0.005050505050505083,
                0.06060606060606055,
                0.005050505050505083,
                0.045454545454545414,
                0.010101010101010055,
                0.04040404040404044,
                0.297979797979798,
                0.10606060606060608,
                0.030303030303030276,
                0.0,
                0.21212121212121215,
                0.010101010101010055
            ]
        },
        "watermarked": {
            "median_seq_rep_3": 0.610072809311388,
            "mean_seq_rep_3": 0.5701183674287218,
            "total_rep_3": 0.5864792291897014,
            "list_seq_rep_3": [
                0.7411167512690355,
                0.4292929292929293,
                0.36548223350253806,
                0.8939393939393939,
                0.5606060606060606,
                0.13131313131313127,
                0.8383838383838383,
                0.5151515151515151,
                0.030612244897959218,
                0.5353535353535354,
                0.7878787878787878,
                0.8484848484848485,
                0.7208121827411167,
                0.7929292929292929,
                0.4696969696969697,
                0.5151515151515151,
                0.6363636363636364,
                0.8080808080808081,
                0.7336683417085428,
                0.7213930348258706,
                0.5888324873096447,
                0.8080808080808081,
                0.24747474747474751,
                0.29292929292929293,
                0.6717171717171717,
                0.8883248730964467,
                0.6313131313131313,
                0.4467005076142132,
                0.35532994923857864,
                0.3939393939393939,
                0.6515151515151515,
                0.19191919191919193
            ]
        }
    },
    "metadata": {
        "detection_method": "kgw",
        "num_samples": 32,
        "ppl_model": "/mnt/lustrenew/mllm_safety-shared/models/huggingface/meta-llama/Meta-Llama-3.1-8B"
    }
}