{
    "detection_scores": {
        "vanilla_scores": [
            0.38250743933112885,
            0.21681740584472967,
            0.10358208597462179,
            0.10358208597462179,
            0.6392026174713024,
            0.7544485191610798,
            0.44583680479645454,
            0.6392026174713024,
            0.21681740584472967,
            0.8836160351862405,
            0.32242573363325705,
            0.8471148436929272,
            0.026491784932231744,
            0.029291323400813283,
            0.6991775254935335,
            0.9375246722719879,
            0.38250743933112885,
            0.38250743933112885,
            0.21681740584472967,
            0.44583680479645454,
            0.1351159725207279,
            0.05734712978019507,
            0.26687849628994026,
            0.5758957701145038,
            0.5758957701145038,
            0.5758957701145038,
            0.8471148436929272,
            0.44583680479645454,
            0.9136074600438041,
            0.8471148436929272,
            0.5108662874554788,
            0.1351159725207279
        ],
        "watermarked_scores": [
            4.768531402796335e-10,
            2.7542100548833858e-11,
            3.40789231276129e-19,
            5.0819502902761e-05,
            1.332115231257131e-12,
            2.9432309769801617e-27,
            2.891292403323301e-09,
            5.3958948221818666e-14,
            5.766690882776088e-15,
            8.380496965030422e-08,
            1.8800047124413736e-10,
            5.694866599381179e-16,
            4.768531402796335e-10,
            1.850289616547429e-07,
            1.332115231257131e-12,
            8.380496965030422e-08,
            1.6024434745223355e-13,
            4.665963805281391e-13,
            1.6024434745223355e-13,
            1.332115231257131e-12,
            1.0234594838755463e-11,
            8.495616097290753e-07,
            1.8800047124413736e-10,
            1.332115231257131e-12,
            9.145784992471524e-13,
            1.2338456690107672e-18,
            2.7024904108606995e-05,
            8.495616097290753e-07,
            1.850289616547429e-07,
            6.367535581220604e-21,
            7.267101730688786e-11,
            1.6230374204039128e-21
        ],
        "mean_vanilla_score": 0.4550622847162843,
        "mean_watermarked_score": 2.502673019724891e-06,
        "median_watermarked_score": 0.44583680479645454,
        "median_vanilla_score": 5.783355035006297e-12
    },
    "perplexity_metrics": {
        "vanilla": {
            "mean_perplexity": 6.782928466796875,
            "median_perplexity": 6.064453125,
            "perplexities": [
                4.73828125,
                4.59375,
                5.80078125,
                4.24609375,
                5.1640625,
                10.2421875,
                4.98828125,
                12.109375,
                9.8046875,
                4.93359375,
                8.3046875,
                10.8359375,
                3.76953125,
                2.05078125,
                7.94140625,
                9.75,
                10.6640625,
                5.94921875,
                7.4453125,
                5.59765625,
                8.40625,
                4.90234375,
                6.40625,
                5.40234375,
                6.1796875,
                8.1953125,
                2.181640625,
                4.6640625,
                7.7578125,
                13.9140625,
                1.6064453125,
                8.5078125
            ]
        },
        "watermarked": {
            "mean_perplexity": 11.6680908203125,
            "median_perplexity": 10.37109375,
            "perplexities": [
                11.78125,
                7.4609375,
                10.4609375,
                6.125,
                17.34375,
                17.796875,
                6.45703125,
                20.328125,
                17.59375,
                9.671875,
                12.0625,
                17.375,
                11.4921875,
                4.93359375,
                11.671875,
                12.1796875,
                15.1328125,
                9.640625,
                7.51953125,
                8.875,
                8.0546875,
                10.28125,
                8.34375,
                8.2421875,
                8.1484375,
                15.1015625,
                8.484375,
                6.46875,
                8.34375,
                27.609375,
                11.4921875,
                16.90625
            ]
        }
    },
    "repetition_metrics": {
        "vanilla": {
            "median_seq_rep_3": 0.025252525252525304,
            "mean_seq_rep_3": 0.04577260549659028,
            "total_rep_3": 0.05698500394632988,
            "list_seq_rep_3": [
                0.04040404040404044,
                0.1262626262626263,
                0.16161616161616166,
                0.08080808080808077,
                0.0,
                0.005050505050505083,
                0.025252525252525304,
                0.0,
                0.025252525252525304,
                0.030303030303030276,
                0.005050505050505083,
                0.025252525252525304,
                0.015228426395939132,
                0.010101010101010055,
                0.02020202020202022,
                0.0,
                0.0,
                0.02020202020202022,
                0.025252525252525304,
                0.025252525252525304,
                0.005050505050505083,
                0.06060606060606055,
                0.005050505050505083,
                0.045454545454545414,
                0.010101010101010055,
                0.04040404040404044,
                0.297979797979798,
                0.10606060606060608,
                0.030303030303030276,
                0.0,
                0.21212121212121215,
                0.010101010101010055
            ]
        },
        "watermarked": {
            "median_seq_rep_3": 0.02777777777777779,
            "mean_seq_rep_3": 0.03662257088653027,
            "total_rep_3": 0.05319652722967638,
            "list_seq_rep_3": [
                0.08585858585858586,
                0.08585858585858586,
                0.010101010101010055,
                0.14141414141414144,
                0.025252525252525304,
                0.030303030303030276,
                0.03535353535353536,
                0.005050505050505083,
                0.030303030303030276,
                0.010101010101010055,
                0.02020202020202022,
                0.025252525252525304,
                0.030303030303030276,
                0.09595959595959591,
                0.04040404040404044,
                0.025252525252525304,
                0.0,
                0.03535353535353536,
                0.04040404040404044,
                0.010101010101010055,
                0.005050505050505083,
                0.03535353535353536,
                0.015151515151515138,
                0.09595959595959591,
                0.040609137055837574,
                0.005050505050505083,
                0.02020202020202022,
                0.02020202020202022,
                0.015151515151515138,
                0.010101010101010055,
                0.08080808080808077,
                0.045454545454545414
            ]
        }
    },
    "metadata": {
        "detection_method": "kgw",
        "num_samples": 32,
        "ppl_model": "/mnt/lustrenew/mllm_safety-shared/models/huggingface/meta-llama/Meta-Llama-3.1-8B"
    }
}