{
    "detection_scores": {
        "vanilla_scores": [
            0.38250743933112885,
            0.21681740584472967,
            0.10358208597462179,
            0.10358208597462179,
            0.6392026174713024,
            0.7544485191610798,
            0.44583680479645454,
            0.6392026174713024,
            0.21681740584472967,
            0.8836160351862405,
            0.32242573363325705,
            0.8471148436929272,
            0.026491784932231744,
            0.029291323400813283,
            0.6991775254935335,
            0.9375246722719879,
            0.38250743933112885,
            0.38250743933112885,
            0.21681740584472967,
            0.44583680479645454,
            0.1351159725207279,
            0.05734712978019507,
            0.26687849628994026,
            0.5758957701145038,
            0.5758957701145038,
            0.5758957701145038,
            0.8471148436929272,
            0.44583680479645454,
            0.9136074600438041,
            0.8471148436929272,
            0.5108662874554788,
            0.1351159725207279
        ],
        "watermarked_scores": [
            5.766690882776088e-15,
            5.213676766424362e-55,
            5.213676766424362e-55,
            5.0828097750534414e-51,
            5.980519479790411e-30,
            3.207189137152643e-47,
            4.05422848158939e-22,
            1.757712950570242e-62,
            3.9304242475857884e-58,
            1.6254420025388752e-54,
            1.3395210011940047e-43,
            1.0119042559603408e-42,
            3.207189137152643e-47,
            1.0254537825198647e-97,
            4.448620871212126e-57,
            2.254153727876388e-61,
            2.787241995807037e-35,
            5.213676766424362e-55,
            5.012752242604624e-44,
            1.1373502558397022e-37,
            4.7142258136105125e-50,
            2.469713844916831e-29,
            4.7142258136105125e-50,
            5.0828097750534414e-51,
            4.256772933855766e-49,
            1.730111437829851e-44,
            5.593652455987735e-24,
            2.787241995807037e-35,
            1.9784782860658728e-36,
            3.7434255435132964e-48,
            2.469713844916831e-29,
            1.1798534124116248e-70
        ],
        "mean_vanilla_score": 0.4550622847162843,
        "mean_watermarked_score": 1.8020910293102013e-16,
        "median_watermarked_score": 1.7907658457519864e-47,
        "median_vanilla_score": 0.44583680479645454
    },
    "perplexity_metrics": {
        "vanilla": {
            "mean_perplexity": 6.782928466796875,
            "median_perplexity": 6.064453125,
            "perplexities": [
                4.73828125,
                4.59375,
                5.80078125,
                4.24609375,
                5.1640625,
                10.2421875,
                4.98828125,
                12.109375,
                9.8046875,
                4.93359375,
                8.3046875,
                10.8359375,
                3.76953125,
                2.05078125,
                7.94140625,
                9.75,
                10.6640625,
                5.94921875,
                7.4453125,
                5.59765625,
                8.40625,
                4.90234375,
                6.40625,
                5.40234375,
                6.1796875,
                8.1953125,
                2.181640625,
                4.6640625,
                7.7578125,
                13.9140625,
                1.6064453125,
                8.5078125
            ]
        },
        "watermarked": {
            "mean_perplexity": 72.2169189453125,
            "median_perplexity": 81.78125,
            "perplexities": [
                60.65625,
                112.4375,
                88.9375,
                46.34375,
                115.125,
                115.5625,
                36.9375,
                70.9375,
                87.25,
                85.875,
                84.875,
                85.875,
                58.125,
                2.7109375,
                53.03125,
                102.8125,
                64.0625,
                81.625,
                80.0625,
                118.8125,
                117.375,
                96.9375,
                94.0,
                4.24609375,
                85.5625,
                86.25,
                37.8125,
                20.640625,
                77.875,
                81.9375,
                22.9375,
                33.3125
            ]
        }
    },
    "repetition_metrics": {
        "vanilla": {
            "median_seq_rep_3": 0.025252525252525304,
            "mean_seq_rep_3": 0.04577260549659028,
            "total_rep_3": 0.05698500394632988,
            "list_seq_rep_3": [
                0.04040404040404044,
                0.1262626262626263,
                0.16161616161616166,
                0.08080808080808077,
                0.0,
                0.005050505050505083,
                0.025252525252525304,
                0.0,
                0.025252525252525304,
                0.030303030303030276,
                0.005050505050505083,
                0.025252525252525304,
                0.015228426395939132,
                0.010101010101010055,
                0.02020202020202022,
                0.0,
                0.0,
                0.02020202020202022,
                0.025252525252525304,
                0.025252525252525304,
                0.005050505050505083,
                0.06060606060606055,
                0.005050505050505083,
                0.045454545454545414,
                0.010101010101010055,
                0.04040404040404044,
                0.297979797979798,
                0.10606060606060608,
                0.030303030303030276,
                0.0,
                0.21212121212121215,
                0.010101010101010055
            ]
        },
        "watermarked": {
            "median_seq_rep_3": 0.04545454545454547,
            "mean_seq_rep_3": 0.11209096101907923,
            "total_rep_3": 0.14815984836518714,
            "list_seq_rep_3": [
                0.08585858585858586,
                0.025252525252525304,
                0.0505050505050505,
                0.14141414141414144,
                0.020408163265306145,
                0.03535353535353536,
                0.23232323232323238,
                0.030303030303030276,
                0.010101010101010055,
                0.02030456852791873,
                0.005050505050505083,
                0.025252525252525304,
                0.1262626262626263,
                0.8282828282828283,
                0.0505050505050505,
                0.04040404040404044,
                0.0757575757575758,
                0.101010101010101,
                0.030456852791878153,
                0.010101010101010055,
                0.005050505050505083,
                0.005050505050505083,
                0.015151515151515138,
                0.7171717171717171,
                0.06565656565656564,
                0.0,
                0.12121212121212122,
                0.11616161616161613,
                0.11675126903553301,
                0.005050505050505083,
                0.2676767676767676,
                0.20707070707070707
            ]
        }
    },
    "metadata": {
        "detection_method": "kgw",
        "num_samples": 32,
        "ppl_model": "/mnt/lustrenew/mllm_safety-shared/models/huggingface/meta-llama/Meta-Llama-3.1-8B"
    }
}