{
    "detection_scores": {
        "vanilla_scores": [
            0.38250743933112885,
            0.21681740584472967,
            0.10358208597462179,
            0.10358208597462179,
            0.6392026174713024,
            0.7544485191610798,
            0.44583680479645454,
            0.6392026174713024,
            0.21681740584472967,
            0.8836160351862405,
            0.32242573363325705,
            0.8471148436929272,
            0.026491784932231744,
            0.029291323400813283,
            0.6991775254935335,
            0.9375246722719879,
            0.38250743933112885,
            0.38250743933112885,
            0.21681740584472967,
            0.44583680479645454,
            0.1351159725207279,
            0.05734712978019507,
            0.26687849628994026,
            0.5758957701145038,
            0.5758957701145038,
            0.5758957701145038,
            0.8471148436929272,
            0.44583680479645454,
            0.9136074600438041,
            0.8471148436929272,
            0.5108662874554788,
            0.1351159725207279
        ],
        "watermarked_scores": [
            1.0896374734727493e-20,
            6.417595140328996e-26,
            1.523466595091507e-17,
            3.6008151398279957e-06,
            3.40789231276129e-19,
            6.91125165250654e-09,
            1.6230374204039128e-21,
            4.810247106298303e-30,
            1.2878606109634313e-24,
            2.448289219524794e-20,
            9.923906683417619e-23,
            1.7814755217536783e-14,
            6.367535581220604e-21,
            6.367535581220604e-21,
            1.2413159516351698e-28,
            1.3887540736433585e-26,
            6.66759169705751e-07,
            1.6230374204039128e-21,
            2.448289219524794e-20,
            3.728936664045115e-12,
            3.40789231276129e-19,
            8.380496965030422e-08,
            2.1371291940963133e-09,
            5.766690882776088e-15,
            4.378957471467549e-18,
            2.5896200748330102e-39,
            9.226282199829347e-20,
            1.850289616547429e-07,
            7.267101730688786e-11,
            4.378957471467549e-18,
            6.1083709381796425e-28,
            2.448289219524794e-20
        ],
        "mean_vanilla_score": 0.4550622847162843,
        "mean_watermarked_score": 1.4204790766392751e-07,
        "median_watermarked_score": 5.83728570967707e-20,
        "median_vanilla_score": 0.44583680479645454
    },
    "perplexity_metrics": {
        "vanilla": {
            "mean_perplexity": 6.782928466796875,
            "median_perplexity": 6.064453125,
            "perplexities": [
                4.73828125,
                4.59375,
                5.80078125,
                4.24609375,
                5.1640625,
                10.2421875,
                4.98828125,
                12.109375,
                9.8046875,
                4.93359375,
                8.3046875,
                10.8359375,
                3.76953125,
                2.05078125,
                7.94140625,
                9.75,
                10.6640625,
                5.94921875,
                7.4453125,
                5.59765625,
                8.40625,
                4.90234375,
                6.40625,
                5.40234375,
                6.1796875,
                8.1953125,
                2.181640625,
                4.6640625,
                7.7578125,
                13.9140625,
                1.6064453125,
                8.5078125
            ]
        },
        "watermarked": {
            "mean_perplexity": 34.468505859375,
            "median_perplexity": 29.1640625,
            "perplexities": [
                16.265625,
                46.6875,
                35.53125,
                8.1171875,
                14.8984375,
                9.25,
                22.359375,
                33.3125,
                40.71875,
                36.65625,
                25.59375,
                64.0625,
                24.140625,
                19.703125,
                37.21875,
                28.9375,
                52.8125,
                31.71875,
                25.234375,
                26.0,
                44.8125,
                18.25,
                12.1328125,
                47.34375,
                22.796875,
                15.34375,
                25.046875,
                54.8125,
                77.625,
                120.1875,
                29.390625,
                36.03125
            ]
        }
    },
    "repetition_metrics": {
        "vanilla": {
            "median_seq_rep_3": 0.025252525252525304,
            "mean_seq_rep_3": 0.04577260549659028,
            "total_rep_3": 0.05698500394632988,
            "list_seq_rep_3": [
                0.04040404040404044,
                0.1262626262626263,
                0.16161616161616166,
                0.08080808080808077,
                0.0,
                0.005050505050505083,
                0.025252525252525304,
                0.0,
                0.025252525252525304,
                0.030303030303030276,
                0.005050505050505083,
                0.025252525252525304,
                0.015228426395939132,
                0.010101010101010055,
                0.02020202020202022,
                0.0,
                0.0,
                0.02020202020202022,
                0.025252525252525304,
                0.025252525252525304,
                0.005050505050505083,
                0.06060606060606055,
                0.005050505050505083,
                0.045454545454545414,
                0.010101010101010055,
                0.04040404040404044,
                0.297979797979798,
                0.10606060606060608,
                0.030303030303030276,
                0.0,
                0.21212121212121215,
                0.010101010101010055
            ]
        },
        "watermarked": {
            "median_seq_rep_3": 0.03022689203593726,
            "mean_seq_rep_3": 0.05540578717177129,
            "total_rep_3": 0.07324388318863462,
            "list_seq_rep_3": [
                0.03015075376884424,
                0.02020202020202022,
                0.04040404040404044,
                0.14141414141414144,
                0.2525252525252525,
                0.30808080808080807,
                0.02020202020202022,
                0.02020202020202022,
                0.02020202020202022,
                0.005050505050505083,
                0.005050505050505083,
                0.02020202020202022,
                0.05555555555555558,
                0.030303030303030276,
                0.010101010101010055,
                0.045454545454545414,
                0.035532994923857864,
                0.015151515151515138,
                0.015151515151515138,
                0.010101010101010055,
                0.005050505050505083,
                0.04040404040404044,
                0.045685279187817285,
                0.025252525252525304,
                0.025252525252525304,
                0.12121212121212122,
                0.12121212121212122,
                0.05555555555555558,
                0.04040404040404044,
                0.005050505050505083,
                0.14646464646464652,
                0.04040404040404044
            ]
        }
    },
    "metadata": {
        "detection_method": "kgw",
        "num_samples": 32,
        "ppl_model": "/mnt/lustrenew/mllm_safety-shared/models/huggingface/meta-llama/Meta-Llama-3.1-8B"
    }
}