{
    "detection_scores": {
        "vanilla_scores": [
            0.38250743933112885,
            0.21681740584472967,
            0.10358208597462179,
            0.10358208597462179,
            0.6392026174713024,
            0.7544485191610798,
            0.44583680479645454,
            0.6392026174713024,
            0.21681740584472967,
            0.8836160351862405,
            0.32242573363325705,
            0.8471148436929272,
            0.026491784932231744,
            0.029291323400813283,
            0.6991775254935335,
            0.9375246722719879,
            0.38250743933112885,
            0.38250743933112885,
            0.21681740584472967,
            0.44583680479645454,
            0.1351159725207279,
            0.05734712978019507,
            0.26687849628994026,
            0.5758957701145038,
            0.5758957701145038,
            0.5758957701145038,
            0.8471148436929272,
            0.44583680479645454,
            0.9136074600438041,
            0.8471148436929272,
            0.5108662874554788,
            0.1351159725207279
        ],
        "watermarked_scores": [
            0.8788292738143121,
            7.192104585134415e-39,
            1.3395210011940047e-43,
            1.5731190242925788e-53,
            2.787241995807037e-35,
            9.100044528734715e-47,
            2.5902526327760896e-78,
            4.256772933855766e-49,
            3.0802975490386776e-38,
            9.31628140686927e-22,
            5.403829695606577e-54,
            9.485004931199938e-47,
            5.403829695606577e-54,
            5.213676766424362e-55,
            1.0790279406238122e-13,
            2.364308572219532e-24,
            1.3395210011940047e-43,
            9.753438626106413e-34,
            0.4468838737217188,
            2.673293587114147e-37,
            4.810247106298303e-30,
            0.26887501236602546,
            3.9407423197614266e-07,
            1.6254420025388752e-54,
            4.4303762713320685e-34,
            5.403829695606577e-54,
            1.9928797048360193e-34,
            2.9432309769801617e-27,
            3.113237154363594e-37,
            3.8632522804474025e-30,
            6.35897836238259e-45,
            1.2205372530280166e-29
        ],
        "mean_vanilla_score": 0.4550622847162843,
        "mean_watermarked_score": 0.04983089231176238,
        "median_watermarked_score": 2.8932653707388705e-37,
        "median_vanilla_score": 0.44583680479645454
    },
    "perplexity_metrics": {
        "vanilla": {
            "mean_perplexity": 6.782928466796875,
            "median_perplexity": 6.064453125,
            "perplexities": [
                4.73828125,
                4.59375,
                5.80078125,
                4.24609375,
                5.1640625,
                10.2421875,
                4.98828125,
                12.109375,
                9.8046875,
                4.93359375,
                8.3046875,
                10.8359375,
                3.76953125,
                2.05078125,
                7.94140625,
                9.75,
                10.6640625,
                5.94921875,
                7.4453125,
                5.59765625,
                8.40625,
                4.90234375,
                6.40625,
                5.40234375,
                6.1796875,
                8.1953125,
                2.181640625,
                4.6640625,
                7.7578125,
                13.9140625,
                1.6064453125,
                8.5078125
            ]
        },
        "watermarked": {
            "mean_perplexity": Infinity,
            "median_perplexity": 619.0,
            "perplexities": [
                Infinity,
                739.0,
                421.25,
                549.5,
                500.0,
                657.5,
                19.234375,
                250.5,
                1837.0,
                360.25,
                68.75,
                667.5,
                520.0,
                26.8125,
                3124.0,
                2724.0,
                240.875,
                530.5,
                Infinity,
                3.05078125,
                272.0,
                Infinity,
                49632.0,
                481.0,
                1080.0,
                475.25,
                1097.0,
                627.5,
                854.0,
                1030.0,
                675.5,
                610.5
            ]
        }
    },
    "repetition_metrics": {
        "vanilla": {
            "median_seq_rep_3": 0.025252525252525304,
            "mean_seq_rep_3": 0.04577260549659028,
            "total_rep_3": 0.05698500394632988,
            "list_seq_rep_3": [
                0.04040404040404044,
                0.1262626262626263,
                0.16161616161616166,
                0.08080808080808077,
                0.0,
                0.005050505050505083,
                0.025252525252525304,
                0.0,
                0.025252525252525304,
                0.030303030303030276,
                0.005050505050505083,
                0.025252525252525304,
                0.015228426395939132,
                0.010101010101010055,
                0.02020202020202022,
                0.0,
                0.0,
                0.02020202020202022,
                0.025252525252525304,
                0.025252525252525304,
                0.005050505050505083,
                0.06060606060606055,
                0.005050505050505083,
                0.045454545454545414,
                0.010101010101010055,
                0.04040404040404044,
                0.297979797979798,
                0.10606060606060608,
                0.030303030303030276,
                0.0,
                0.21212121212121215,
                0.010101010101010055
            ]
        },
        "watermarked": {
            "median_seq_rep_3": 0.010101267760120436,
            "mean_seq_rep_3": 0.08607703649895893,
            "total_rep_3": 0.0996066089693155,
            "list_seq_rep_3": [
                0.0,
                0.025380710659898442,
                0.0505050505050505,
                0.0,
                0.005050505050505083,
                0.01005025125628145,
                0.5252525252525253,
                0.08585858585858586,
                0.0,
                0.07614213197969544,
                0.33838383838383834,
                0.005076142131979711,
                0.005050505050505083,
                0.4696969696969697,
                0.02030456852791873,
                0.0,
                0.05555555555555558,
                0.03535353535353536,
                0.0,
                0.8241206030150754,
                0.09595959595959591,
                0.0,
                0.0,
                0.0,
                0.015228426395939132,
                0.005050505050505083,
                0.0,
                0.030303030303030276,
                0.0,
                0.0,
                0.06598984771573602,
                0.010152284263959421
            ]
        }
    },
    "metadata": {
        "detection_method": "kgw",
        "num_samples": 32,
        "ppl_model": "/mnt/lustrenew/mllm_safety-shared/models/huggingface/meta-llama/Meta-Llama-3.1-8B"
    }
}