{
    "detection_scores": {
        "vanilla_scores": [
            0.38250743933112885,
            0.21681740584472967,
            0.10358208597462179,
            0.10358208597462179,
            0.6392026174713024,
            0.7544485191610798,
            0.44583680479645454,
            0.6392026174713024,
            0.21681740584472967,
            0.8836160351862405,
            0.32242573363325705,
            0.8471148436929272,
            0.026491784932231744,
            0.029291323400813283,
            0.6991775254935335,
            0.9375246722719879,
            0.38250743933112885,
            0.38250743933112885,
            0.21681740584472967,
            0.44583680479645454,
            0.1351159725207279,
            0.05734712978019507,
            0.26687849628994026,
            0.5758957701145038,
            0.5758957701145038,
            0.5758957701145038,
            0.8471148436929272,
            0.44583680479645454,
            0.9136074600438041,
            0.8471148436929272,
            0.5108662874554788,
            0.1351159725207279
        ],
        "watermarked_scores": [
            0.21681740584472967,
            0.005984616771209155,
            0.07784753488527126,
            0.26687849628994026,
            0.32242573363325705,
            0.020305707993592128,
            0.5108662874554788,
            0.38250743933112885,
            0.07784753488527126,
            0.21681740584472967,
            0.05734712978019507,
            0.38250743933112885,
            0.38250743933112885,
            0.1351159725207279,
            0.9136074600438041,
            0.6991775254935335,
            0.9136074600438041,
            0.7544485191610798,
            0.0414023702540248,
            0.5108662874554788,
            0.10358208597462179,
            0.17282432636257503,
            0.013792325396823218,
            0.8836160351862405,
            0.26687849628994026,
            0.26687849628994026,
            0.32242573363325705,
            0.020305707993592128,
            0.013792325396823218,
            0.013792325396823218,
            0.7952198129885502,
            0.6392026174713024
        ],
        "mean_vanilla_score": 0.4550622847162843,
        "mean_watermarked_score": 0.32503737671031263,
        "median_watermarked_score": 0.44583680479645454,
        "median_vanilla_score": 0.26687849628994026
    },
    "perplexity_metrics": {
        "vanilla": {
            "mean_perplexity": 6.782928466796875,
            "median_perplexity": 6.064453125,
            "perplexities": [
                4.73828125,
                4.59375,
                5.80078125,
                4.24609375,
                5.1640625,
                10.2421875,
                4.98828125,
                12.109375,
                9.8046875,
                4.93359375,
                8.3046875,
                10.8359375,
                3.76953125,
                2.05078125,
                7.94140625,
                9.75,
                10.6640625,
                5.94921875,
                7.4453125,
                5.59765625,
                8.40625,
                4.90234375,
                6.40625,
                5.40234375,
                6.1796875,
                8.1953125,
                2.181640625,
                4.6640625,
                7.7578125,
                13.9140625,
                1.6064453125,
                8.5078125
            ]
        },
        "watermarked": {
            "mean_perplexity": 7.37713623046875,
            "median_perplexity": 6.552734375,
            "perplexities": [
                6.46875,
                5.77734375,
                9.671875,
                3.494140625,
                3.658203125,
                9.0546875,
                6.1875,
                20.125,
                14.296875,
                4.68359375,
                9.0546875,
                12.3046875,
                3.5703125,
                2.3203125,
                6.515625,
                10.0234375,
                5.83203125,
                7.609375,
                6.625,
                5.1328125,
                4.69140625,
                5.828125,
                6.55859375,
                9.9609375,
                6.546875,
                7.66796875,
                6.859375,
                2.83203125,
                7.12109375,
                15.3125,
                2.009765625,
                8.2734375
            ]
        }
    },
    "repetition_metrics": {
        "vanilla": {
            "median_seq_rep_3": 0.025252525252525304,
            "mean_seq_rep_3": 0.04577260549659028,
            "total_rep_3": 0.05698500394632988,
            "list_seq_rep_3": [
                0.04040404040404044,
                0.1262626262626263,
                0.16161616161616166,
                0.08080808080808077,
                0.0,
                0.005050505050505083,
                0.025252525252525304,
                0.0,
                0.025252525252525304,
                0.030303030303030276,
                0.005050505050505083,
                0.025252525252525304,
                0.015228426395939132,
                0.010101010101010055,
                0.02020202020202022,
                0.0,
                0.0,
                0.02020202020202022,
                0.025252525252525304,
                0.025252525252525304,
                0.005050505050505083,
                0.06060606060606055,
                0.005050505050505083,
                0.045454545454545414,
                0.010101010101010055,
                0.04040404040404044,
                0.297979797979798,
                0.10606060606060608,
                0.030303030303030276,
                0.0,
                0.21212121212121215,
                0.010101010101010055
            ]
        },
        "watermarked": {
            "median_seq_rep_3": 0.025252525252525304,
            "mean_seq_rep_3": 0.042477887685141574,
            "total_rep_3": 0.05086084346864639,
            "list_seq_rep_3": [
                0.030303030303030276,
                0.04040404040404044,
                0.010101010101010055,
                0.045454545454545414,
                0.04040404040404044,
                0.005050505050505083,
                0.010101010101010055,
                0.005050505050505083,
                0.04040404040404044,
                0.06565656565656564,
                0.010101010101010055,
                0.015151515151515138,
                0.1262626262626263,
                0.02020202020202022,
                0.030303030303030276,
                0.010101010101010055,
                0.02020202020202022,
                0.03535353535353536,
                0.015151515151515138,
                0.04040404040404044,
                0.025252525252525304,
                0.025252525252525304,
                0.005050505050505083,
                0.03535353535353536,
                0.010101010101010055,
                0.015151515151515138,
                0.09595959595959591,
                0.20707070707070707,
                0.015151515151515138,
                0.02020202020202022,
                0.227979274611399,
                0.06060606060606055
            ]
        }
    },
    "metadata": {
        "detection_method": "kgw",
        "num_samples": 32,
        "ppl_model": "/mnt/lustrenew/mllm_safety-shared/models/huggingface/meta-llama/Meta-Llama-3.1-8B"
    }
}