{
    "detection_scores": {
        "vanilla_scores": [
            0.38250743933112885,
            0.21681740584472967,
            0.10358208597462179,
            0.10358208597462179,
            0.6392026174713024,
            0.7544485191610798,
            0.44583680479645454,
            0.6392026174713024,
            0.21681740584472967,
            0.8836160351862405,
            0.32242573363325705,
            0.8471148436929272,
            0.026491784932231744,
            0.029291323400813283,
            0.6991775254935335,
            0.9375246722719879,
            0.38250743933112885,
            0.38250743933112885,
            0.21681740584472967,
            0.44583680479645454,
            0.1351159725207279,
            0.05734712978019507,
            0.26687849628994026,
            0.5758957701145038,
            0.5758957701145038,
            0.5758957701145038,
            0.8471148436929272,
            0.44583680479645454,
            0.9136074600438041,
            0.8471148436929272,
            0.5108662874554788,
            0.1351159725207279
        ],
        "watermarked_scores": [
            3.40789231276129e-19,
            5.3958948221818666e-14,
            7.281123580937401e-37,
            4.378957471467549e-18,
            5.593652455987735e-24,
            7.462211555594298e-35,
            6.417595140328996e-26,
            2.1017950917776174e-31,
            1.3887540736433585e-26,
            4.378957471467549e-18,
            4.810247106298303e-30,
            2.9432309769801617e-27,
            1.6024434745223355e-13,
            8.380496965030422e-08,
            2.345205298304431e-30,
            7.232960430434288e-27,
            2.5896200748330102e-39,
            2.9432309769801617e-27,
            6.1083709381796425e-28,
            1.2338456690107672e-18,
            2.9432309769801617e-27,
            2.469713844916831e-29,
            2.380248302952419e-23,
            1.6672599345026213e-34,
            2.448289219524794e-20,
            9.923906683417619e-23,
            1.523466595091507e-17,
            3.728936664045115e-12,
            2.380248302952419e-23,
            1.711047660696746e-31,
            4.810247106298303e-30,
            6.1083709381796425e-28
        ],
        "mean_vanilla_score": 0.4550622847162843,
        "mean_watermarked_score": 2.6190285254954937e-09,
        "median_watermarked_score": 0.44583680479645454,
        "median_vanilla_score": 1.0560250583433936e-26
    },
    "perplexity_metrics": {
        "vanilla": {
            "mean_perplexity": 6.782928466796875,
            "median_perplexity": 6.064453125,
            "perplexities": [
                4.73828125,
                4.59375,
                5.80078125,
                4.24609375,
                5.1640625,
                10.2421875,
                4.98828125,
                12.109375,
                9.8046875,
                4.93359375,
                8.3046875,
                10.8359375,
                3.76953125,
                2.05078125,
                7.94140625,
                9.75,
                10.6640625,
                5.94921875,
                7.4453125,
                5.59765625,
                8.40625,
                4.90234375,
                6.40625,
                5.40234375,
                6.1796875,
                8.1953125,
                2.181640625,
                4.6640625,
                7.7578125,
                13.9140625,
                1.6064453125,
                8.5078125
            ]
        },
        "watermarked": {
            "mean_perplexity": 25.9891357421875,
            "median_perplexity": 22.1015625,
            "perplexities": [
                23.71875,
                20.609375,
                21.546875,
                20.609375,
                23.671875,
                21.765625,
                15.1640625,
                34.5625,
                19.890625,
                40.09375,
                26.5625,
                65.375,
                12.546875,
                7.68359375,
                38.125,
                32.28125,
                35.3125,
                22.234375,
                21.421875,
                21.59375,
                21.96875,
                8.5703125,
                25.734375,
                32.21875,
                15.1015625,
                33.0625,
                18.328125,
                11.6953125,
                19.421875,
                41.21875,
                44.3125,
                35.25
            ]
        }
    },
    "repetition_metrics": {
        "vanilla": {
            "median_seq_rep_3": 0.025252525252525304,
            "mean_seq_rep_3": 0.04577260549659028,
            "total_rep_3": 0.05698500394632988,
            "list_seq_rep_3": [
                0.04040404040404044,
                0.1262626262626263,
                0.16161616161616166,
                0.08080808080808077,
                0.0,
                0.005050505050505083,
                0.025252525252525304,
                0.0,
                0.025252525252525304,
                0.030303030303030276,
                0.005050505050505083,
                0.025252525252525304,
                0.015228426395939132,
                0.010101010101010055,
                0.02020202020202022,
                0.0,
                0.0,
                0.02020202020202022,
                0.025252525252525304,
                0.025252525252525304,
                0.005050505050505083,
                0.06060606060606055,
                0.005050505050505083,
                0.045454545454545414,
                0.010101010101010055,
                0.04040404040404044,
                0.297979797979798,
                0.10606060606060608,
                0.030303030303030276,
                0.0,
                0.21212121212121215,
                0.010101010101010055
            ]
        },
        "watermarked": {
            "median_seq_rep_3": 0.03298289012574729,
            "mean_seq_rep_3": 0.04549865823886853,
            "total_rep_3": 0.060338019270257504,
            "list_seq_rep_3": [
                0.045454545454545414,
                0.015151515151515138,
                0.015151515151515138,
                0.0505050505050505,
                0.03535353535353536,
                0.15736040609137059,
                0.010101010101010055,
                0.030612244897959218,
                0.045454545454545414,
                0.030303030303030276,
                0.005050505050505083,
                0.010101010101010055,
                0.07070707070707072,
                0.06565656565656564,
                0.040609137055837574,
                0.02030456852791873,
                0.12121212121212122,
                0.02020202020202022,
                0.045454545454545414,
                0.005050505050505083,
                0.04040404040404044,
                0.24747474747474751,
                0.0,
                0.02020202020202022,
                0.08585858585858586,
                0.005050505050505083,
                0.045454545454545414,
                0.03535353535353536,
                0.10606060606060608,
                0.0,
                0.015151515151515138,
                0.015151515151515138
            ]
        }
    },
    "metadata": {
        "detection_method": "kgw",
        "num_samples": 32,
        "ppl_model": "/mnt/lustrenew/mllm_safety-shared/models/huggingface/meta-llama/Meta-Llama-3.1-8B"
    }
}