{
    "detection_scores": {
        "vanilla_scores": [
            0.38250743933112885,
            0.21681740584472967,
            0.10358208597462179,
            0.10358208597462179,
            0.6392026174713024,
            0.7544485191610798,
            0.44583680479645454,
            0.6392026174713024,
            0.21681740584472967,
            0.8836160351862405,
            0.32242573363325705,
            0.8471148436929272,
            0.026491784932231744,
            0.029291323400813283,
            0.6991775254935335,
            0.9375246722719879,
            0.38250743933112885,
            0.38250743933112885,
            0.21681740584472967,
            0.44583680479645454,
            0.1351159725207279,
            0.05734712978019507,
            0.26687849628994026,
            0.5758957701145038,
            0.5758957701145038,
            0.5758957701145038,
            0.8471148436929272,
            0.44583680479645454,
            0.9136074600438041,
            0.8471148436929272,
            0.5108662874554788,
            0.1351159725207279
        ],
        "watermarked_scores": [
            1.4083981957400238e-05,
            2.7024904108606995e-05,
            6.367535581220604e-21,
            0.0005188340346265688,
            0.00016911265119370079,
            5.1959296764365686e-17,
            1.0234594838755463e-11,
            1.523466595091507e-17,
            1.332115231257131e-12,
            4.768531402796335e-10,
            1.6196290272301364e-08,
            5.1959296764365686e-17,
            0.00016911265119370079,
            0.009178679390778589,
            4.768531402796335e-10,
            1.7666461197620142e-06,
            0.0010278447277140904,
            8.380496965030422e-08,
            3.7209798727626364e-08,
            7.193361071692652e-06,
            3.728936664045115e-12,
            1.332115231257131e-12,
            3.7209798727626364e-08,
            0.009178679390778589,
            5.3958948221818666e-14,
            0.0002992415380524399,
            1.4083981957400238e-05,
            0.005984616771209155,
            0.005984616771209155,
            5.1959296764365686e-17,
            0.0014671279285978405,
            3.7209798727626364e-08
        ],
        "mean_vanilla_score": 0.4550622847162843,
        "mean_watermarked_score": 0.0010638197291129052,
        "median_watermarked_score": 6.050738418896529e-08,
        "median_vanilla_score": 0.44583680479645454
    },
    "perplexity_metrics": {
        "vanilla": {
            "mean_perplexity": 6.782928466796875,
            "median_perplexity": 6.064453125,
            "perplexities": [
                4.73828125,
                4.59375,
                5.80078125,
                4.24609375,
                5.1640625,
                10.2421875,
                4.98828125,
                12.109375,
                9.8046875,
                4.93359375,
                8.3046875,
                10.8359375,
                3.76953125,
                2.05078125,
                7.94140625,
                9.75,
                10.6640625,
                5.94921875,
                7.4453125,
                5.59765625,
                8.40625,
                4.90234375,
                6.40625,
                5.40234375,
                6.1796875,
                8.1953125,
                2.181640625,
                4.6640625,
                7.7578125,
                13.9140625,
                1.6064453125,
                8.5078125
            ]
        },
        "watermarked": {
            "mean_perplexity": 9.10211181640625,
            "median_perplexity": 8.55859375,
            "perplexities": [
                7.8828125,
                10.9453125,
                11.3515625,
                4.1875,
                9.109375,
                14.3515625,
                5.75390625,
                13.4609375,
                10.140625,
                10.75,
                8.828125,
                13.3046875,
                5.25,
                3.162109375,
                11.2265625,
                10.1015625,
                9.921875,
                7.89453125,
                9.671875,
                5.9375,
                7.4609375,
                6.09765625,
                6.63671875,
                6.49609375,
                8.8125,
                7.73046875,
                5.44140625,
                8.3046875,
                6.94140625,
                29.0,
                5.41796875,
                9.6953125
            ]
        }
    },
    "repetition_metrics": {
        "vanilla": {
            "median_seq_rep_3": 0.025252525252525304,
            "mean_seq_rep_3": 0.04577260549659028,
            "total_rep_3": 0.05698500394632988,
            "list_seq_rep_3": [
                0.04040404040404044,
                0.1262626262626263,
                0.16161616161616166,
                0.08080808080808077,
                0.0,
                0.005050505050505083,
                0.025252525252525304,
                0.0,
                0.025252525252525304,
                0.030303030303030276,
                0.005050505050505083,
                0.025252525252525304,
                0.015228426395939132,
                0.010101010101010055,
                0.02020202020202022,
                0.0,
                0.0,
                0.02020202020202022,
                0.025252525252525304,
                0.025252525252525304,
                0.005050505050505083,
                0.06060606060606055,
                0.005050505050505083,
                0.045454545454545414,
                0.010101010101010055,
                0.04040404040404044,
                0.297979797979798,
                0.10606060606060608,
                0.030303030303030276,
                0.0,
                0.21212121212121215,
                0.010101010101010055
            ]
        },
        "watermarked": {
            "median_seq_rep_3": 0.020151261357291506,
            "mean_seq_rep_3": 0.0261963225216994,
            "total_rep_3": 0.035979169954237,
            "list_seq_rep_3": [
                0.030303030303030276,
                0.030303030303030276,
                0.045454545454545414,
                0.06565656565656564,
                0.010101010101010055,
                0.010101010101010055,
                0.010101010101010055,
                0.005050505050505083,
                0.04040404040404044,
                0.005050505050505083,
                0.015151515151515138,
                0.03535353535353536,
                0.010101010101010055,
                0.030303030303030276,
                0.015151515151515138,
                0.02020202020202022,
                0.02010050251256279,
                0.005050505050505083,
                0.005050505050505083,
                0.015151515151515138,
                0.0,
                0.02020202020202022,
                0.015151515151515138,
                0.0505050505050505,
                0.03535353535353536,
                0.06060606060606055,
                0.015151515151515138,
                0.04040404040404044,
                0.030303030303030276,
                0.0,
                0.12121212121212122,
                0.025252525252525304
            ]
        }
    },
    "metadata": {
        "detection_method": "kgw",
        "num_samples": 32,
        "ppl_model": "/mnt/lustrenew/mllm_safety-shared/models/huggingface/meta-llama/Meta-Llama-3.1-8B"
    }
}