{
    "detection_scores": {
        "vanilla_scores": [
            0.38250743933112885,
            0.21681740584472967,
            0.10358208597462179,
            0.10358208597462179,
            0.6392026174713024,
            0.7544485191610798,
            0.44583680479645454,
            0.6392026174713024,
            0.21681740584472967,
            0.8836160351862405,
            0.32242573363325705,
            0.8471148436929272,
            0.026491784932231744,
            0.029291323400813283,
            0.6991775254935335,
            0.9375246722719879,
            0.38250743933112885,
            0.38250743933112885,
            0.21681740584472967,
            0.44583680479645454,
            0.1351159725207279,
            0.05734712978019507,
            0.26687849628994026,
            0.5758957701145038,
            0.5758957701145038,
            0.5758957701145038,
            0.8471148436929272,
            0.44583680479645454,
            0.9136074600438041,
            0.8471148436929272,
            0.5108662874554788,
            0.1351159725207279
        ],
        "watermarked_scores": [
            8.495616097290753e-07,
            0.0005188340346265688,
            7.267101730688786e-11,
            1.0234594838755463e-11,
            4.004543805359876e-07,
            1.332115231257131e-12,
            4.004543805359876e-07,
            8.495616097290753e-07,
            3.7209798727626364e-08,
            1.6196290272301364e-08,
            2.891292403323301e-09,
            1.2338456690107672e-18,
            7.193361071692652e-06,
            0.0002992415380524399,
            2.7024904108606995e-05,
            2.7542100548833858e-11,
            0.0002992415380524399,
            5.3958948221818666e-14,
            1.7814755217536783e-14,
            8.380496965030422e-08,
            8.380496965030422e-08,
            0.0002992415380524399,
            3.728936664045115e-12,
            0.07784753488527126,
            1.7666461197620142e-06,
            4.768531402796335e-10,
            1.4083981957400238e-05,
            7.267101730688786e-11,
            1.6196290272301364e-08,
            1.0234594838755463e-11,
            0.0008814169940861691,
            2.7542100548833858e-11
        ],
        "mean_vanilla_score": 0.4550622847162843,
        "mean_watermarked_score": 0.0025061975081209897,
        "median_watermarked_score": 6.050738418896529e-08,
        "median_vanilla_score": 0.44583680479645454
    },
    "perplexity_metrics": {
        "vanilla": {
            "mean_perplexity": 6.782928466796875,
            "median_perplexity": 6.064453125,
            "perplexities": [
                4.73828125,
                4.59375,
                5.80078125,
                4.24609375,
                5.1640625,
                10.2421875,
                4.98828125,
                12.109375,
                9.8046875,
                4.93359375,
                8.3046875,
                10.8359375,
                3.76953125,
                2.05078125,
                7.94140625,
                9.75,
                10.6640625,
                5.94921875,
                7.4453125,
                5.59765625,
                8.40625,
                4.90234375,
                6.40625,
                5.40234375,
                6.1796875,
                8.1953125,
                2.181640625,
                4.6640625,
                7.7578125,
                13.9140625,
                1.6064453125,
                8.5078125
            ]
        },
        "watermarked": {
            "mean_perplexity": 8.72552490234375,
            "median_perplexity": 8.125,
            "perplexities": [
                10.28125,
                6.953125,
                6.45703125,
                5.68359375,
                5.52734375,
                10.296875,
                5.33203125,
                20.328125,
                6.8671875,
                9.0546875,
                9.5625,
                12.3515625,
                6.6640625,
                3.837890625,
                10.7109375,
                11.203125,
                8.0859375,
                11.3359375,
                8.1796875,
                7.40234375,
                6.703125,
                9.0703125,
                8.1640625,
                5.87890625,
                7.09375,
                10.21875,
                7.1953125,
                5.24609375,
                8.9453125,
                19.890625,
                5.5390625,
                9.15625
            ]
        }
    },
    "repetition_metrics": {
        "vanilla": {
            "median_seq_rep_3": 0.025252525252525304,
            "mean_seq_rep_3": 0.04577260549659028,
            "total_rep_3": 0.05698500394632988,
            "list_seq_rep_3": [
                0.04040404040404044,
                0.1262626262626263,
                0.16161616161616166,
                0.08080808080808077,
                0.0,
                0.005050505050505083,
                0.025252525252525304,
                0.0,
                0.025252525252525304,
                0.030303030303030276,
                0.005050505050505083,
                0.025252525252525304,
                0.015228426395939132,
                0.010101010101010055,
                0.02020202020202022,
                0.0,
                0.0,
                0.02020202020202022,
                0.025252525252525304,
                0.025252525252525304,
                0.005050505050505083,
                0.06060606060606055,
                0.005050505050505083,
                0.045454545454545414,
                0.010101010101010055,
                0.04040404040404044,
                0.297979797979798,
                0.10606060606060608,
                0.030303030303030276,
                0.0,
                0.21212121212121215,
                0.010101010101010055
            ]
        },
        "watermarked": {
            "median_seq_rep_3": 0.015151515151515138,
            "mean_seq_rep_3": 0.025410353535353532,
            "total_rep_3": 0.03693181818181823,
            "list_seq_rep_3": [
                0.010101010101010055,
                0.06565656565656564,
                0.05555555555555558,
                0.030303030303030276,
                0.02020202020202022,
                0.025252525252525304,
                0.025252525252525304,
                0.005050505050505083,
                0.030303030303030276,
                0.005050505050505083,
                0.005050505050505083,
                0.010101010101010055,
                0.02020202020202022,
                0.010101010101010055,
                0.03535353535353536,
                0.015151515151515138,
                0.015151515151515138,
                0.015151515151515138,
                0.015151515151515138,
                0.015151515151515138,
                0.010101010101010055,
                0.015151515151515138,
                0.025252525252525304,
                0.06060606060606055,
                0.0,
                0.010101010101010055,
                0.19191919191919193,
                0.015151515151515138,
                0.010101010101010055,
                0.015151515151515138,
                0.025252525252525304,
                0.005050505050505083
            ]
        }
    },
    "metadata": {
        "detection_method": "kgw",
        "num_samples": 32,
        "ppl_model": "/mnt/lustrenew/mllm_safety-shared/models/huggingface/meta-llama/Meta-Llama-3.1-8B"
    }
}