{
    "detection_scores": {
        "vanilla_scores": [
            0.38250743933112885,
            0.21681740584472967,
            0.10358208597462179,
            0.10358208597462179,
            0.6392026174713024,
            0.7544485191610798,
            0.44583680479645454,
            0.6392026174713024,
            0.21681740584472967,
            0.8836160351862405,
            0.32242573363325705,
            0.8471148436929272,
            0.026491784932231744,
            0.029291323400813283,
            0.6991775254935335,
            0.9375246722719879,
            0.38250743933112885,
            0.38250743933112885,
            0.21681740584472967,
            0.44583680479645454,
            0.1351159725207279,
            0.05734712978019507,
            0.26687849628994026,
            0.5758957701145038,
            0.5758957701145038,
            0.5758957701145038,
            0.8471148436929272,
            0.44583680479645454,
            0.9136074600438041,
            0.8471148436929272,
            0.5108662874554788,
            0.1351159725207279
        ],
        "watermarked_scores": [
            3.854258331994654e-43,
            5.213676766424362e-55,
            1.7362110680478014e-38,
            1.0772534812365856e-58,
            7.46031146955063e-42,
            1.326402664727969e-63,
            2.179690300748062e-45,
            5.363307262798507e-36,
            7.46031146955063e-42,
            2.380248302952419e-23,
            5.213676766424362e-55,
            2.1167227305473695e-41,
            2.179690300748062e-45,
            1.2878606109634313e-24,
            2.5896200748330102e-39,
            1.730111437829851e-44,
            7.865942802032404e-46,
            2.254153727876388e-61,
            2.7994120780485463e-60,
            3.113237154363594e-37,
            5.213676766424362e-55,
            9.226282199829347e-20,
            1.711047660696746e-31,
            2.0878715593694968e-94,
            3.773147184320832e-40,
            2.5902526327760896e-78,
            1.6754594504594915e-52,
            1.068603595817843e-89,
            1.7362110680478014e-38,
            5.403829695606577e-54,
            3.1240755536899586e-32,
            2.6778610703480543e-46
        ],
        "mean_vanilla_score": 0.4550622847162843,
        "mean_watermarked_score": 2.88399726069176e-21,
        "median_watermarked_score": 9.740402339523286e-45,
        "median_vanilla_score": 0.44583680479645454
    },
    "perplexity_metrics": {
        "vanilla": {
            "mean_perplexity": 6.782928466796875,
            "median_perplexity": 6.064453125,
            "perplexities": [
                4.73828125,
                4.59375,
                5.80078125,
                4.24609375,
                5.1640625,
                10.2421875,
                4.98828125,
                12.109375,
                9.8046875,
                4.93359375,
                8.3046875,
                10.8359375,
                3.76953125,
                2.05078125,
                7.94140625,
                9.75,
                10.6640625,
                5.94921875,
                7.4453125,
                5.59765625,
                8.40625,
                4.90234375,
                6.40625,
                5.40234375,
                6.1796875,
                8.1953125,
                2.181640625,
                4.6640625,
                7.7578125,
                13.9140625,
                1.6064453125,
                8.5078125
            ]
        },
        "watermarked": {
            "mean_perplexity": 92.5390625,
            "median_perplexity": 83.71875,
            "perplexities": [
                111.1875,
                33.1875,
                58.34375,
                23.484375,
                76.6875,
                80.0625,
                157.375,
                78.1875,
                146.625,
                108.5625,
                59.5,
                209.25,
                85.25,
                150.125,
                83.5625,
                140.0,
                165.625,
                158.625,
                83.875,
                57.0,
                168.875,
                93.625,
                171.5,
                6.52734375,
                51.6875,
                4.09765625,
                81.3125,
                4.984375,
                43.96875,
                55.46875,
                86.25,
                126.4375
            ]
        }
    },
    "repetition_metrics": {
        "vanilla": {
            "median_seq_rep_3": 0.025252525252525304,
            "mean_seq_rep_3": 0.04577260549659028,
            "total_rep_3": 0.05698500394632988,
            "list_seq_rep_3": [
                0.04040404040404044,
                0.1262626262626263,
                0.16161616161616166,
                0.08080808080808077,
                0.0,
                0.005050505050505083,
                0.025252525252525304,
                0.0,
                0.025252525252525304,
                0.030303030303030276,
                0.005050505050505083,
                0.025252525252525304,
                0.015228426395939132,
                0.010101010101010055,
                0.02020202020202022,
                0.0,
                0.0,
                0.02020202020202022,
                0.025252525252525304,
                0.025252525252525304,
                0.005050505050505083,
                0.06060606060606055,
                0.005050505050505083,
                0.045454545454545414,
                0.010101010101010055,
                0.04040404040404044,
                0.297979797979798,
                0.10606060606060608,
                0.030303030303030276,
                0.0,
                0.21212121212121215,
                0.010101010101010055
            ]
        },
        "watermarked": {
            "median_seq_rep_3": 0.047979797979797956,
            "mean_seq_rep_3": 0.1348695324345705,
            "total_rep_3": 0.16166245259165613,
            "list_seq_rep_3": [
                0.02030456852791873,
                0.2727272727272727,
                0.101010101010101,
                0.30456852791878175,
                0.04040404040404044,
                0.0757575757575758,
                0.025252525252525304,
                0.0357142857142857,
                0.005050505050505083,
                0.04040404040404044,
                0.11111111111111116,
                0.025380710659898442,
                0.08080808080808077,
                0.015151515151515138,
                0.10606060606060608,
                0.02020202020202022,
                0.015228426395939132,
                0.030303030303030276,
                0.045454545454545414,
                0.040609137055837574,
                0.025252525252525304,
                0.11111111111111116,
                0.010101010101010055,
                0.6616161616161615,
                0.2222222222222222,
                0.7777777777777778,
                0.055837563451776595,
                0.6919191919191919,
                0.0505050505050505,
                0.23232323232323238,
                0.06060606060606055,
                0.005050505050505083
            ]
        }
    },
    "metadata": {
        "detection_method": "kgw",
        "num_samples": 32,
        "ppl_model": "/mnt/lustrenew/mllm_safety-shared/models/huggingface/meta-llama/Meta-Llama-3.1-8B"
    }
}