{
    "detection_scores": {
        "vanilla_scores": [
            0.38250743933112885,
            0.21681740584472967,
            0.10358208597462179,
            0.10358208597462179,
            0.6392026174713024,
            0.7544485191610798,
            0.44583680479645454,
            0.6392026174713024,
            0.21681740584472967,
            0.8836160351862405,
            0.32242573363325705,
            0.8471148436929272,
            0.026491784932231744,
            0.029291323400813283,
            0.6991775254935335,
            0.9375246722719879,
            0.38250743933112885,
            0.38250743933112885,
            0.21681740584472967,
            0.44583680479645454,
            0.1351159725207279,
            0.05734712978019507,
            0.26687849628994026,
            0.5758957701145038,
            0.5758957701145038,
            0.5758957701145038,
            0.8471148436929272,
            0.44583680479645454,
            0.9136074600438041,
            0.8471148436929272,
            0.5108662874554788,
            0.1351159725207279
        ],
        "watermarked_scores": [
            0.005984616771209155,
            0.00016911265119370079,
            8.495616097290753e-07,
            0.0023926406266429954,
            0.05734712978019507,
            1.4083981957400238e-05,
            0.0005188340346265688,
            0.0008814169940861691,
            5.0819502902761e-05,
            0.17282432636257503,
            0.013792325396823218,
            9.364978073223926e-05,
            0.1351159725207279,
            0.013792325396823218,
            0.0008814169940861691,
            0.0008814169940861691,
            0.012308539746637977,
            0.0008814169940861691,
            0.0038229784327127665,
            0.005984616771209155,
            0.0014671279285978405,
            0.020305707993592128,
            0.029291323400813283,
            0.1351159725207279,
            0.00813539260549211,
            8.380496965030422e-08,
            0.00016911265119370079,
            3.6008151398279957e-06,
            0.009178679390778589,
            0.0014671279285978405,
            0.7544485191610798,
            0.10358208597462179
        ],
        "mean_vanilla_score": 0.4550622847162843,
        "mean_watermarked_score": 0.046590725733454,
        "median_watermarked_score": 0.003107809529677881,
        "median_vanilla_score": 0.44583680479645454
    },
    "perplexity_metrics": {
        "vanilla": {
            "mean_perplexity": 6.782928466796875,
            "median_perplexity": 6.064453125,
            "perplexities": [
                4.73828125,
                4.59375,
                5.80078125,
                4.24609375,
                5.1640625,
                10.2421875,
                4.98828125,
                12.109375,
                9.8046875,
                4.93359375,
                8.3046875,
                10.8359375,
                3.76953125,
                2.05078125,
                7.94140625,
                9.75,
                10.6640625,
                5.94921875,
                7.4453125,
                5.59765625,
                8.40625,
                4.90234375,
                6.40625,
                5.40234375,
                6.1796875,
                8.1953125,
                2.181640625,
                4.6640625,
                7.7578125,
                13.9140625,
                1.6064453125,
                8.5078125
            ]
        },
        "watermarked": {
            "mean_perplexity": 8.05474853515625,
            "median_perplexity": 7.236328125,
            "perplexities": [
                7.68359375,
                6.68359375,
                8.828125,
                5.5546875,
                3.376953125,
                9.90625,
                6.37109375,
                18.078125,
                9.4140625,
                7.2109375,
                11.1328125,
                17.59375,
                4.49609375,
                3.587890625,
                8.421875,
                9.7734375,
                8.625,
                7.26171875,
                6.59765625,
                6.2109375,
                5.75390625,
                4.3203125,
                9.828125,
                5.05859375,
                7.19140625,
                14.8359375,
                7.63671875,
                3.84765625,
                7.19140625,
                13.3828125,
                2.810546875,
                9.0859375
            ]
        }
    },
    "repetition_metrics": {
        "vanilla": {
            "median_seq_rep_3": 0.025252525252525304,
            "mean_seq_rep_3": 0.04577260549659028,
            "total_rep_3": 0.05698500394632988,
            "list_seq_rep_3": [
                0.04040404040404044,
                0.1262626262626263,
                0.16161616161616166,
                0.08080808080808077,
                0.0,
                0.005050505050505083,
                0.025252525252525304,
                0.0,
                0.025252525252525304,
                0.030303030303030276,
                0.005050505050505083,
                0.025252525252525304,
                0.015228426395939132,
                0.010101010101010055,
                0.02020202020202022,
                0.0,
                0.0,
                0.02020202020202022,
                0.025252525252525304,
                0.025252525252525304,
                0.005050505050505083,
                0.06060606060606055,
                0.005050505050505083,
                0.045454545454545414,
                0.010101010101010055,
                0.04040404040404044,
                0.297979797979798,
                0.10606060606060608,
                0.030303030303030276,
                0.0,
                0.21212121212121215,
                0.010101010101010055
            ]
        },
        "watermarked": {
            "median_seq_rep_3": 0.030303030303030276,
            "mean_seq_rep_3": 0.05161545659642107,
            "total_rep_3": 0.05794126934006949,
            "list_seq_rep_3": [
                0.045454545454545414,
                0.0757575757575758,
                0.030303030303030276,
                0.05555555555555558,
                0.1717171717171717,
                0.025252525252525304,
                0.02020202020202022,
                0.02020202020202022,
                0.015151515151515138,
                0.03535353535353536,
                0.030303030303030276,
                0.015151515151515138,
                0.09090909090909094,
                0.18181818181818177,
                0.005050505050505083,
                0.03535353535353536,
                0.005076142131979711,
                0.0757575757575758,
                0.025252525252525304,
                0.010101010101010055,
                0.005050505050505083,
                0.06565656565656564,
                0.0,
                0.20707070707070707,
                0.030456852791878153,
                0.0,
                0.030303030303030276,
                0.03535353535353536,
                0.015151515151515138,
                0.0,
                0.24242424242424243,
                0.0505050505050505
            ]
        }
    },
    "metadata": {
        "detection_method": "kgw",
        "num_samples": 32,
        "ppl_model": "/mnt/lustrenew/mllm_safety-shared/models/huggingface/meta-llama/Meta-Llama-3.1-8B"
    }
}