{
    "detection_scores": {
        "vanilla_scores": [
            0.38250743933112885,
            0.21681740584472967,
            0.10358208597462179,
            0.10358208597462179,
            0.6392026174713024,
            0.7544485191610798,
            0.44583680479645454,
            0.6392026174713024,
            0.21681740584472967,
            0.8836160351862405,
            0.32242573363325705,
            0.8471148436929272,
            0.026491784932231744,
            0.029291323400813283,
            0.6991775254935335,
            0.9375246722719879,
            0.38250743933112885,
            0.38250743933112885,
            0.21681740584472967,
            0.44583680479645454,
            0.1351159725207279,
            0.05734712978019507,
            0.26687849628994026,
            0.5758957701145038,
            0.5758957701145038,
            0.5758957701145038,
            0.8471148436929272,
            0.44583680479645454,
            0.9136074600438041,
            0.8471148436929272,
            0.5108662874554788,
            0.1351159725207279
        ],
        "watermarked_scores": [
            8.380496965030422e-08,
            1.7666461197620142e-06,
            2.7542100548833858e-11,
            4.665963805281391e-13,
            4.004543805359876e-07,
            1.7814755217536783e-14,
            0.0005188340346265688,
            2.891292403323301e-09,
            1.83019461498296e-15,
            1.185855146094052e-09,
            1.185855146094052e-09,
            1.6024434745223355e-13,
            8.380496965030422e-08,
            0.0002992415380524399,
            1.7666461197620142e-06,
            7.193361071692652e-06,
            4.768531402796335e-10,
            4.004543805359876e-07,
            9.364978073223926e-05,
            0.0008814169940861691,
            1.6196290272301364e-08,
            7.193361071692652e-06,
            1.8800047124413736e-10,
            0.00016911265119370079,
            3.7209798727626364e-08,
            5.0819502902761e-05,
            0.00016911265119370079,
            2.891292403323301e-09,
            3.6008151398279957e-06,
            5.3958948221818666e-14,
            0.10358208597462179,
            8.495616097290753e-07
        ],
        "mean_vanilla_score": 0.4550622847162843,
        "mean_watermarked_score": 0.003305864821585077,
        "median_watermarked_score": 2.4212967509314593e-07,
        "median_vanilla_score": 0.44583680479645454
    },
    "perplexity_metrics": {
        "vanilla": {
            "mean_perplexity": 6.782928466796875,
            "median_perplexity": 6.064453125,
            "perplexities": [
                4.73828125,
                4.59375,
                5.80078125,
                4.24609375,
                5.1640625,
                10.2421875,
                4.98828125,
                12.109375,
                9.8046875,
                4.93359375,
                8.3046875,
                10.8359375,
                3.76953125,
                2.05078125,
                7.94140625,
                9.75,
                10.6640625,
                5.94921875,
                7.4453125,
                5.59765625,
                8.40625,
                4.90234375,
                6.40625,
                5.40234375,
                6.1796875,
                8.1953125,
                2.181640625,
                4.6640625,
                7.7578125,
                13.9140625,
                1.6064453125,
                8.5078125
            ]
        },
        "watermarked": {
            "mean_perplexity": 8.72601318359375,
            "median_perplexity": 8.1640625,
            "perplexities": [
                9.46875,
                7.4921875,
                10.75,
                4.90625,
                3.58984375,
                8.2578125,
                6.125,
                14.578125,
                6.19140625,
                9.1796875,
                8.1484375,
                15.984375,
                7.15625,
                4.22265625,
                10.140625,
                10.796875,
                7.34765625,
                11.2421875,
                7.7421875,
                5.69140625,
                8.0546875,
                8.4375,
                8.859375,
                5.67578125,
                5.69921875,
                11.4921875,
                9.65625,
                8.1796875,
                6.72265625,
                21.375,
                2.873046875,
                13.1953125
            ]
        }
    },
    "repetition_metrics": {
        "vanilla": {
            "median_seq_rep_3": 0.025252525252525304,
            "mean_seq_rep_3": 0.04577260549659028,
            "total_rep_3": 0.05698500394632988,
            "list_seq_rep_3": [
                0.04040404040404044,
                0.1262626262626263,
                0.16161616161616166,
                0.08080808080808077,
                0.0,
                0.005050505050505083,
                0.025252525252525304,
                0.0,
                0.025252525252525304,
                0.030303030303030276,
                0.005050505050505083,
                0.025252525252525304,
                0.015228426395939132,
                0.010101010101010055,
                0.02020202020202022,
                0.0,
                0.0,
                0.02020202020202022,
                0.025252525252525304,
                0.025252525252525304,
                0.005050505050505083,
                0.06060606060606055,
                0.005050505050505083,
                0.045454545454545414,
                0.010101010101010055,
                0.04040404040404044,
                0.297979797979798,
                0.10606060606060608,
                0.030303030303030276,
                0.0,
                0.21212121212121215,
                0.010101010101010055
            ]
        },
        "watermarked": {
            "median_seq_rep_3": 0.03535353535353536,
            "mean_seq_rep_3": 0.04655934343434344,
            "total_rep_3": 0.05902777777777779,
            "list_seq_rep_3": [
                0.04040404040404044,
                0.101010101010101,
                0.010101010101010055,
                0.11616161616161613,
                0.16161616161616166,
                0.045454545454545414,
                0.04040404040404044,
                0.010101010101010055,
                0.07070707070707072,
                0.03535353535353536,
                0.015151515151515138,
                0.0,
                0.025252525252525304,
                0.03535353535353536,
                0.03535353535353536,
                0.030303030303030276,
                0.08080808080808077,
                0.03535353535353536,
                0.010101010101010055,
                0.0,
                0.0,
                0.005050505050505083,
                0.030303030303030276,
                0.14646464646464652,
                0.0,
                0.02020202020202022,
                0.030303030303030276,
                0.04040404040404044,
                0.03535353535353536,
                0.005050505050505083,
                0.23232323232323238,
                0.045454545454545414
            ]
        }
    },
    "metadata": {
        "detection_method": "kgw",
        "num_samples": 32,
        "ppl_model": "/mnt/lustrenew/mllm_safety-shared/models/huggingface/meta-llama/Meta-Llama-3.1-8B"
    }
}