{
    "detection_scores": {
        "vanilla_scores": [
            0.38250743933112885,
            0.21681740584472967,
            0.10358208597462179,
            0.10358208597462179,
            0.6392026174713024,
            0.7544485191610798,
            0.44583680479645454,
            0.6392026174713024,
            0.21681740584472967,
            0.8836160351862405,
            0.32242573363325705,
            0.8471148436929272,
            0.026491784932231744,
            0.029291323400813283,
            0.6991775254935335,
            0.9375246722719879,
            0.38250743933112885,
            0.38250743933112885,
            0.21681740584472967,
            0.44583680479645454,
            0.1351159725207279,
            0.05734712978019507,
            0.26687849628994026,
            0.5758957701145038,
            0.5758957701145038,
            0.5758957701145038,
            0.8471148436929272,
            0.44583680479645454,
            0.9136074600438041,
            0.8471148436929272,
            0.5108662874554788,
            0.1351159725207279
        ],
        "watermarked_scores": [
            1.7362110680478014e-38,
            6.35897836238259e-45,
            0.029291323400813283,
            8.08346693979703e-34,
            1.7362110680478014e-38,
            6.826461570384585e-66,
            0.00014143029167768795,
            2.3152787776672683e-27,
            3.207189137152643e-47,
            1.6672599345026213e-34,
            2.469713844916831e-29,
            2.345205298304431e-30,
            0.35126653820078035,
            2.5896200748330102e-39,
            1.4225156347516573e-49,
            3.7434255435132964e-48,
            1.185855146094052e-09,
            1.5439156356417757e-50,
            3.773147184320832e-40,
            4.2526428379339534e-40,
            3.207189137152643e-47,
            1.3395210011940047e-43,
            1.2346603585671602e-21,
            7.865942802032404e-46,
            2.126745393697731e-33,
            5.213676766424362e-55,
            1.3395210011940047e-43,
            0.1928680744683473,
            2.800139090960175e-46,
            2.469713844916831e-29,
            3.207189137152643e-47,
            1.3188290333392563e-23
        ],
        "mean_vanilla_score": 0.4550622847162843,
        "mean_watermarked_score": 0.017923980235858554,
        "median_watermarked_score": 9.975865377655512e-39,
        "median_vanilla_score": 0.44583680479645454
    },
    "perplexity_metrics": {
        "vanilla": {
            "mean_perplexity": 6.782928466796875,
            "median_perplexity": 6.064453125,
            "perplexities": [
                4.73828125,
                4.59375,
                5.80078125,
                4.24609375,
                5.1640625,
                10.2421875,
                4.98828125,
                12.109375,
                9.8046875,
                4.93359375,
                8.3046875,
                10.8359375,
                3.76953125,
                2.05078125,
                7.94140625,
                9.75,
                10.6640625,
                5.94921875,
                7.4453125,
                5.59765625,
                8.40625,
                4.90234375,
                6.40625,
                5.40234375,
                6.1796875,
                8.1953125,
                2.181640625,
                4.6640625,
                7.7578125,
                13.9140625,
                1.6064453125,
                8.5078125
            ]
        },
        "watermarked": {
            "mean_perplexity": 288.28692626953125,
            "median_perplexity": 270.9375,
            "perplexities": [
                538.5,
                181.125,
                441.25,
                366.0,
                366.0,
                98.5,
                51.1875,
                245.625,
                198.875,
                85.25,
                601.0,
                240.0,
                12.8671875,
                500.0,
                167.5,
                477.25,
                2.314453125,
                319.25,
                486.75,
                225.375,
                189.125,
                296.25,
                232.625,
                622.5,
                380.5,
                139.375,
                302.25,
                48.9375,
                543.0,
                421.25,
                325.5,
                119.25
            ]
        }
    },
    "repetition_metrics": {
        "vanilla": {
            "median_seq_rep_3": 0.025252525252525304,
            "mean_seq_rep_3": 0.04577260549659028,
            "total_rep_3": 0.05698500394632988,
            "list_seq_rep_3": [
                0.04040404040404044,
                0.1262626262626263,
                0.16161616161616166,
                0.08080808080808077,
                0.0,
                0.005050505050505083,
                0.025252525252525304,
                0.0,
                0.025252525252525304,
                0.030303030303030276,
                0.005050505050505083,
                0.025252525252525304,
                0.015228426395939132,
                0.010101010101010055,
                0.02020202020202022,
                0.0,
                0.0,
                0.02020202020202022,
                0.025252525252525304,
                0.025252525252525304,
                0.005050505050505083,
                0.06060606060606055,
                0.005050505050505083,
                0.045454545454545414,
                0.010101010101010055,
                0.04040404040404044,
                0.297979797979798,
                0.10606060606060608,
                0.030303030303030276,
                0.0,
                0.21212121212121215,
                0.010101010101010055
            ]
        },
        "watermarked": {
            "median_seq_rep_3": 0.09366507716761524,
            "mean_seq_rep_3": 0.16223669993152262,
            "total_rep_3": 0.18931731984829325,
            "list_seq_rep_3": [
                0.03535353535353536,
                0.09137055837563457,
                0.36868686868686873,
                0.050000000000000044,
                0.045454545454545414,
                0.1767676767676768,
                0.42639593908629436,
                0.12,
                0.06060606060606055,
                0.20707070707070707,
                0.015151515151515138,
                0.15228426395939088,
                0.6428571428571428,
                0.05555555555555558,
                0.1116751269035533,
                0.0757575757575758,
                0.8787878787878788,
                0.050761421319796995,
                0.05555555555555558,
                0.1377551020408163,
                0.09595959595959591,
                0.11111111111111116,
                0.15000000000000002,
                0.010152284263959421,
                0.055276381909547756,
                0.14141414141414144,
                0.06565656565656564,
                0.4693877551020408,
                0.010204081632653073,
                0.02020202020202022,
                0.04040404040404044,
                0.2639593908629442
            ]
        }
    },
    "metadata": {
        "detection_method": "kgw",
        "num_samples": 32,
        "ppl_model": "/mnt/lustrenew/mllm_safety-shared/models/huggingface/meta-llama/Meta-Llama-3.1-8B"
    }
}