{
    "detection_scores": {
        "vanilla_scores": [
            0.38250743933112885,
            0.21681740584472967,
            0.10358208597462179,
            0.10358208597462179,
            0.6392026174713024,
            0.7544485191610798,
            0.44583680479645454,
            0.6392026174713024,
            0.21681740584472967,
            0.8836160351862405,
            0.32242573363325705,
            0.8471148436929272,
            0.026491784932231744,
            0.029291323400813283,
            0.6991775254935335,
            0.9375246722719879,
            0.38250743933112885,
            0.38250743933112885,
            0.21681740584472967,
            0.44583680479645454,
            0.1351159725207279,
            0.05734712978019507,
            0.26687849628994026,
            0.5758957701145038,
            0.5758957701145038,
            0.5758957701145038,
            0.8471148436929272,
            0.44583680479645454,
            0.9136074600438041,
            0.8471148436929272,
            0.5108662874554788,
            0.1351159725207279
        ],
        "watermarked_scores": [
            2.9432309769801617e-27,
            4.256772933855766e-49,
            4.810247106298303e-30,
            5.369211233986705e-41,
            5.593652455987735e-24,
            1.730111437829851e-44,
            6.35897836238259e-45,
            1.228918809211306e-35,
            7.192104585134415e-39,
            3.9764892103617357e-56,
            5.012752242604624e-44,
            4.682202478479499e-50,
            2.1137410814770143e-74,
            1.1488984938008364e-36,
            9.303910575323185e-40,
            1.851690726895567e-44,
            1.4047502520858374e-56,
            4.7142258136105125e-50,
            1.1334339044757873e-30,
            5.993426199293331e-41,
            9.753438626106413e-34,
            4.2661628980687283e-23,
            3.854258331994654e-43,
            2.3163884546398445e-36,
            3.3066830580056326e-35,
            1.7362110680478014e-38,
            1.0554585713991996e-39,
            3.818197393828306e-48,
            1.6672599345026213e-34,
            5.012752242604624e-44,
            6.35897836238259e-45,
            4.8871352226551435e-56
        ],
        "mean_vanilla_score": 0.4550622847162843,
        "mean_watermarked_score": 1.5080697066413727e-24,
        "median_watermarked_score": 5.681318716640018e-41,
        "median_vanilla_score": 0.44583680479645454
    },
    "perplexity_metrics": {
        "vanilla": {
            "mean_perplexity": 6.782928466796875,
            "median_perplexity": 6.064453125,
            "perplexities": [
                4.73828125,
                4.59375,
                5.80078125,
                4.24609375,
                5.1640625,
                10.2421875,
                4.98828125,
                12.109375,
                9.8046875,
                4.93359375,
                8.3046875,
                10.8359375,
                3.76953125,
                2.05078125,
                7.94140625,
                9.75,
                10.6640625,
                5.94921875,
                7.4453125,
                5.59765625,
                8.40625,
                4.90234375,
                6.40625,
                5.40234375,
                6.1796875,
                8.1953125,
                2.181640625,
                4.6640625,
                7.7578125,
                13.9140625,
                1.6064453125,
                8.5078125
            ]
        },
        "watermarked": {
            "mean_perplexity": 279.4931640625,
            "median_perplexity": 260.0,
            "perplexities": [
                259.5,
                255.375,
                151.375,
                70.9375,
                522.0,
                255.375,
                308.0,
                338.5,
                388.0,
                22.671875,
                203.625,
                170.875,
                9.671875,
                304.5,
                131.5,
                321.75,
                165.625,
                457.25,
                385.0,
                482.75,
                419.5,
                202.125,
                193.625,
                213.375,
                361.75,
                296.25,
                512.0,
                260.5,
                558.0,
                339.75,
                222.75,
                159.875
            ]
        }
    },
    "repetition_metrics": {
        "vanilla": {
            "median_seq_rep_3": 0.025252525252525304,
            "mean_seq_rep_3": 0.04577260549659028,
            "total_rep_3": 0.05698500394632988,
            "list_seq_rep_3": [
                0.04040404040404044,
                0.1262626262626263,
                0.16161616161616166,
                0.08080808080808077,
                0.0,
                0.005050505050505083,
                0.025252525252525304,
                0.0,
                0.025252525252525304,
                0.030303030303030276,
                0.005050505050505083,
                0.025252525252525304,
                0.015228426395939132,
                0.010101010101010055,
                0.02020202020202022,
                0.0,
                0.0,
                0.02020202020202022,
                0.025252525252525304,
                0.025252525252525304,
                0.005050505050505083,
                0.06060606060606055,
                0.005050505050505083,
                0.045454545454545414,
                0.010101010101010055,
                0.04040404040404044,
                0.297979797979798,
                0.10606060606060608,
                0.030303030303030276,
                0.0,
                0.21212121212121215,
                0.010101010101010055
            ]
        },
        "watermarked": {
            "median_seq_rep_3": 0.04809516484643389,
            "mean_seq_rep_3": 0.08534807773077993,
            "total_rep_3": 0.13150380710659904,
            "list_seq_rep_3": [
                0.07070707070707072,
                0.015151515151515138,
                0.13636363636363635,
                0.25757575757575757,
                0.010101010101010055,
                0.04040404040404044,
                0.045685279187817285,
                0.025380710659898442,
                0.02030456852791873,
                0.3917525773195877,
                0.08121827411167515,
                0.07653061224489799,
                0.6464646464646464,
                0.06770833333333337,
                0.1507537688442211,
                0.015306122448979553,
                0.11675126903553301,
                0.0,
                0.0,
                0.010204081632653073,
                0.015151515151515138,
                0.07537688442211055,
                0.11675126903553301,
                0.04102564102564099,
                0.025510204081632626,
                0.0505050505050505,
                0.010152284263959421,
                0.05102040816326525,
                0.02020202020202022,
                0.060913705583756306,
                0.060913705583756306,
                0.025252525252525304
            ]
        }
    },
    "metadata": {
        "detection_method": "kgw",
        "num_samples": 32,
        "ppl_model": "/mnt/lustrenew/mllm_safety-shared/models/huggingface/meta-llama/Meta-Llama-3.1-8B"
    }
}