{
    "detection_scores": {
        "vanilla_scores": [
            0.38250743933112885,
            0.21681740584472967,
            0.10358208597462179,
            0.10358208597462179,
            0.6392026174713024,
            0.7544485191610798,
            0.44583680479645454,
            0.6392026174713024,
            0.21681740584472967,
            0.8836160351862405,
            0.32242573363325705,
            0.8471148436929272,
            0.026491784932231744,
            0.029291323400813283,
            0.6991775254935335,
            0.9375246722719879,
            0.38250743933112885,
            0.38250743933112885,
            0.21681740584472967,
            0.44583680479645454,
            0.1351159725207279,
            0.05734712978019507,
            0.26687849628994026,
            0.5758957701145038,
            0.5758957701145038,
            0.5758957701145038,
            0.8471148436929272,
            0.44583680479645454,
            0.9136074600438041,
            0.8471148436929272,
            0.5108662874554788,
            0.1351159725207279
        ],
        "watermarked_scores": [
            5.694866599381179e-16,
            3.7434255435132964e-48,
            5.403829695606577e-54,
            1.7362110680478014e-38,
            2.6778610703480543e-46,
            2.366649240822844e-71,
            6.923501491139553e-72,
            9.00804734701948e-60,
            4.256772933855766e-49,
            1.7362110680478014e-38,
            1.0119042559603408e-42,
            2.1137410814770143e-74,
            4.8871352226551435e-56,
            1.730111437829851e-44,
            1.6754594504594915e-52,
            1.326402664727969e-63,
            9.679756633112897e-65,
            2.6778610703480543e-46,
            3.113237154363594e-37,
            1.0119042559603408e-42,
            4.7142258136105125e-50,
            5.369211233986705e-41,
            7.46031146955063e-42,
            4.556155737577618e-36,
            9.485004931199938e-47,
            7.462211555594298e-35,
            3.737625320212432e-27,
            2.5896200748330102e-39,
            5.0828097750534414e-51,
            1.3395210011940047e-43,
            1.1068252291059308e-42,
            1.097079164752534e-75
        ],
        "mean_vanilla_score": 0.4550622847162843,
        "mean_watermarked_score": 1.7796458123182986e-17,
        "median_watermarked_score": 2.6778610703480543e-46,
        "median_vanilla_score": 0.44583680479645454
    },
    "perplexity_metrics": {
        "vanilla": {
            "mean_perplexity": 6.782928466796875,
            "median_perplexity": 6.064453125,
            "perplexities": [
                4.73828125,
                4.59375,
                5.80078125,
                4.24609375,
                5.1640625,
                10.2421875,
                4.98828125,
                12.109375,
                9.8046875,
                4.93359375,
                8.3046875,
                10.8359375,
                3.76953125,
                2.05078125,
                7.94140625,
                9.75,
                10.6640625,
                5.94921875,
                7.4453125,
                5.59765625,
                8.40625,
                4.90234375,
                6.40625,
                5.40234375,
                6.1796875,
                8.1953125,
                2.181640625,
                4.6640625,
                7.7578125,
                13.9140625,
                1.6064453125,
                8.5078125
            ]
        },
        "watermarked": {
            "mean_perplexity": 44.35888671875,
            "median_perplexity": 43.609375,
            "perplexities": [
                48.5625,
                16.953125,
                39.25,
                25.734375,
                47.8125,
                35.03125,
                15.703125,
                56.125,
                58.5625,
                35.375,
                49.8125,
                59.03125,
                50.0,
                46.53125,
                23.484375,
                34.3125,
                30.75,
                41.21875,
                36.15625,
                69.5625,
                92.5,
                46.25,
                23.578125,
                43.1875,
                62.34375,
                23.53125,
                29.625,
                63.09375,
                62.34375,
                71.5,
                37.53125,
                44.03125
            ]
        }
    },
    "repetition_metrics": {
        "vanilla": {
            "median_seq_rep_3": 0.025252525252525304,
            "mean_seq_rep_3": 0.04577260549659028,
            "total_rep_3": 0.05698500394632988,
            "list_seq_rep_3": [
                0.04040404040404044,
                0.1262626262626263,
                0.16161616161616166,
                0.08080808080808077,
                0.0,
                0.005050505050505083,
                0.025252525252525304,
                0.0,
                0.025252525252525304,
                0.030303030303030276,
                0.005050505050505083,
                0.025252525252525304,
                0.015228426395939132,
                0.010101010101010055,
                0.02020202020202022,
                0.0,
                0.0,
                0.02020202020202022,
                0.025252525252525304,
                0.025252525252525304,
                0.005050505050505083,
                0.06060606060606055,
                0.005050505050505083,
                0.045454545454545414,
                0.010101010101010055,
                0.04040404040404044,
                0.297979797979798,
                0.10606060606060608,
                0.030303030303030276,
                0.0,
                0.21212121212121215,
                0.010101010101010055
            ]
        },
        "watermarked": {
            "median_seq_rep_3": 0.025381364667078965,
            "mean_seq_rep_3": 0.04742071994156838,
            "total_rep_3": 0.07176730951628196,
            "list_seq_rep_3": [
                0.04040404040404044,
                0.101010101010101,
                0.005050505050505083,
                0.0505050505050505,
                0.0,
                0.09137055837563457,
                0.2222222222222222,
                0.02030456852791873,
                0.02020202020202022,
                0.02020202020202022,
                0.0,
                0.010101010101010055,
                0.06060606060606055,
                0.04040404040404044,
                0.1116751269035533,
                0.09595959595959591,
                0.101010101010101,
                0.04040404040404044,
                0.010152284263959421,
                0.02020202020202022,
                0.0,
                0.025252525252525304,
                0.16161616161616166,
                0.010101010101010055,
                0.005076142131979711,
                0.055837563451776595,
                0.025510204081632626,
                0.02020202020202022,
                0.010101010101010055,
                0.010101010101010055,
                0.056122448979591844,
                0.0757575757575758
            ]
        }
    },
    "metadata": {
        "detection_method": "kgw",
        "num_samples": 32,
        "ppl_model": "/mnt/lustrenew/mllm_safety-shared/models/huggingface/meta-llama/Meta-Llama-3.1-8B"
    }
}