{
    "detection_scores": {
        "vanilla_scores": [
            0.38250743933112885,
            0.21681740584472967,
            0.10358208597462179,
            0.10358208597462179,
            0.6392026174713024,
            0.7544485191610798,
            0.44583680479645454,
            0.6392026174713024,
            0.21681740584472967,
            0.8836160351862405,
            0.32242573363325705,
            0.8471148436929272,
            0.026491784932231744,
            0.029291323400813283,
            0.6991775254935335,
            0.9375246722719879,
            0.38250743933112885,
            0.38250743933112885,
            0.21681740584472967,
            0.44583680479645454,
            0.1351159725207279,
            0.05734712978019507,
            0.26687849628994026,
            0.5758957701145038,
            0.5758957701145038,
            0.5758957701145038,
            0.8471148436929272,
            0.44583680479645454,
            0.9136074600438041,
            0.8471148436929272,
            0.5108662874554788,
            0.1351159725207279
        ],
        "watermarked_scores": [
            0.004686363476431044,
            4.556155737577618e-36,
            5.369211233986705e-41,
            3.113237154363594e-37,
            1.0119042559603408e-42,
            3.0542659812761563e-68,
            1.757712950570242e-62,
            5.4440730842594115e-53,
            9.00804734701948e-60,
            5.369211233986705e-41,
            4.556155737577618e-36,
            2.787241995807037e-35,
            1.730111437829851e-44,
            1.275954483116802e-48,
            2.891292403323301e-09,
            1.757712950570242e-62,
            2.254153727876388e-61,
            1.068603595817843e-89,
            4.876583314404248e-16,
            1.2338456690107672e-18,
            1.757712950570242e-62,
            8.940509463970013e-05,
            3.207189137152643e-47,
            1.6306942479319055e-51,
            1.1145838724702722e-47,
            9.303910575323185e-40,
            3.773147184320832e-40,
            2.469713844916831e-29,
            4.7142258136105125e-50,
            1.0119042559603408e-42,
            4.183831660073813e-43,
            1.097079164752534e-75
        ],
        "mean_vanilla_score": 0.4550622847162843,
        "mean_watermarked_score": 0.00014924285819886365,
        "median_watermarked_score": 7.15143710983861e-43,
        "median_vanilla_score": 0.44583680479645454
    },
    "perplexity_metrics": {
        "vanilla": {
            "mean_perplexity": 6.782928466796875,
            "median_perplexity": 6.064453125,
            "perplexities": [
                4.73828125,
                4.59375,
                5.80078125,
                4.24609375,
                5.1640625,
                10.2421875,
                4.98828125,
                12.109375,
                9.8046875,
                4.93359375,
                8.3046875,
                10.8359375,
                3.76953125,
                2.05078125,
                7.94140625,
                9.75,
                10.6640625,
                5.94921875,
                7.4453125,
                5.59765625,
                8.40625,
                4.90234375,
                6.40625,
                5.40234375,
                6.1796875,
                8.1953125,
                2.181640625,
                4.6640625,
                7.7578125,
                13.9140625,
                1.6064453125,
                8.5078125
            ]
        },
        "watermarked": {
            "mean_perplexity": 1849.98486328125,
            "median_perplexity": 339.125,
            "perplexities": [
                15256.0,
                711.0,
                303.25,
                290.5,
                297.5,
                221.0,
                108.5625,
                376.0,
                35.25,
                751.0,
                287.25,
                771.5,
                408.25,
                191.25,
                15496.0,
                346.5,
                331.75,
                19.421875,
                2064.0,
                6984.0,
                299.75,
                9696.0,
                551.5,
                291.75,
                229.0,
                736.0,
                566.5,
                673.0,
                252.5,
                436.25,
                173.5,
                43.78125
            ]
        }
    },
    "repetition_metrics": {
        "vanilla": {
            "median_seq_rep_3": 0.025252525252525304,
            "mean_seq_rep_3": 0.04577260549659028,
            "total_rep_3": 0.05698500394632988,
            "list_seq_rep_3": [
                0.04040404040404044,
                0.1262626262626263,
                0.16161616161616166,
                0.08080808080808077,
                0.0,
                0.005050505050505083,
                0.025252525252525304,
                0.0,
                0.025252525252525304,
                0.030303030303030276,
                0.005050505050505083,
                0.025252525252525304,
                0.015228426395939132,
                0.010101010101010055,
                0.02020202020202022,
                0.0,
                0.0,
                0.02020202020202022,
                0.025252525252525304,
                0.025252525252525304,
                0.005050505050505083,
                0.06060606060606055,
                0.005050505050505083,
                0.045454545454545414,
                0.010101010101010055,
                0.04040404040404044,
                0.297979797979798,
                0.10606060606060608,
                0.030303030303030276,
                0.0,
                0.21212121212121215,
                0.010101010101010055
            ]
        },
        "watermarked": {
            "median_seq_rep_3": 0.04050658872993901,
            "mean_seq_rep_3": 0.08292891077825124,
            "total_rep_3": 0.0975686769813704,
            "list_seq_rep_3": [
                0.11822660098522164,
                0.005050505050505083,
                0.010101010101010055,
                0.040609137055837574,
                0.06565656565656564,
                0.10606060606060608,
                0.202020202020202,
                0.0,
                0.37055837563451777,
                0.005050505050505083,
                0.12121212121212122,
                0.0,
                0.04040404040404044,
                0.10659898477157359,
                0.0,
                0.08080808080808077,
                0.0,
                0.5404040404040404,
                0.01025641025641022,
                0.0,
                0.0505050505050505,
                0.0,
                0.010101010101010055,
                0.07614213197969544,
                0.11675126903553301,
                0.005025125628140725,
                0.0,
                0.010101010101010055,
                0.06565656565656564,
                0.025252525252525304,
                0.09743589743589742,
                0.3737373737373737
            ]
        }
    },
    "metadata": {
        "detection_method": "kgw",
        "num_samples": 32,
        "ppl_model": "/mnt/lustrenew/mllm_safety-shared/models/huggingface/meta-llama/Meta-Llama-3.1-8B"
    }
}