{
    "detection_scores": {
        "vanilla_scores": [
            0.38250743933112885,
            0.21681740584472967,
            0.10358208597462179,
            0.10358208597462179,
            0.6392026174713024,
            0.7544485191610798,
            0.44583680479645454,
            0.6392026174713024,
            0.21681740584472967,
            0.8836160351862405,
            0.32242573363325705,
            0.8471148436929272,
            0.026491784932231744,
            0.029291323400813283,
            0.6991775254935335,
            0.9375246722719879,
            0.38250743933112885,
            0.38250743933112885,
            0.21681740584472967,
            0.44583680479645454,
            0.1351159725207279,
            0.05734712978019507,
            0.26687849628994026,
            0.5758957701145038,
            0.5758957701145038,
            0.5758957701145038,
            0.8471148436929272,
            0.44583680479645454,
            0.9136074600438041,
            0.8471148436929272,
            0.5108662874554788,
            0.1351159725207279
        ],
        "watermarked_scores": [
            0.14686929060999174,
            5.403829695606577e-54,
            3.10448692385046e-33,
            7.193361071692652e-06,
            3.1009858648626574e-92,
            1.4069370363719665e-57,
            1.228918809211306e-35,
            7.298669883915348e-61,
            8.144736166484682e-84,
            1.2413159516351698e-28,
            1.2205372530280166e-29,
            5.127311878342585e-07,
            0.010317077720794246,
            1.097079164752534e-75,
            7.232960430434288e-27,
            4.256772933855766e-49,
            3.773147184320832e-40,
            2.37636098378063e-34,
            0.1906260729934425,
            0.06428432578478503,
            3.0911820708659857e-91,
            0.6227297298971823,
            2.9432309769801617e-27,
            6.1083709381796425e-28,
            0.05734712978019507,
            3.904520940793803e-73,
            5.4440730842594115e-53,
            1.7814755217536783e-14,
            5.5809499869590474e-33,
            7.255778590773299e-24,
            5.0828097750534414e-51,
            1.0772534812365856e-58
        ],
        "mean_vanilla_score": 0.4550622847162843,
        "mean_watermarked_score": 0.03413066665245838,
        "median_watermarked_score": 4.3427184554047535e-33,
        "median_vanilla_score": 0.44583680479645454
    },
    "perplexity_metrics": {
        "vanilla": {
            "mean_perplexity": 6.782928466796875,
            "median_perplexity": 6.064453125,
            "perplexities": [
                4.73828125,
                4.59375,
                5.80078125,
                4.24609375,
                5.1640625,
                10.2421875,
                4.98828125,
                12.109375,
                9.8046875,
                4.93359375,
                8.3046875,
                10.8359375,
                3.76953125,
                2.05078125,
                7.94140625,
                9.75,
                10.6640625,
                5.94921875,
                7.4453125,
                5.59765625,
                8.40625,
                4.90234375,
                6.40625,
                5.40234375,
                6.1796875,
                8.1953125,
                2.181640625,
                4.6640625,
                7.7578125,
                13.9140625,
                1.6064453125,
                8.5078125
            ]
        },
        "watermarked": {
            "mean_perplexity": 5235.4423828125,
            "median_perplexity": 395.375,
            "perplexities": [
                18688.0,
                459.0,
                209.25,
                2242.0,
                5.64453125,
                298.75,
                605.5,
                49.625,
                84.25,
                2114.0,
                673.0,
                23824.0,
                964.0,
                50.90625,
                1739.0,
                268.75,
                272.0,
                290.5,
                54944.0,
                54528.0,
                4.74609375,
                325.5,
                971.5,
                927.0,
                21.796875,
                18.4375,
                331.75,
                216.75,
                655.0,
                1006.5,
                169.5,
                575.5
            ]
        }
    },
    "repetition_metrics": {
        "vanilla": {
            "median_seq_rep_3": 0.025252525252525304,
            "mean_seq_rep_3": 0.04577260549659028,
            "total_rep_3": 0.05698500394632988,
            "list_seq_rep_3": [
                0.04040404040404044,
                0.1262626262626263,
                0.16161616161616166,
                0.08080808080808077,
                0.0,
                0.005050505050505083,
                0.025252525252525304,
                0.0,
                0.025252525252525304,
                0.030303030303030276,
                0.005050505050505083,
                0.025252525252525304,
                0.015228426395939132,
                0.010101010101010055,
                0.02020202020202022,
                0.0,
                0.0,
                0.02020202020202022,
                0.025252525252525304,
                0.025252525252525304,
                0.005050505050505083,
                0.06060606060606055,
                0.005050505050505083,
                0.045454545454545414,
                0.010101010101010055,
                0.04040404040404044,
                0.297979797979798,
                0.10606060606060608,
                0.030303030303030276,
                0.0,
                0.21212121212121215,
                0.010101010101010055
            ]
        },
        "watermarked": {
            "median_seq_rep_3": 0.047979797979797956,
            "mean_seq_rep_3": 0.15883514746927796,
            "total_rep_3": 0.17350951706779927,
            "list_seq_rep_3": [
                0.0,
                0.03535353535353536,
                0.04102564102564099,
                0.0,
                0.700507614213198,
                0.07537688442211055,
                0.030456852791878153,
                0.4314720812182741,
                0.21717171717171713,
                0.0,
                0.025380710659898442,
                0.0,
                0.22815533980582525,
                0.3535353535353535,
                0.005076142131979711,
                0.045454545454545414,
                0.06060606060606055,
                0.061855670103092786,
                0.0,
                0.0,
                0.7575757575757576,
                0.4328358208955224,
                0.03535353535353536,
                0.0,
                0.5353535353535354,
                0.5151515151515151,
                0.08080808080808077,
                0.1767676767676768,
                0.0505050505050505,
                0.0,
                0.1717171717171717,
                0.015228426395939132
            ]
        }
    },
    "metadata": {
        "detection_method": "kgw",
        "num_samples": 32,
        "ppl_model": "/mnt/lustrenew/mllm_safety-shared/models/huggingface/meta-llama/Meta-Llama-3.1-8B"
    }
}