{
    "detection_scores": {
        "vanilla_scores": [
            0.38250743933112885,
            0.21681740584472967,
            0.10358208597462179,
            0.10358208597462179,
            0.6392026174713024,
            0.7544485191610798,
            0.44583680479645454,
            0.6392026174713024,
            0.21681740584472967,
            0.8836160351862405,
            0.32242573363325705,
            0.8471148436929272,
            0.026491784932231744,
            0.029291323400813283,
            0.6991775254935335,
            0.9375246722719879,
            0.38250743933112885,
            0.38250743933112885,
            0.21681740584472967,
            0.44583680479645454,
            0.1351159725207279,
            0.05734712978019507,
            0.26687849628994026,
            0.5758957701145038,
            0.5758957701145038,
            0.5758957701145038,
            0.8471148436929272,
            0.44583680479645454,
            0.9136074600438041,
            0.8471148436929272,
            0.5108662874554788,
            0.1351159725207279
        ],
        "watermarked_scores": [
            5.369211233986705e-41,
            2.179690300748062e-45,
            4.810247106298303e-30,
            2.5896200748330102e-39,
            5.7264834253006865e-62,
            5.0828097750534414e-51,
            1.7362110680478014e-38,
            4.7142258136105125e-50,
            5.012752242604624e-44,
            1.1373502558397022e-37,
            2.6778610703480543e-46,
            1.5990623480424934e-52,
            7.46031146955063e-42,
            7.46031146955063e-42,
            7.281123580937401e-37,
            3.773147184320832e-40,
            1.3395210011940047e-43,
            5.333330207674378e-52,
            7.462211555594298e-35,
            1.0119042559603408e-42,
            3.773147184320832e-40,
            7.255778590773299e-24,
            1.4607012240706947e-32,
            1.228918809211306e-35,
            5.369211233986705e-41,
            1.3887540736433585e-26,
            2.0871979067663323e-82,
            9.226282199829347e-20,
            1.730111437829851e-44,
            5.403829695606577e-54,
            5.012752242604624e-44,
            1.0119042559603408e-42
        ],
        "mean_vanilla_score": 0.4550622847162843,
        "mean_watermarked_score": 2.88344036466406e-21,
        "median_watermarked_score": 7.46031146955063e-42,
        "median_vanilla_score": 0.44583680479645454
    },
    "perplexity_metrics": {
        "vanilla": {
            "mean_perplexity": 6.782928466796875,
            "median_perplexity": 6.064453125,
            "perplexities": [
                4.73828125,
                4.59375,
                5.80078125,
                4.24609375,
                5.1640625,
                10.2421875,
                4.98828125,
                12.109375,
                9.8046875,
                4.93359375,
                8.3046875,
                10.8359375,
                3.76953125,
                2.05078125,
                7.94140625,
                9.75,
                10.6640625,
                5.94921875,
                7.4453125,
                5.59765625,
                8.40625,
                4.90234375,
                6.40625,
                5.40234375,
                6.1796875,
                8.1953125,
                2.181640625,
                4.6640625,
                7.7578125,
                13.9140625,
                1.6064453125,
                8.5078125
            ]
        },
        "watermarked": {
            "mean_perplexity": 123.4619140625,
            "median_perplexity": 132.5,
            "perplexities": [
                120.6875,
                133.5,
                165.625,
                159.875,
                30.75,
                211.0,
                153.75,
                164.25,
                190.625,
                90.75,
                119.25,
                142.75,
                95.4375,
                75.1875,
                158.625,
                142.75,
                41.21875,
                149.0,
                120.6875,
                131.5,
                164.25,
                146.125,
                186.875,
                105.25,
                94.6875,
                110.75,
                6.41796875,
                4.83203125,
                150.75,
                115.5625,
                145.0,
                123.0625
            ]
        }
    },
    "repetition_metrics": {
        "vanilla": {
            "median_seq_rep_3": 0.025252525252525304,
            "mean_seq_rep_3": 0.04577260549659028,
            "total_rep_3": 0.05698500394632988,
            "list_seq_rep_3": [
                0.04040404040404044,
                0.1262626262626263,
                0.16161616161616166,
                0.08080808080808077,
                0.0,
                0.005050505050505083,
                0.025252525252525304,
                0.0,
                0.025252525252525304,
                0.030303030303030276,
                0.005050505050505083,
                0.025252525252525304,
                0.015228426395939132,
                0.010101010101010055,
                0.02020202020202022,
                0.0,
                0.0,
                0.02020202020202022,
                0.025252525252525304,
                0.025252525252525304,
                0.005050505050505083,
                0.06060606060606055,
                0.005050505050505083,
                0.045454545454545414,
                0.010101010101010055,
                0.04040404040404044,
                0.297979797979798,
                0.10606060606060608,
                0.030303030303030276,
                0.0,
                0.21212121212121215,
                0.010101010101010055
            ]
        },
        "watermarked": {
            "median_seq_rep_3": 0.030534548844918685,
            "mean_seq_rep_3": 0.09339052595941645,
            "total_rep_3": 0.1275889328063241,
            "list_seq_rep_3": [
                0.025252525252525304,
                0.030303030303030276,
                0.025252525252525304,
                0.030303030303030276,
                0.40609137055837563,
                0.010101010101010055,
                0.03535353535353536,
                0.005050505050505083,
                0.030456852791878153,
                0.06565656565656564,
                0.0505050505050505,
                0.04102564102564099,
                0.09595959595959591,
                0.19191919191919193,
                0.025252525252525304,
                0.02020202020202022,
                0.202020202020202,
                0.045454545454545414,
                0.030456852791878153,
                0.03535353535353536,
                0.005050505050505083,
                0.030612244897959218,
                0.030456852791878153,
                0.02030456852791873,
                0.05555555555555558,
                0.005050505050505083,
                0.6212121212121212,
                0.6919191919191919,
                0.05555555555555558,
                0.0,
                0.02030456852791873,
                0.0505050505050505
            ]
        }
    },
    "metadata": {
        "detection_method": "kgw",
        "num_samples": 32,
        "ppl_model": "/mnt/lustrenew/mllm_safety-shared/models/huggingface/meta-llama/Meta-Llama-3.1-8B"
    }
}