{
    "detection_scores": {
        "vanilla_scores": [
            0.38250743933112885,
            0.21681740584472967,
            0.10358208597462179,
            0.10358208597462179,
            0.6392026174713024,
            0.7544485191610798,
            0.44583680479645454,
            0.6392026174713024,
            0.21681740584472967,
            0.8836160351862405,
            0.32242573363325705,
            0.8471148436929272,
            0.026491784932231744,
            0.029291323400813283,
            0.6991775254935335,
            0.9375246722719879,
            0.38250743933112885,
            0.38250743933112885,
            0.21681740584472967,
            0.44583680479645454,
            0.1351159725207279,
            0.05734712978019507,
            0.26687849628994026,
            0.5758957701145038,
            0.5758957701145038,
            0.5758957701145038,
            0.8471148436929272,
            0.44583680479645454,
            0.9136074600438041,
            0.8471148436929272,
            0.5108662874554788,
            0.1351159725207279
        ],
        "watermarked_scores": [
            5.694866599381179e-16,
            1.711047660696746e-31,
            5.5809499869590474e-33,
            6.1083709381796425e-28,
            6.417595140328996e-26,
            7.46031146955063e-42,
            2.5847254272870104e-12,
            1.6672599345026213e-34,
            4.810247106298303e-30,
            2.787241995807037e-35,
            6.417595140328996e-26,
            2.380248302952419e-23,
            3.697265259554939e-21,
            1.0234594838755463e-11,
            1.711047660696746e-31,
            6.1083709381796425e-28,
            6.367535581220604e-21,
            2.448289219524794e-20,
            9.170461555778119e-31,
            9.923906683417619e-23,
            1.7373044104054395e-16,
            2.448289219524794e-20,
            9.226282199829347e-20,
            3.76877066645897e-15,
            1.523466595091507e-17,
            2.904737994041419e-25,
            9.226282199829347e-20,
            2.9432309769801617e-27,
            5.766690882776088e-15,
            5.593652455987735e-24,
            5.593652455987735e-24,
            1.6024434745223355e-13
        ],
        "mean_vanilla_score": 0.4550622847162843,
        "mean_watermarked_score": 4.0593308657817974e-13,
        "median_watermarked_score": 1.4698067742755962e-23,
        "median_vanilla_score": 0.44583680479645454
    },
    "perplexity_metrics": {
        "vanilla": {
            "mean_perplexity": 6.782928466796875,
            "median_perplexity": 6.064453125,
            "perplexities": [
                4.73828125,
                4.59375,
                5.80078125,
                4.24609375,
                5.1640625,
                10.2421875,
                4.98828125,
                12.109375,
                9.8046875,
                4.93359375,
                8.3046875,
                10.8359375,
                3.76953125,
                2.05078125,
                7.94140625,
                9.75,
                10.6640625,
                5.94921875,
                7.4453125,
                5.59765625,
                8.40625,
                4.90234375,
                6.40625,
                5.40234375,
                6.1796875,
                8.1953125,
                2.181640625,
                4.6640625,
                7.7578125,
                13.9140625,
                1.6064453125,
                8.5078125
            ]
        },
        "watermarked": {
            "mean_perplexity": 37.365234375,
            "median_perplexity": 34.171875,
            "perplexities": [
                41.6875,
                36.21875,
                20.890625,
                6.99609375,
                40.09375,
                17.90625,
                120.6875,
                34.3125,
                69.3125,
                3.09765625,
                23.078125,
                18.828125,
                19.5,
                11.2421875,
                38.875,
                58.8125,
                10.9453125,
                36.65625,
                19.5,
                35.03125,
                27.1875,
                34.03125,
                28.046875,
                34.90625,
                33.78125,
                37.96875,
                100.0,
                31.84375,
                57.65625,
                64.5625,
                21.59375,
                60.4375
            ]
        }
    },
    "repetition_metrics": {
        "vanilla": {
            "median_seq_rep_3": 0.025252525252525304,
            "mean_seq_rep_3": 0.04577260549659028,
            "total_rep_3": 0.05698500394632988,
            "list_seq_rep_3": [
                0.04040404040404044,
                0.1262626262626263,
                0.16161616161616166,
                0.08080808080808077,
                0.0,
                0.005050505050505083,
                0.025252525252525304,
                0.0,
                0.025252525252525304,
                0.030303030303030276,
                0.005050505050505083,
                0.025252525252525304,
                0.015228426395939132,
                0.010101010101010055,
                0.02020202020202022,
                0.0,
                0.0,
                0.02020202020202022,
                0.025252525252525304,
                0.025252525252525304,
                0.005050505050505083,
                0.06060606060606055,
                0.005050505050505083,
                0.045454545454545414,
                0.010101010101010055,
                0.04040404040404044,
                0.297979797979798,
                0.10606060606060608,
                0.030303030303030276,
                0.0,
                0.21212121212121215,
                0.010101010101010055
            ]
        },
        "watermarked": {
            "median_seq_rep_3": 0.043031841255191494,
            "mean_seq_rep_3": 0.09269487386555915,
            "total_rep_3": 0.11100584241275857,
            "list_seq_rep_3": [
                0.045454545454545414,
                0.07070707070707072,
                0.09090909090909094,
                0.3232323232323232,
                0.010101010101010055,
                0.1515151515151515,
                0.040609137055837574,
                0.06565656565656564,
                0.005050505050505083,
                0.6818181818181819,
                0.005050505050505083,
                0.101010101010101,
                0.19796954314720816,
                0.21717171717171713,
                0.010101010101010055,
                0.025252525252525304,
                0.19696969696969702,
                0.03535353535353536,
                0.025252525252525304,
                0.0,
                0.03535353535353536,
                0.06060606060606055,
                0.0757575757575758,
                0.07614213197969544,
                0.025252525252525304,
                0.02020202020202022,
                0.06060606060606055,
                0.04040404040404044,
                0.03535353535353536,
                0.015151515151515138,
                0.19696969696969702,
                0.025252525252525304
            ]
        }
    },
    "metadata": {
        "detection_method": "kgw",
        "num_samples": 32,
        "ppl_model": "/mnt/lustrenew/mllm_safety-shared/models/huggingface/meta-llama/Meta-Llama-3.1-8B"
    }
}