{
    "detection_scores": {
        "vanilla_scores": [
            0.38250743933112885,
            0.21681740584472967,
            0.10358208597462179,
            0.10358208597462179,
            0.6392026174713024,
            0.7544485191610798,
            0.44583680479645454,
            0.6392026174713024,
            0.21681740584472967,
            0.8836160351862405,
            0.32242573363325705,
            0.8471148436929272,
            0.026491784932231744,
            0.029291323400813283,
            0.6991775254935335,
            0.9375246722719879,
            0.38250743933112885,
            0.38250743933112885,
            0.21681740584472967,
            0.44583680479645454,
            0.1351159725207279,
            0.05734712978019507,
            0.26687849628994026,
            0.5758957701145038,
            0.5758957701145038,
            0.5758957701145038,
            0.8471148436929272,
            0.44583680479645454,
            0.9136074600438041,
            0.8471148436929272,
            0.5108662874554788,
            0.1351159725207279
        ],
        "watermarked_scores": [
            0.31270724384361215,
            1.7362110680478014e-38,
            2.673293587114147e-37,
            8.502019604883155e-37,
            1.82748023197006e-23,
            2.9432309769801617e-27,
            2.0466170056615923e-19,
            3.61473129104477e-37,
            1.7419831813834578e-54,
            1.3395210011940047e-43,
            1.1068252291059308e-42,
            6.417595140328996e-26,
            1.9928797048360193e-34,
            1.9018261687129847e-41,
            2.144966738613285e-08,
            1.523466595091507e-17,
            4.2462459267146577e-19,
            1.6230374204039128e-21,
            0.28632840292285605,
            2.787241995807037e-35,
            0.0010694248098309682,
            0.5908297691592475,
            6.367535581220604e-21,
            1.6642157988793997e-24,
            2.1554937499661605e-08,
            2.9432309769801617e-27,
            3.1000907203657105e-28,
            4.2504381667832667e-13,
            3.5759011344670814e-31,
            0.0005188340346265688,
            3.3066830580056326e-35,
            1.1334339044757873e-30
        ],
        "mean_vanilla_score": 0.4550622847162843,
        "mean_watermarked_score": 0.0372329286804751,
        "median_watermarked_score": 3.355959119013506e-26,
        "median_vanilla_score": 0.44583680479645454
    },
    "perplexity_metrics": {
        "vanilla": {
            "mean_perplexity": 6.782928466796875,
            "median_perplexity": 6.064453125,
            "perplexities": [
                4.73828125,
                4.59375,
                5.80078125,
                4.24609375,
                5.1640625,
                10.2421875,
                4.98828125,
                12.109375,
                9.8046875,
                4.93359375,
                8.3046875,
                10.8359375,
                3.76953125,
                2.05078125,
                7.94140625,
                9.75,
                10.6640625,
                5.94921875,
                7.4453125,
                5.59765625,
                8.40625,
                4.90234375,
                6.40625,
                5.40234375,
                6.1796875,
                8.1953125,
                2.181640625,
                4.6640625,
                7.7578125,
                13.9140625,
                1.6064453125,
                8.5078125
            ]
        },
        "watermarked": {
            "mean_perplexity": Infinity,
            "median_perplexity": 883.0,
            "perplexities": [
                Infinity,
                1071.0,
                289.5,
                753.5,
                1932.0,
                1163.0,
                434.5,
                1517.0,
                164.875,
                613.0,
                575.5,
                582.5,
                416.25,
                492.25,
                24000.0,
                3174.0,
                2268.0,
                2480.0,
                Infinity,
                138.875,
                Infinity,
                Infinity,
                971.5,
                670.5,
                5568.0,
                553.5,
                639.5,
                176.875,
                787.0,
                10992.0,
                898.5,
                867.5
            ]
        }
    },
    "repetition_metrics": {
        "vanilla": {
            "median_seq_rep_3": 0.025252525252525304,
            "mean_seq_rep_3": 0.04577260549659028,
            "total_rep_3": 0.05698500394632988,
            "list_seq_rep_3": [
                0.04040404040404044,
                0.1262626262626263,
                0.16161616161616166,
                0.08080808080808077,
                0.0,
                0.005050505050505083,
                0.025252525252525304,
                0.0,
                0.025252525252525304,
                0.030303030303030276,
                0.005050505050505083,
                0.025252525252525304,
                0.015228426395939132,
                0.010101010101010055,
                0.02020202020202022,
                0.0,
                0.0,
                0.02020202020202022,
                0.025252525252525304,
                0.025252525252525304,
                0.005050505050505083,
                0.06060606060606055,
                0.005050505050505083,
                0.045454545454545414,
                0.010101010101010055,
                0.04040404040404044,
                0.297979797979798,
                0.10606060606060608,
                0.030303030303030276,
                0.0,
                0.21212121212121215,
                0.010101010101010055
            ]
        },
        "watermarked": {
            "median_seq_rep_3": 0.022755102040816322,
            "mean_seq_rep_3": 0.041685297417334996,
            "total_rep_3": 0.0700156985871272,
            "list_seq_rep_3": [
                0.0,
                0.08585858585858586,
                0.1306532663316583,
                0.0,
                0.020000000000000018,
                0.010101010101010055,
                0.055837563451776595,
                0.01538461538461533,
                0.12562814070351758,
                0.10606060606060608,
                0.04591836734693877,
                0.07070707070707072,
                0.05102040816326525,
                0.03015075376884424,
                0.0,
                0.0,
                0.00497512437810943,
                0.0,
                0.0,
                0.24747474747474751,
                0.0,
                0.0,
                0.005050505050505083,
                0.056122448979591844,
                0.04390243902439028,
                0.0505050505050505,
                0.035532994923857864,
                0.09230769230769231,
                0.015075376884422065,
                0.005050505050505083,
                0.025510204081632626,
                0.005102040816326481
            ]
        }
    },
    "metadata": {
        "detection_method": "kgw",
        "num_samples": 32,
        "ppl_model": "/mnt/lustrenew/mllm_safety-shared/models/huggingface/meta-llama/Meta-Llama-3.1-8B"
    }
}