{
    "detection_scores": {
        "vanilla_scores": [
            0.38250743933112885,
            0.21681740584472967,
            0.10358208597462179,
            0.10358208597462179,
            0.6392026174713024,
            0.7544485191610798,
            0.44583680479645454,
            0.6392026174713024,
            0.21681740584472967,
            0.8836160351862405,
            0.32242573363325705,
            0.8471148436929272,
            0.026491784932231744,
            0.029291323400813283,
            0.6991775254935335,
            0.9375246722719879,
            0.38250743933112885,
            0.38250743933112885,
            0.21681740584472967,
            0.44583680479645454,
            0.1351159725207279,
            0.05734712978019507,
            0.26687849628994026,
            0.5758957701145038,
            0.5758957701145038,
            0.5758957701145038,
            0.8471148436929272,
            0.44583680479645454,
            0.9136074600438041,
            0.8471148436929272,
            0.5108662874554788,
            0.1351159725207279
        ],
        "watermarked_scores": [
            7.281123580937401e-37,
            2.787241995807037e-35,
            3.3687372541179135e-59,
            1.3887540736433585e-26,
            3.1240755536899586e-32,
            3.904520940793803e-73,
            5.0828097750534414e-51,
            4.256772933855766e-49,
            2.254153727876388e-61,
            1.2413159516351698e-28,
            5.369211233986705e-41,
            5.403829695606577e-54,
            9.753438626106413e-34,
            2.448289219524794e-20,
            4.810247106298303e-30,
            1.3395210011940047e-43,
            2.6778610703480543e-46,
            2.3063353935248605e-45,
            5.403829695606577e-54,
            2.6778610703480543e-46,
            1.2413159516351698e-28,
            1.293271162234407e-48,
            2.787241995807037e-35,
            5.0828097750534414e-51,
            5.5809499869590474e-33,
            1.1373502558397022e-37,
            5.5809499869590474e-33,
            2.9432309769801617e-27,
            1.2075041340350265e-25,
            1.7362110680478014e-38,
            2.179690300748062e-45,
            1.1373502558397022e-37
        ],
        "mean_vanilla_score": 0.4550622847162843,
        "mean_watermarked_score": 7.650946884234353e-22,
        "median_watermarked_score": 6.554856813222411e-38,
        "median_vanilla_score": 0.44583680479645454
    },
    "perplexity_metrics": {
        "vanilla": {
            "mean_perplexity": 6.782928466796875,
            "median_perplexity": 6.064453125,
            "perplexities": [
                4.73828125,
                4.59375,
                5.80078125,
                4.24609375,
                5.1640625,
                10.2421875,
                4.98828125,
                12.109375,
                9.8046875,
                4.93359375,
                8.3046875,
                10.8359375,
                3.76953125,
                2.05078125,
                7.94140625,
                9.75,
                10.6640625,
                5.94921875,
                7.4453125,
                5.59765625,
                8.40625,
                4.90234375,
                6.40625,
                5.40234375,
                6.1796875,
                8.1953125,
                2.181640625,
                4.6640625,
                7.7578125,
                13.9140625,
                1.6064453125,
                8.5078125
            ]
        },
        "watermarked": {
            "mean_perplexity": 38.87353515625,
            "median_perplexity": 39.84375,
            "perplexities": [
                48.84375,
                81.9375,
                40.8125,
                27.671875,
                38.25,
                17.515625,
                31.359375,
                11.9921875,
                22.1875,
                4.52734375,
                34.625,
                53.96875,
                44.03125,
                20.796875,
                17.109375,
                43.78125,
                57.65625,
                64.8125,
                42.03125,
                54.59375,
                31.46875,
                7.40234375,
                48.65625,
                50.40625,
                43.4375,
                29.390625,
                64.5625,
                38.875,
                59.28125,
                54.28125,
                24.5625,
                33.125
            ]
        }
    },
    "repetition_metrics": {
        "vanilla": {
            "median_seq_rep_3": 0.025252525252525304,
            "mean_seq_rep_3": 0.04577260549659028,
            "total_rep_3": 0.05698500394632988,
            "list_seq_rep_3": [
                0.04040404040404044,
                0.1262626262626263,
                0.16161616161616166,
                0.08080808080808077,
                0.0,
                0.005050505050505083,
                0.025252525252525304,
                0.0,
                0.025252525252525304,
                0.030303030303030276,
                0.005050505050505083,
                0.025252525252525304,
                0.015228426395939132,
                0.010101010101010055,
                0.02020202020202022,
                0.0,
                0.0,
                0.02020202020202022,
                0.025252525252525304,
                0.025252525252525304,
                0.005050505050505083,
                0.06060606060606055,
                0.005050505050505083,
                0.045454545454545414,
                0.010101010101010055,
                0.04040404040404044,
                0.297979797979798,
                0.10606060606060608,
                0.030303030303030276,
                0.0,
                0.21212121212121215,
                0.010101010101010055
            ]
        },
        "watermarked": {
            "median_seq_rep_3": 0.04040404040404044,
            "mean_seq_rep_3": 0.10944936524493382,
            "total_rep_3": 0.14044233807266981,
            "list_seq_rep_3": [
                0.02020202020202022,
                0.025252525252525304,
                0.05555555555555558,
                0.1262626262626263,
                0.04040404040404044,
                0.2828282828282829,
                0.03535353535353536,
                0.33838383838383834,
                0.2828282828282829,
                0.6818181818181819,
                0.045454545454545414,
                0.045454545454545414,
                0.04040404040404044,
                0.010101010101010055,
                0.2676767676767676,
                0.045454545454545414,
                0.005050505050505083,
                0.025510204081632626,
                0.025252525252525304,
                0.015151515151515138,
                0.0,
                0.4870466321243523,
                0.010101010101010055,
                0.10606060606060608,
                0.06060606060606055,
                0.005050505050505083,
                0.025252525252525304,
                0.19696969696969702,
                0.015075376884422065,
                0.025252525252525304,
                0.14141414141414144,
                0.015151515151515138
            ]
        }
    },
    "metadata": {
        "detection_method": "kgw",
        "num_samples": 32,
        "ppl_model": "/mnt/lustrenew/mllm_safety-shared/models/huggingface/meta-llama/Meta-Llama-3.1-8B"
    }
}