{
    "detection_scores": {
        "vanilla_scores": [
            0.38250743933112885,
            0.21681740584472967,
            0.10358208597462179,
            0.10358208597462179,
            0.6392026174713024,
            0.7544485191610798,
            0.44583680479645454,
            0.6392026174713024,
            0.21681740584472967,
            0.8836160351862405,
            0.32242573363325705,
            0.8471148436929272,
            0.026491784932231744,
            0.029291323400813283,
            0.6991775254935335,
            0.9375246722719879,
            0.38250743933112885,
            0.38250743933112885,
            0.21681740584472967,
            0.44583680479645454,
            0.1351159725207279,
            0.05734712978019507,
            0.26687849628994026,
            0.5758957701145038,
            0.5758957701145038,
            0.5758957701145038,
            0.8471148436929272,
            0.44583680479645454,
            0.9136074600438041,
            0.8471148436929272,
            0.5108662874554788,
            0.1351159725207279
        ],
        "watermarked_scores": [
            0.029291323400813283,
            0.020305707993592128,
            0.17282432636257503,
            0.020305707993592128,
            0.9375246722719879,
            0.1351159725207279,
            0.07784753488527126,
            0.5758957701145038,
            0.5108662874554788,
            0.6392026174713024,
            0.17282432636257503,
            0.1351159725207279,
            0.17282432636257503,
            0.44583680479645454,
            0.7544485191610798,
            0.17282432636257503,
            0.013792325396823218,
            0.013792325396823218,
            0.26687849628994026,
            0.07784753488527126,
            0.1351159725207279,
            0.17282432636257503,
            0.44583680479645454,
            0.32242573363325705,
            0.10358208597462179,
            0.44583680479645454,
            0.05734712978019507,
            2.7024904108606995e-05,
            0.26687849628994026,
            0.0014671279285978405,
            0.21681740584472967,
            0.5108662874554788
        ],
        "mean_vanilla_score": 0.4550622847162843,
        "mean_watermarked_score": 0.2507621899466197,
        "median_watermarked_score": 0.17282432636257503,
        "median_vanilla_score": 0.44583680479645454
    },
    "perplexity_metrics": {
        "vanilla": {
            "mean_perplexity": 6.782928466796875,
            "median_perplexity": 6.064453125,
            "perplexities": [
                4.73828125,
                4.59375,
                5.80078125,
                4.24609375,
                5.1640625,
                10.2421875,
                4.98828125,
                12.109375,
                9.8046875,
                4.93359375,
                8.3046875,
                10.8359375,
                3.76953125,
                2.05078125,
                7.94140625,
                9.75,
                10.6640625,
                5.94921875,
                7.4453125,
                5.59765625,
                8.40625,
                4.90234375,
                6.40625,
                5.40234375,
                6.1796875,
                8.1953125,
                2.181640625,
                4.6640625,
                7.7578125,
                13.9140625,
                1.6064453125,
                8.5078125
            ]
        },
        "watermarked": {
            "mean_perplexity": 6.83551025390625,
            "median_perplexity": 6.26171875,
            "perplexities": [
                5.94140625,
                5.26171875,
                9.2109375,
                3.748046875,
                3.923828125,
                8.0703125,
                4.7890625,
                16.328125,
                12.6640625,
                6.4140625,
                9.671875,
                11.3984375,
                3.47265625,
                2.244140625,
                4.75390625,
                6.36328125,
                10.859375,
                6.0,
                7.33203125,
                5.05859375,
                6.0078125,
                5.42578125,
                5.0234375,
                7.296875,
                6.59765625,
                8.375,
                6.4375,
                3.294921875,
                6.16015625,
                10.984375,
                1.603515625,
                8.0234375
            ]
        }
    },
    "repetition_metrics": {
        "vanilla": {
            "median_seq_rep_3": 0.025252525252525304,
            "mean_seq_rep_3": 0.04577260549659028,
            "total_rep_3": 0.05698500394632988,
            "list_seq_rep_3": [
                0.04040404040404044,
                0.1262626262626263,
                0.16161616161616166,
                0.08080808080808077,
                0.0,
                0.005050505050505083,
                0.025252525252525304,
                0.0,
                0.025252525252525304,
                0.030303030303030276,
                0.005050505050505083,
                0.025252525252525304,
                0.015228426395939132,
                0.010101010101010055,
                0.02020202020202022,
                0.0,
                0.0,
                0.02020202020202022,
                0.025252525252525304,
                0.025252525252525304,
                0.005050505050505083,
                0.06060606060606055,
                0.005050505050505083,
                0.045454545454545414,
                0.010101010101010055,
                0.04040404040404044,
                0.297979797979798,
                0.10606060606060608,
                0.030303030303030276,
                0.0,
                0.21212121212121215,
                0.010101010101010055
            ]
        },
        "watermarked": {
            "median_seq_rep_3": 0.02020202020202022,
            "mean_seq_rep_3": 0.0430871212121212,
            "total_rep_3": 0.054608585858585856,
            "list_seq_rep_3": [
                0.07070707070707072,
                0.0505050505050505,
                0.010101010101010055,
                0.045454545454545414,
                0.03535353535353536,
                0.005050505050505083,
                0.02020202020202022,
                0.005050505050505083,
                0.015151515151515138,
                0.010101010101010055,
                0.005050505050505083,
                0.0,
                0.12121212121212122,
                0.04040404040404044,
                0.02020202020202022,
                0.030303030303030276,
                0.010101010101010055,
                0.03535353535353536,
                0.0,
                0.010101010101010055,
                0.005050505050505083,
                0.015151515151515138,
                0.045454545454545414,
                0.02020202020202022,
                0.010101010101010055,
                0.02020202020202022,
                0.045454545454545414,
                0.20707070707070707,
                0.02020202020202022,
                0.010101010101010055,
                0.3737373737373737,
                0.06565656565656564
            ]
        }
    },
    "metadata": {
        "detection_method": "kgw",
        "num_samples": 32,
        "ppl_model": "/mnt/lustrenew/mllm_safety-shared/models/huggingface/meta-llama/Meta-Llama-3.1-8B"
    }
}