{
    "detection_scores": {
        "vanilla_scores": [
            0.38250743933112885,
            0.21681740584472967,
            0.10358208597462179,
            0.10358208597462179,
            0.6392026174713024,
            0.7544485191610798,
            0.44583680479645454,
            0.6392026174713024,
            0.21681740584472967,
            0.8836160351862405,
            0.32242573363325705,
            0.8471148436929272,
            0.026491784932231744,
            0.029291323400813283,
            0.6991775254935335,
            0.9375246722719879,
            0.38250743933112885,
            0.38250743933112885,
            0.21681740584472967,
            0.44583680479645454,
            0.1351159725207279,
            0.05734712978019507,
            0.26687849628994026,
            0.5758957701145038,
            0.5758957701145038,
            0.5758957701145038,
            0.8471148436929272,
            0.44583680479645454,
            0.9136074600438041,
            0.8471148436929272,
            0.5108662874554788,
            0.1351159725207279
        ],
        "watermarked_scores": [
            0.9936284999478516,
            0.00011251549834760636,
            2.6778610703480543e-46,
            3.773147184320832e-40,
            9.226282199829347e-20,
            4.05422848158939e-22,
            1.5439156356417757e-50,
            1.9421607463670263e-13,
            3.459276804132009e-12,
            3.064562798824942e-34,
            2.6778610703480543e-46,
            2.5896200748330102e-39,
            9.923906683417619e-23,
            3.854258331994654e-43,
            0.010332090892289723,
            1.7362110680478014e-38,
            1.2878606109634313e-24,
            4.004543805359876e-07,
            0.32715433520363507,
            8.846636486993261e-16,
            2.5722625690429674e-33,
            0.888745057759847,
            5.369211233986705e-41,
            5.766690882776088e-15,
            1.218366051701328e-08,
            5.479652914233887e-20,
            3.818197393828306e-48,
            7.281123580937401e-37,
            1.2413159516351698e-28,
            0.03231908511411617,
            0.9136074600438041,
            5.4440730842594115e-53
        ],
        "mean_vanilla_score": 0.4550622847162843,
        "mean_watermarked_score": 0.09893435803442477,
        "median_watermarked_score": 2.523309574965576e-22,
        "median_vanilla_score": 0.44583680479645454
    },
    "perplexity_metrics": {
        "vanilla": {
            "mean_perplexity": 6.782928466796875,
            "median_perplexity": 6.064453125,
            "perplexities": [
                4.73828125,
                4.59375,
                5.80078125,
                4.24609375,
                5.1640625,
                10.2421875,
                4.98828125,
                12.109375,
                9.8046875,
                4.93359375,
                8.3046875,
                10.8359375,
                3.76953125,
                2.05078125,
                7.94140625,
                9.75,
                10.6640625,
                5.94921875,
                7.4453125,
                5.59765625,
                8.40625,
                4.90234375,
                6.40625,
                5.40234375,
                6.1796875,
                8.1953125,
                2.181640625,
                4.6640625,
                7.7578125,
                13.9140625,
                1.6064453125,
                8.5078125
            ]
        },
        "watermarked": {
            "mean_perplexity": Infinity,
            "median_perplexity": 414.625,
            "perplexities": [
                Infinity,
                64.3125,
                730.5,
                553.5,
                274.0,
                3.53515625,
                224.5,
                9696.0,
                311.75,
                469.75,
                91.4375,
                464.25,
                417.75,
                1118.0,
                3404.0,
                411.5,
                142.125,
                5.52734375,
                Infinity,
                43.4375,
                566.5,
                Infinity,
                448.25,
                73.5,
                380.5,
                639.5,
                702.5,
                620.0,
                260.5,
                50.59375,
                19.890625,
                222.75
            ]
        }
    },
    "repetition_metrics": {
        "vanilla": {
            "median_seq_rep_3": 0.025252525252525304,
            "mean_seq_rep_3": 0.04577260549659028,
            "total_rep_3": 0.05698500394632988,
            "list_seq_rep_3": [
                0.04040404040404044,
                0.1262626262626263,
                0.16161616161616166,
                0.08080808080808077,
                0.0,
                0.005050505050505083,
                0.025252525252525304,
                0.0,
                0.025252525252525304,
                0.030303030303030276,
                0.005050505050505083,
                0.025252525252525304,
                0.015228426395939132,
                0.010101010101010055,
                0.02020202020202022,
                0.0,
                0.0,
                0.02020202020202022,
                0.025252525252525304,
                0.025252525252525304,
                0.005050505050505083,
                0.06060606060606055,
                0.005050505050505083,
                0.045454545454545414,
                0.010101010101010055,
                0.04040404040404044,
                0.297979797979798,
                0.10606060606060608,
                0.030303030303030276,
                0.0,
                0.21212121212121215,
                0.010101010101010055
            ]
        },
        "watermarked": {
            "median_seq_rep_3": 0.06833564067066605,
            "mean_seq_rep_3": 0.17711172876424192,
            "total_rep_3": 0.20116297344020118,
            "list_seq_rep_3": [
                0.0,
                0.4170854271356784,
                0.025252525252525304,
                0.02020202020202022,
                0.1767676767676768,
                0.8080808080808081,
                0.14213197969543145,
                0.009803921568627416,
                0.01538461538461533,
                0.3830845771144279,
                0.31818181818181823,
                0.04040404040404044,
                0.0757575757575758,
                0.0,
                0.015075376884422065,
                0.010101010101010055,
                0.08080808080808077,
                0.7575757575757576,
                0.0,
                0.3065326633165829,
                0.060913705583756306,
                0.0,
                0.12121212121212122,
                0.41414141414141414,
                0.2842639593908629,
                0.010152284263959421,
                0.005102040816326481,
                0.04040404040404044,
                0.0505050505050505,
                0.42713567839195976,
                0.5606060606060606,
                0.09090909090909094
            ]
        }
    },
    "metadata": {
        "detection_method": "kgw",
        "num_samples": 32,
        "ppl_model": "/mnt/lustrenew/mllm_safety-shared/models/huggingface/meta-llama/Meta-Llama-3.1-8B"
    }
}