{
    "detection_scores": {
        "vanilla_scores": [
            0.38250743933112885,
            0.21681740584472967,
            0.10358208597462179,
            0.10358208597462179,
            0.6392026174713024,
            0.7544485191610798,
            0.44583680479645454,
            0.6392026174713024,
            0.21681740584472967,
            0.8836160351862405,
            0.32242573363325705,
            0.8471148436929272,
            0.026491784932231744,
            0.029291323400813283,
            0.6991775254935335,
            0.9375246722719879,
            0.38250743933112885,
            0.38250743933112885,
            0.21681740584472967,
            0.44583680479645454,
            0.1351159725207279,
            0.05734712978019507,
            0.26687849628994026,
            0.5758957701145038,
            0.5758957701145038,
            0.5758957701145038,
            0.8471148436929272,
            0.44583680479645454,
            0.9136074600438041,
            0.8471148436929272,
            0.5108662874554788,
            0.1351159725207279
        ],
        "watermarked_scores": [
            1.8800047124413736e-10,
            1.0234594838755463e-11,
            1.83019461498296e-15,
            7.267101730688786e-11,
            4.665963805281391e-13,
            2.5896200748330102e-39,
            9.923906683417619e-23,
            4.05422848158939e-22,
            5.3958948221818666e-14,
            1.83019461498296e-15,
            9.226282199829347e-20,
            2.904737994041419e-25,
            5.694866599381179e-16,
            7.193361071692652e-06,
            9.226282199829347e-20,
            6.367535581220604e-21,
            4.05422848158939e-22,
            5.3958948221818666e-14,
            1.8800047124413736e-10,
            4.768531402796335e-10,
            1.1840025978243055e-15,
            1.83019461498296e-15,
            5.694866599381179e-16,
            1.332115231257131e-12,
            9.226282199829347e-20,
            2.380248302952419e-23,
            2.7024904108606995e-05,
            3.728936664045115e-12,
            5.766690882776088e-15,
            1.2878606109634313e-24,
            0.00016911265119370079,
            4.05422848158939e-22
        ],
        "mean_vanilla_score": 0.4550622847162843,
        "mean_watermarked_score": 6.354120555713815e-06,
        "median_watermarked_score": 1.83019461498296e-15,
        "median_vanilla_score": 0.44583680479645454
    },
    "perplexity_metrics": {
        "vanilla": {
            "mean_perplexity": 6.782928466796875,
            "median_perplexity": 6.064453125,
            "perplexities": [
                4.73828125,
                4.59375,
                5.80078125,
                4.24609375,
                5.1640625,
                10.2421875,
                4.98828125,
                12.109375,
                9.8046875,
                4.93359375,
                8.3046875,
                10.8359375,
                3.76953125,
                2.05078125,
                7.94140625,
                9.75,
                10.6640625,
                5.94921875,
                7.4453125,
                5.59765625,
                8.40625,
                4.90234375,
                6.40625,
                5.40234375,
                6.1796875,
                8.1953125,
                2.181640625,
                4.6640625,
                7.7578125,
                13.9140625,
                1.6064453125,
                8.5078125
            ]
        },
        "watermarked": {
            "mean_perplexity": 12.391845703125,
            "median_perplexity": 12.0625,
            "perplexities": [
                16.296875,
                8.9296875,
                11.8515625,
                5.02734375,
                9.90625,
                13.9140625,
                7.3515625,
                16.546875,
                12.0390625,
                9.265625,
                10.21875,
                28.046875,
                9.140625,
                5.59375,
                12.203125,
                12.7890625,
                10.5234375,
                13.6953125,
                10.359375,
                6.28515625,
                14.9296875,
                13.3515625,
                13.671875,
                12.0859375,
                14.078125,
                14.2734375,
                2.640625,
                20.796875,
                12.9453125,
                26.65625,
                10.140625,
                10.984375
            ]
        }
    },
    "repetition_metrics": {
        "vanilla": {
            "median_seq_rep_3": 0.025252525252525304,
            "mean_seq_rep_3": 0.04577260549659028,
            "total_rep_3": 0.05698500394632988,
            "list_seq_rep_3": [
                0.04040404040404044,
                0.1262626262626263,
                0.16161616161616166,
                0.08080808080808077,
                0.0,
                0.005050505050505083,
                0.025252525252525304,
                0.0,
                0.025252525252525304,
                0.030303030303030276,
                0.005050505050505083,
                0.025252525252525304,
                0.015228426395939132,
                0.010101010101010055,
                0.02020202020202022,
                0.0,
                0.0,
                0.02020202020202022,
                0.025252525252525304,
                0.025252525252525304,
                0.005050505050505083,
                0.06060606060606055,
                0.005050505050505083,
                0.045454545454545414,
                0.010101010101010055,
                0.04040404040404044,
                0.297979797979798,
                0.10606060606060608,
                0.030303030303030276,
                0.0,
                0.21212121212121215,
                0.010101010101010055
            ]
        },
        "watermarked": {
            "median_seq_rep_3": 0.030303030303030276,
            "mean_seq_rep_3": 0.04403809670307132,
            "total_rep_3": 0.05714285714285716,
            "list_seq_rep_3": [
                0.015151515151515138,
                0.07070707070707072,
                0.025252525252525304,
                0.11616161616161613,
                0.030303030303030276,
                0.08585858585858586,
                0.030303030303030276,
                0.04040404040404044,
                0.005050505050505083,
                0.02020202020202022,
                0.03535353535353536,
                0.0,
                0.03535353535353536,
                0.005050505050505083,
                0.045454545454545414,
                0.0,
                0.015151515151515138,
                0.025252525252525304,
                0.03535353535353536,
                0.06060606060606055,
                0.025380710659898442,
                0.025252525252525304,
                0.025252525252525304,
                0.03535353535353536,
                0.05555555555555558,
                0.02020202020202022,
                0.3535353535353535,
                0.025252525252525304,
                0.03535353535353536,
                0.010101010101010055,
                0.05555555555555558,
                0.045454545454545414
            ]
        }
    },
    "metadata": {
        "detection_method": "kgw",
        "num_samples": 32,
        "ppl_model": "/mnt/lustrenew/mllm_safety-shared/models/huggingface/meta-llama/Meta-Llama-3.1-8B"
    }
}