{
    "detection_scores": {
        "vanilla_scores": [
            0.38250743933112885,
            0.21681740584472967,
            0.10358208597462179,
            0.10358208597462179,
            0.6392026174713024,
            0.7544485191610798,
            0.44583680479645454,
            0.6392026174713024,
            0.21681740584472967,
            0.8836160351862405,
            0.32242573363325705,
            0.8471148436929272,
            0.026491784932231744,
            0.029291323400813283,
            0.6991775254935335,
            0.9375246722719879,
            0.38250743933112885,
            0.38250743933112885,
            0.21681740584472967,
            0.44583680479645454,
            0.1351159725207279,
            0.05734712978019507,
            0.26687849628994026,
            0.5758957701145038,
            0.5758957701145038,
            0.5758957701145038,
            0.8471148436929272,
            0.44583680479645454,
            0.9136074600438041,
            0.8471148436929272,
            0.5108662874554788,
            0.1351159725207279
        ],
        "watermarked_scores": [
            0.32715433520363507,
            5.5809499869590474e-33,
            2.8091619606080736e-21,
            1.1373502558397022e-37,
            1.3887540736433585e-26,
            5.308864881592047e-34,
            5.479652914233887e-20,
            9.452228268395175e-18,
            1.7362110680478014e-38,
            3.10448692385046e-33,
            3.854258331994654e-43,
            1.2413159516351698e-28,
            3.1000907203657105e-28,
            3.773147184320832e-40,
            1.185855146094052e-09,
            5.980519479790411e-30,
            2.787241995807037e-35,
            1.2205372530280166e-29,
            0.11588921624262764,
            1.5439156356417757e-50,
            6.417595140328996e-26,
            0.8422049372418563,
            2.787241995807037e-35,
            1.0119042559603408e-42,
            2.9450084215488224e-09,
            9.753438626106413e-34,
            8.390467643088527e-21,
            4.774921331754227e-40,
            6.620675817009422e-32,
            1.3296731092001456e-14,
            1.2551143559174983e-48,
            3.773147184320832e-40
        ],
        "mean_vanilla_score": 0.4550622847162843,
        "mean_watermarked_score": 0.040164015400593625,
        "median_watermarked_score": 3.0233631189802526e-30,
        "median_vanilla_score": 0.44583680479645454
    },
    "perplexity_metrics": {
        "vanilla": {
            "mean_perplexity": 6.782928466796875,
            "median_perplexity": 6.064453125,
            "perplexities": [
                4.73828125,
                4.59375,
                5.80078125,
                4.24609375,
                5.1640625,
                10.2421875,
                4.98828125,
                12.109375,
                9.8046875,
                4.93359375,
                8.3046875,
                10.8359375,
                3.76953125,
                2.05078125,
                7.94140625,
                9.75,
                10.6640625,
                5.94921875,
                7.4453125,
                5.59765625,
                8.40625,
                4.90234375,
                6.40625,
                5.40234375,
                6.1796875,
                8.1953125,
                2.181640625,
                4.6640625,
                7.7578125,
                13.9140625,
                1.6064453125,
                8.5078125
            ]
        },
        "watermarked": {
            "mean_perplexity": Infinity,
            "median_perplexity": 608.75,
            "perplexities": [
                Infinity,
                1719.0,
                473.5,
                367.25,
                408.25,
                774.5,
                905.5,
                5836.0,
                562.5,
                411.5,
                793.0,
                329.25,
                273.0,
                209.25,
                25360.0,
                719.0,
                902.0,
                691.5,
                Infinity,
                166.25,
                319.25,
                Infinity,
                360.25,
                408.25,
                655.0,
                555.5,
                891.5,
                553.5,
                488.5,
                2340.0,
                532.5,
                662.5
            ]
        }
    },
    "repetition_metrics": {
        "vanilla": {
            "median_seq_rep_3": 0.025252525252525304,
            "mean_seq_rep_3": 0.04577260549659028,
            "total_rep_3": 0.05698500394632988,
            "list_seq_rep_3": [
                0.04040404040404044,
                0.1262626262626263,
                0.16161616161616166,
                0.08080808080808077,
                0.0,
                0.005050505050505083,
                0.025252525252525304,
                0.0,
                0.025252525252525304,
                0.030303030303030276,
                0.005050505050505083,
                0.025252525252525304,
                0.015228426395939132,
                0.010101010101010055,
                0.02020202020202022,
                0.0,
                0.0,
                0.02020202020202022,
                0.025252525252525304,
                0.025252525252525304,
                0.005050505050505083,
                0.06060606060606055,
                0.005050505050505083,
                0.045454545454545414,
                0.010101010101010055,
                0.04040404040404044,
                0.297979797979798,
                0.10606060606060608,
                0.030303030303030276,
                0.0,
                0.21212121212121215,
                0.010101010101010055
            ]
        },
        "watermarked": {
            "median_seq_rep_3": 0.025381364667078965,
            "mean_seq_rep_3": 0.0464510462184283,
            "total_rep_3": 0.0727215488745474,
            "list_seq_rep_3": [
                0.0,
                0.0,
                0.02010050251256279,
                0.02020202020202022,
                0.03535353535353536,
                0.0461538461538461,
                0.010152284263959421,
                0.005076142131979711,
                0.005050505050505083,
                0.10256410256410253,
                0.0,
                0.10606060606060608,
                0.12182741116751272,
                0.09090909090909094,
                0.0,
                0.025510204081632626,
                0.005050505050505083,
                0.045685279187817285,
                0.0,
                0.2284263959390863,
                0.06060606060606055,
                0.0,
                0.0505050505050505,
                0.06565656565656564,
                0.17910447761194026,
                0.030303030303030276,
                0.015306122448979553,
                0.02577319587628868,
                0.015075376884422065,
                0.0050000000000000044,
                0.14572864321608037,
                0.025252525252525304
            ]
        }
    },
    "metadata": {
        "detection_method": "kgw",
        "num_samples": 32,
        "ppl_model": "/mnt/lustrenew/mllm_safety-shared/models/huggingface/meta-llama/Meta-Llama-3.1-8B"
    }
}