{"train/global_step":5000,"train/epoch":1,"_step":5000,"train/grad_norm":1.063866376876831,"train/loss":0.0618,"train/learning_rate":5.970489545537028e-11,"_timestamp":1.7564337762108223e+09,"_wandb":{"runtime":15177},"train_steps_per_second":0.331,"train_runtime":15107.0255,"train_samples_per_second":21.182,"train_loss":0.07717782438844442,"total_flos":4.6110257184768e+17,"_runtime":15106.047065625}