{
    "detection_scores": {
        "vanilla_scores": [
            0.38250743933112885,
            0.21681740584472967,
            0.10358208597462179,
            0.10358208597462179,
            0.6392026174713024,
            0.7544485191610798,
            0.44583680479645454,
            0.6392026174713024,
            0.21681740584472967,
            0.8836160351862405,
            0.32242573363325705,
            0.8471148436929272,
            0.026491784932231744,
            0.029291323400813283,
            0.6991775254935335,
            0.9375246722719879,
            0.38250743933112885,
            0.38250743933112885,
            0.21681740584472967,
            0.44583680479645454,
            0.1351159725207279,
            0.05734712978019507,
            0.26687849628994026,
            0.5758957701145038,
            0.5758957701145038,
            0.5758957701145038,
            0.8471148436929272,
            0.44583680479645454,
            0.9136074600438041,
            0.8471148436929272,
            0.5108662874554788,
            0.1351159725207279
        ],
        "watermarked_scores": [
            4.768531402796335e-10,
            4.665963805281391e-13,
            5.3958948221818666e-14,
            1.4083981957400238e-05,
            6.91125165250654e-09,
            4.05422848158939e-22,
            3.728936664045115e-12,
            2.380248302952419e-23,
            1.1840025978243055e-15,
            8.495616097290753e-07,
            3.40789231276129e-19,
            1.2338456690107672e-18,
            1.0234594838755463e-11,
            0.0023926406266429954,
            1.332115231257131e-12,
            1.185855146094052e-09,
            1.7814755217536783e-14,
            1.0234594838755463e-11,
            1.185855146094052e-09,
            1.7666461197620142e-06,
            7.267101730688786e-11,
            1.850289616547429e-07,
            6.91125165250654e-09,
            2.891292403323301e-09,
            5.766690882776088e-15,
            5.694866599381179e-16,
            8.495616097290753e-07,
            1.8800047124413736e-10,
            1.6196290272301364e-08,
            1.6230374204039128e-21,
            7.193361071692652e-06,
            2.7542100548833858e-11
        ],
        "mean_vanilla_score": 0.4550622847162843,
        "mean_watermarked_score": 7.55501512785031e-05,
        "median_watermarked_score": 5.010655892786086e-11,
        "median_vanilla_score": 0.44583680479645454
    },
    "perplexity_metrics": {
        "vanilla": {
            "mean_perplexity": 6.782928466796875,
            "median_perplexity": 6.064453125,
            "perplexities": [
                4.73828125,
                4.59375,
                5.80078125,
                4.24609375,
                5.1640625,
                10.2421875,
                4.98828125,
                12.109375,
                9.8046875,
                4.93359375,
                8.3046875,
                10.8359375,
                3.76953125,
                2.05078125,
                7.94140625,
                9.75,
                10.6640625,
                5.94921875,
                7.4453125,
                5.59765625,
                8.40625,
                4.90234375,
                6.40625,
                5.40234375,
                6.1796875,
                8.1953125,
                2.181640625,
                4.6640625,
                7.7578125,
                13.9140625,
                1.6064453125,
                8.5078125
            ]
        },
        "watermarked": {
            "mean_perplexity": 10.7557373046875,
            "median_perplexity": 9.5625,
            "perplexities": [
                8.875,
                9.4140625,
                13.1171875,
                6.2578125,
                6.78125,
                21.640625,
                6.33203125,
                17.59375,
                10.421875,
                12.28125,
                10.9609375,
                23.03125,
                7.7578125,
                5.15234375,
                8.1328125,
                9.9453125,
                12.546875,
                7.0234375,
                7.1953125,
                7.05078125,
                12.4921875,
                8.5703125,
                12.71875,
                16.90625,
                8.0234375,
                13.09375,
                4.78125,
                6.9140625,
                7.7890625,
                17.34375,
                9.7109375,
                14.328125
            ]
        }
    },
    "repetition_metrics": {
        "vanilla": {
            "median_seq_rep_3": 0.025252525252525304,
            "mean_seq_rep_3": 0.04577260549659028,
            "total_rep_3": 0.05698500394632988,
            "list_seq_rep_3": [
                0.04040404040404044,
                0.1262626262626263,
                0.16161616161616166,
                0.08080808080808077,
                0.0,
                0.005050505050505083,
                0.025252525252525304,
                0.0,
                0.025252525252525304,
                0.030303030303030276,
                0.005050505050505083,
                0.025252525252525304,
                0.015228426395939132,
                0.010101010101010055,
                0.02020202020202022,
                0.0,
                0.0,
                0.02020202020202022,
                0.025252525252525304,
                0.025252525252525304,
                0.005050505050505083,
                0.06060606060606055,
                0.005050505050505083,
                0.045454545454545414,
                0.010101010101010055,
                0.04040404040404044,
                0.297979797979798,
                0.10606060606060608,
                0.030303030303030276,
                0.0,
                0.21212121212121215,
                0.010101010101010055
            ]
        },
        "watermarked": {
            "median_seq_rep_3": 0.02020202020202022,
            "mean_seq_rep_3": 0.031881313131313135,
            "total_rep_3": 0.04672454617206001,
            "list_seq_rep_3": [
                0.02020202020202022,
                0.030303030303030276,
                0.015151515151515138,
                0.14646464646464652,
                0.0,
                0.03535353535353536,
                0.030303030303030276,
                0.0,
                0.0,
                0.0,
                0.02020202020202022,
                0.0,
                0.07070707070707072,
                0.005050505050505083,
                0.15656565656565657,
                0.02020202020202022,
                0.005050505050505083,
                0.045454545454545414,
                0.06060606060606055,
                0.0,
                0.005050505050505083,
                0.010101010101010055,
                0.005050505050505083,
                0.025252525252525304,
                0.010101010101010055,
                0.015151515151515138,
                0.14646464646464652,
                0.04040404040404044,
                0.030303030303030276,
                0.02020202020202022,
                0.03535353535353536,
                0.015151515151515138
            ]
        }
    },
    "metadata": {
        "detection_method": "kgw",
        "num_samples": 32,
        "ppl_model": "/mnt/lustrenew/mllm_safety-shared/models/huggingface/meta-llama/Meta-Llama-3.1-8B"
    }
}