{
    "detection_scores": {
        "vanilla_scores": [
            0.38250743933112885,
            0.21681740584472967,
            0.10358208597462179,
            0.10358208597462179,
            0.6392026174713024,
            0.7544485191610798,
            0.44583680479645454,
            0.6392026174713024,
            0.21681740584472967,
            0.8836160351862405,
            0.32242573363325705,
            0.8471148436929272,
            0.026491784932231744,
            0.029291323400813283,
            0.6991775254935335,
            0.9375246722719879,
            0.38250743933112885,
            0.38250743933112885,
            0.21681740584472967,
            0.44583680479645454,
            0.1351159725207279,
            0.05734712978019507,
            0.26687849628994026,
            0.5758957701145038,
            0.5758957701145038,
            0.5758957701145038,
            0.8471148436929272,
            0.44583680479645454,
            0.9136074600438041,
            0.8471148436929272,
            0.5108662874554788,
            0.1351159725207279
        ],
        "watermarked_scores": [
            1.2338456690107672e-18,
            2.380248302952419e-23,
            3.1240755536899586e-32,
            1.6024434745223355e-13,
            1.6024434745223355e-13,
            7.46031146955063e-42,
            5.766690882776088e-15,
            5.564506111791988e-23,
            4.810247106298303e-30,
            4.05422848158939e-22,
            4.378957471467549e-18,
            1.711047660696746e-31,
            1.3887540736433585e-26,
            9.364978073223926e-05,
            3.1240755536899586e-32,
            2.380248302952419e-23,
            2.9432309769801617e-27,
            2.380248302952419e-23,
            1.2878606109634313e-24,
            1.7373044104054395e-16,
            5.593652455987735e-24,
            9.923906683417619e-23,
            4.05422848158939e-22,
            2.904737994041419e-25,
            6.1083709381796425e-28,
            4.810247106298303e-30,
            6.367535581220604e-21,
            8.495616097290753e-07,
            1.7814755217536783e-14,
            1.6230374204039128e-21,
            2.891292403323301e-09,
            9.31628140686927e-22
        ],
        "mean_vanilla_score": 0.4550622847162843,
        "mean_watermarked_score": 2.9531948118319107e-06,
        "median_watermarked_score": 7.744206397604803e-23,
        "median_vanilla_score": 0.44583680479645454
    },
    "perplexity_metrics": {
        "vanilla": {
            "mean_perplexity": 6.782928466796875,
            "median_perplexity": 6.064453125,
            "perplexities": [
                4.73828125,
                4.59375,
                5.80078125,
                4.24609375,
                5.1640625,
                10.2421875,
                4.98828125,
                12.109375,
                9.8046875,
                4.93359375,
                8.3046875,
                10.8359375,
                3.76953125,
                2.05078125,
                7.94140625,
                9.75,
                10.6640625,
                5.94921875,
                7.4453125,
                5.59765625,
                8.40625,
                4.90234375,
                6.40625,
                5.40234375,
                6.1796875,
                8.1953125,
                2.181640625,
                4.6640625,
                7.7578125,
                13.9140625,
                1.6064453125,
                8.5078125
            ]
        },
        "watermarked": {
            "mean_perplexity": 20.302978515625,
            "median_perplexity": 18.1875,
            "perplexities": [
                13.9921875,
                8.96875,
                15.015625,
                5.4765625,
                9.7890625,
                13.96875,
                11.828125,
                26.5625,
                28.609375,
                29.515625,
                21.46875,
                27.1875,
                12.109375,
                8.7265625,
                24.609375,
                17.828125,
                24.5625,
                20.078125,
                13.3046875,
                12.84375,
                10.875,
                11.578125,
                16.328125,
                37.15625,
                26.140625,
                25.734375,
                18.546875,
                33.0625,
                38.1875,
                36.875,
                14.046875,
                34.71875
            ]
        }
    },
    "repetition_metrics": {
        "vanilla": {
            "median_seq_rep_3": 0.025252525252525304,
            "mean_seq_rep_3": 0.04577260549659028,
            "total_rep_3": 0.05698500394632988,
            "list_seq_rep_3": [
                0.04040404040404044,
                0.1262626262626263,
                0.16161616161616166,
                0.08080808080808077,
                0.0,
                0.005050505050505083,
                0.025252525252525304,
                0.0,
                0.025252525252525304,
                0.030303030303030276,
                0.005050505050505083,
                0.025252525252525304,
                0.015228426395939132,
                0.010101010101010055,
                0.02020202020202022,
                0.0,
                0.0,
                0.02020202020202022,
                0.025252525252525304,
                0.025252525252525304,
                0.005050505050505083,
                0.06060606060606055,
                0.005050505050505083,
                0.045454545454545414,
                0.010101010101010055,
                0.04040404040404044,
                0.297979797979798,
                0.10606060606060608,
                0.030303030303030276,
                0.0,
                0.21212121212121215,
                0.010101010101010055
            ]
        },
        "watermarked": {
            "median_seq_rep_3": 0.02777777777777779,
            "mean_seq_rep_3": 0.0402518202327847,
            "total_rep_3": 0.06441427218187556,
            "list_seq_rep_3": [
                0.04040404040404044,
                0.20707070707070707,
                0.06565656565656564,
                0.13131313131313127,
                0.02020202020202022,
                0.030303030303030276,
                0.045454545454545414,
                0.005076142131979711,
                0.030303030303030276,
                0.005050505050505083,
                0.015151515151515138,
                0.0,
                0.05555555555555558,
                0.02020202020202022,
                0.06565656565656564,
                0.030303030303030276,
                0.0,
                0.005050505050505083,
                0.030303030303030276,
                0.025252525252525304,
                0.03535353535353536,
                0.10606060606060608,
                0.0,
                0.0,
                0.025252525252525304,
                0.03535353535353536,
                0.025252525252525304,
                0.025252525252525304,
                0.0,
                0.015151515151515138,
                0.16161616161616166,
                0.030456852791878153
            ]
        }
    },
    "metadata": {
        "detection_method": "kgw",
        "num_samples": 32,
        "ppl_model": "/mnt/lustrenew/mllm_safety-shared/models/huggingface/meta-llama/Meta-Llama-3.1-8B"
    }
}