{
    "detection_scores": {
        "vanilla_scores": [
            0.38250743933112885,
            0.21681740584472967,
            0.10358208597462179,
            0.10358208597462179,
            0.6392026174713024,
            0.7544485191610798,
            0.44583680479645454,
            0.6392026174713024,
            0.21681740584472967,
            0.8836160351862405,
            0.32242573363325705,
            0.8471148436929272,
            0.026491784932231744,
            0.029291323400813283,
            0.6991775254935335,
            0.9375246722719879,
            0.38250743933112885,
            0.38250743933112885,
            0.21681740584472967,
            0.44583680479645454,
            0.1351159725207279,
            0.05734712978019507,
            0.26687849628994026,
            0.5758957701145038,
            0.5758957701145038,
            0.5758957701145038,
            0.8471148436929272,
            0.44583680479645454,
            0.9136074600438041,
            0.8471148436929272,
            0.5108662874554788,
            0.1351159725207279
        ],
        "watermarked_scores": [
            1.6024434745223355e-13,
            1.6230374204039128e-21,
            9.923906683417619e-23,
            5.766690882776088e-15,
            0.0014671279285978405,
            2.179690300748062e-45,
            5.694866599381179e-16,
            5.564506111791988e-23,
            9.226282199829347e-20,
            1.7814755217536783e-14,
            1.0234594838755463e-11,
            1.3887540736433585e-26,
            4.768531402796335e-10,
            5.0819502902761e-05,
            4.665963805281391e-13,
            4.05422848158939e-22,
            2.904737994041419e-25,
            4.378957471467549e-18,
            6.1083709381796425e-28,
            4.768531402796335e-10,
            1.2878606109634313e-24,
            5.1959296764365686e-17,
            1.7373044104054395e-16,
            8.495616097290753e-07,
            9.923906683417619e-23,
            3.40789231276129e-19,
            1.0234594838755463e-11,
            0.009178679390778589,
            5.694866599381179e-16,
            4.05422848158939e-22,
            5.0819502902761e-05,
            4.665963805281391e-13
        ],
        "mean_vanilla_score": 0.4550622847162843,
        "mean_watermarked_score": 0.00033588427694017305,
        "median_watermarked_score": 0.44583680479645454,
        "median_vanilla_score": 3.716085504893309e-16
    },
    "perplexity_metrics": {
        "vanilla": {
            "mean_perplexity": 6.782928466796875,
            "median_perplexity": 6.064453125,
            "perplexities": [
                4.73828125,
                4.59375,
                5.80078125,
                4.24609375,
                5.1640625,
                10.2421875,
                4.98828125,
                12.109375,
                9.8046875,
                4.93359375,
                8.3046875,
                10.8359375,
                3.76953125,
                2.05078125,
                7.94140625,
                9.75,
                10.6640625,
                5.94921875,
                7.4453125,
                5.59765625,
                8.40625,
                4.90234375,
                6.40625,
                5.40234375,
                6.1796875,
                8.1953125,
                2.181640625,
                4.6640625,
                7.7578125,
                13.9140625,
                1.6064453125,
                8.5078125
            ]
        },
        "watermarked": {
            "mean_perplexity": 14.5850830078125,
            "median_perplexity": 13.88671875,
            "perplexities": [
                12.2578125,
                15.859375,
                15.1875,
                7.66796875,
                10.5625,
                18.875,
                9.734375,
                21.71875,
                14.8671875,
                11.03125,
                17.078125,
                17.34375,
                8.1796875,
                7.66796875,
                20.484375,
                12.890625,
                18.359375,
                19.359375,
                14.046875,
                13.3828125,
                19.359375,
                8.2421875,
                18.1875,
                9.0546875,
                11.7578125,
                15.0703125,
                7.40234375,
                13.7265625,
                11.53125,
                30.453125,
                13.1484375,
                22.234375
            ]
        }
    },
    "repetition_metrics": {
        "vanilla": {
            "median_seq_rep_3": 0.025252525252525304,
            "mean_seq_rep_3": 0.04577260549659028,
            "total_rep_3": 0.05698500394632988,
            "list_seq_rep_3": [
                0.04040404040404044,
                0.1262626262626263,
                0.16161616161616166,
                0.08080808080808077,
                0.0,
                0.005050505050505083,
                0.025252525252525304,
                0.0,
                0.025252525252525304,
                0.030303030303030276,
                0.005050505050505083,
                0.025252525252525304,
                0.015228426395939132,
                0.010101010101010055,
                0.02020202020202022,
                0.0,
                0.0,
                0.02020202020202022,
                0.025252525252525304,
                0.025252525252525304,
                0.005050505050505083,
                0.06060606060606055,
                0.005050505050505083,
                0.045454545454545414,
                0.010101010101010055,
                0.04040404040404044,
                0.297979797979798,
                0.10606060606060608,
                0.030303030303030276,
                0.0,
                0.21212121212121215,
                0.010101010101010055
            ]
        },
        "watermarked": {
            "median_seq_rep_3": 0.03535353535353536,
            "mean_seq_rep_3": 0.059659892067886994,
            "total_rep_3": 0.07371744277821624,
            "list_seq_rep_3": [
                0.02020202020202022,
                0.11111111111111116,
                0.030303030303030276,
                0.11111111111111116,
                0.11111111111111116,
                0.03535353535353536,
                0.005050505050505083,
                0.005076142131979711,
                0.09595959595959591,
                0.005050505050505083,
                0.010101010101010055,
                0.02020202020202022,
                0.005050505050505083,
                0.03535353535353536,
                0.03535353535353536,
                0.04040404040404044,
                0.045454545454545414,
                0.005050505050505083,
                0.045454545454545414,
                0.005050505050505083,
                0.0,
                0.0,
                0.03535353535353536,
                0.2777777777777778,
                0.005050505050505083,
                0.04040404040404044,
                0.030303030303030276,
                0.46464646464646464,
                0.0505050505050505,
                0.005050505050505083,
                0.16666666666666663,
                0.05555555555555558
            ]
        }
    },
    "metadata": {
        "detection_method": "kgw",
        "num_samples": 32,
        "ppl_model": "/mnt/lustrenew/mllm_safety-shared/models/huggingface/meta-llama/Meta-Llama-3.1-8B"
    }
}