{
    "detection_scores": {
        "vanilla_scores": [
            0.38250743933112885,
            0.21681740584472967,
            0.10358208597462179,
            0.10358208597462179,
            0.6392026174713024,
            0.7544485191610798,
            0.44583680479645454,
            0.6392026174713024,
            0.21681740584472967,
            0.8836160351862405,
            0.32242573363325705,
            0.8471148436929272,
            0.026491784932231744,
            0.029291323400813283,
            0.6991775254935335,
            0.9375246722719879,
            0.38250743933112885,
            0.38250743933112885,
            0.21681740584472967,
            0.44583680479645454,
            0.1351159725207279,
            0.05734712978019507,
            0.26687849628994026,
            0.5758957701145038,
            0.5758957701145038,
            0.5758957701145038,
            0.8471148436929272,
            0.44583680479645454,
            0.9136074600438041,
            0.8471148436929272,
            0.5108662874554788,
            0.1351159725207279
        ],
        "watermarked_scores": [
            2.469713844916831e-29,
            1.6672599345026213e-34,
            1.0119042559603408e-42,
            1.1373502558397022e-37,
            4.810247106298303e-30,
            4.8871352226551435e-56,
            1.1373502558397022e-37,
            1.7221277741003038e-25,
            2.9432309769801617e-27,
            6.1083709381796425e-28,
            3.1240755536899586e-32,
            7.46031146955063e-42,
            9.226282199829347e-20,
            6.1083709381796425e-28,
            6.1083709381796425e-28,
            2.787241995807037e-35,
            1.4069370363719665e-57,
            4.7142258136105125e-50,
            2.469713844916831e-29,
            2.469713844916831e-29,
            5.369211233986705e-41,
            9.170461555778119e-31,
            6.1083709381796425e-28,
            4.378957471467549e-18,
            1.0554585713991996e-39,
            5.5809499869590474e-33,
            9.226282199829347e-20,
            9.923906683417619e-23,
            6.417595140328996e-26,
            2.904737994041419e-25,
            5.3958948221818666e-14,
            9.170461555778119e-31
        ],
        "mean_vanilla_score": 0.4550622847162843,
        "mean_watermarked_score": 1.6863597438970477e-15,
        "median_watermarked_score": 0.44583680479645454,
        "median_vanilla_score": 1.4753692777733308e-29
    },
    "perplexity_metrics": {
        "vanilla": {
            "mean_perplexity": 6.782928466796875,
            "median_perplexity": 6.064453125,
            "perplexities": [
                4.73828125,
                4.59375,
                5.80078125,
                4.24609375,
                5.1640625,
                10.2421875,
                4.98828125,
                12.109375,
                9.8046875,
                4.93359375,
                8.3046875,
                10.8359375,
                3.76953125,
                2.05078125,
                7.94140625,
                9.75,
                10.6640625,
                5.94921875,
                7.4453125,
                5.59765625,
                8.40625,
                4.90234375,
                6.40625,
                5.40234375,
                6.1796875,
                8.1953125,
                2.181640625,
                4.6640625,
                7.7578125,
                13.9140625,
                1.6064453125,
                8.5078125
            ]
        },
        "watermarked": {
            "mean_perplexity": 40.549072265625,
            "median_perplexity": 41.546875,
            "perplexities": [
                55.90625,
                40.40625,
                25.0,
                42.03125,
                85.5625,
                41.0625,
                48.5625,
                53.4375,
                50.6875,
                34.21875,
                30.203125,
                45.875,
                15.3984375,
                19.3125,
                45.875,
                36.875,
                29.5625,
                46.25,
                29.75,
                52.0,
                32.40625,
                35.1875,
                55.90625,
                51.1875,
                47.25,
                9.375,
                33.5,
                52.71875,
                42.6875,
                52.0,
                17.34375,
                40.03125
            ]
        }
    },
    "repetition_metrics": {
        "vanilla": {
            "median_seq_rep_3": 0.025252525252525304,
            "mean_seq_rep_3": 0.04577260549659028,
            "total_rep_3": 0.05698500394632988,
            "list_seq_rep_3": [
                0.04040404040404044,
                0.1262626262626263,
                0.16161616161616166,
                0.08080808080808077,
                0.0,
                0.005050505050505083,
                0.025252525252525304,
                0.0,
                0.025252525252525304,
                0.030303030303030276,
                0.005050505050505083,
                0.025252525252525304,
                0.015228426395939132,
                0.010101010101010055,
                0.02020202020202022,
                0.0,
                0.0,
                0.02020202020202022,
                0.025252525252525304,
                0.025252525252525304,
                0.005050505050505083,
                0.06060606060606055,
                0.005050505050505083,
                0.045454545454545414,
                0.010101010101010055,
                0.04040404040404044,
                0.297979797979798,
                0.10606060606060608,
                0.030303030303030276,
                0.0,
                0.21212121212121215,
                0.010101010101010055
            ]
        },
        "watermarked": {
            "median_seq_rep_3": 0.0412546517809676,
            "mean_seq_rep_3": 0.07263675716658134,
            "total_rep_3": 0.09292035398230092,
            "list_seq_rep_3": [
                0.030303030303030276,
                0.07070707070707072,
                0.03535353535353536,
                0.015151515151515138,
                0.015151515151515138,
                0.0505050505050505,
                0.06060606060606055,
                0.04210526315789476,
                0.02020202020202022,
                0.030303030303030276,
                0.005050505050505083,
                0.030303030303030276,
                0.025252525252525304,
                0.11616161616161613,
                0.08080808080808077,
                0.030303030303030276,
                0.1306532663316583,
                0.21212121212121215,
                0.04040404040404044,
                0.025252525252525304,
                0.08080808080808077,
                0.045454545454545414,
                0.02020202020202022,
                0.06060606060606055,
                0.02030456852791873,
                0.45959595959595956,
                0.030303030303030276,
                0.045454545454545414,
                0.16666666666666663,
                0.04040404040404044,
                0.21717171717171713,
                0.07070707070707072
            ]
        }
    },
    "metadata": {
        "detection_method": "kgw",
        "num_samples": 32,
        "ppl_model": "/mnt/lustrenew/mllm_safety-shared/models/huggingface/meta-llama/Meta-Llama-3.1-8B"
    }
}