{
    "detection_scores": {
        "vanilla_scores": [
            0.38250743933112885,
            0.21681740584472967,
            0.10358208597462179,
            0.10358208597462179,
            0.6392026174713024,
            0.7544485191610798,
            0.44583680479645454,
            0.6392026174713024,
            0.21681740584472967,
            0.8836160351862405,
            0.32242573363325705,
            0.8471148436929272,
            0.026491784932231744,
            0.029291323400813283,
            0.6991775254935335,
            0.9375246722719879,
            0.38250743933112885,
            0.38250743933112885,
            0.21681740584472967,
            0.44583680479645454,
            0.1351159725207279,
            0.05734712978019507,
            0.26687849628994026,
            0.5758957701145038,
            0.5758957701145038,
            0.5758957701145038,
            0.8471148436929272,
            0.44583680479645454,
            0.9136074600438041,
            0.8471148436929272,
            0.5108662874554788,
            0.1351159725207279
        ],
        "watermarked_scores": [
            1.711047660696746e-31,
            3.3687372541179135e-59,
            2.179690300748062e-45,
            1.7362110680478014e-38,
            5.5809499869590474e-33,
            3.9304242475857884e-58,
            2.787241995807037e-35,
            4.6447100503926915e-32,
            2.787241995807037e-35,
            5.5809499869590474e-33,
            3.7434255435132964e-48,
            1.711047660696746e-31,
            1.711047660696746e-31,
            1.7814755217536783e-14,
            1.1373502558397022e-37,
            1.711047660696746e-31,
            4.768531402796335e-10,
            2.5896200748330102e-39,
            2.0466170056615923e-19,
            2.9432309769801617e-27,
            3.7434255435132964e-48,
            3.7434255435132964e-48,
            5.5809499869590474e-33,
            7.192104585134415e-39,
            5.593652455987735e-24,
            2.469713844916831e-29,
            1.4607012240706947e-32,
            4.810247106298303e-30,
            6.417595140328996e-26,
            2.9432309769801617e-27,
            1.2338456690107672e-18,
            3.3687372541179135e-59
        ],
        "mean_vanilla_score": 0.4550622847162843,
        "mean_watermarked_score": 1.4902217389792626e-11,
        "median_watermarked_score": 1.0093981113832997e-32,
        "median_vanilla_score": 0.44583680479645454
    },
    "perplexity_metrics": {
        "vanilla": {
            "mean_perplexity": 6.782928466796875,
            "median_perplexity": 6.064453125,
            "perplexities": [
                4.73828125,
                4.59375,
                5.80078125,
                4.24609375,
                5.1640625,
                10.2421875,
                4.98828125,
                12.109375,
                9.8046875,
                4.93359375,
                8.3046875,
                10.8359375,
                3.76953125,
                2.05078125,
                7.94140625,
                9.75,
                10.6640625,
                5.94921875,
                7.4453125,
                5.59765625,
                8.40625,
                4.90234375,
                6.40625,
                5.40234375,
                6.1796875,
                8.1953125,
                2.181640625,
                4.6640625,
                7.7578125,
                13.9140625,
                1.6064453125,
                8.5078125
            ]
        },
        "watermarked": {
            "mean_perplexity": 59.0196533203125,
            "median_perplexity": 53.1875,
            "perplexities": [
                61.15625,
                6.234375,
                53.4375,
                53.34375,
                48.0,
                41.875,
                48.0,
                45.96875,
                127.9375,
                81.9375,
                53.53125,
                109.4375,
                18.6875,
                41.9375,
                85.5625,
                4.45703125,
                37.3125,
                110.75,
                100.8125,
                36.65625,
                48.09375,
                59.96875,
                65.0625,
                85.875,
                38.34375,
                103.625,
                81.9375,
                57.0,
                43.625,
                53.03125,
                44.21875,
                40.8125
            ]
        }
    },
    "repetition_metrics": {
        "vanilla": {
            "median_seq_rep_3": 0.025252525252525304,
            "mean_seq_rep_3": 0.04577260549659028,
            "total_rep_3": 0.05698500394632988,
            "list_seq_rep_3": [
                0.04040404040404044,
                0.1262626262626263,
                0.16161616161616166,
                0.08080808080808077,
                0.0,
                0.005050505050505083,
                0.025252525252525304,
                0.0,
                0.025252525252525304,
                0.030303030303030276,
                0.005050505050505083,
                0.025252525252525304,
                0.015228426395939132,
                0.010101010101010055,
                0.02020202020202022,
                0.0,
                0.0,
                0.02020202020202022,
                0.025252525252525304,
                0.025252525252525304,
                0.005050505050505083,
                0.06060606060606055,
                0.005050505050505083,
                0.045454545454545414,
                0.010101010101010055,
                0.04040404040404044,
                0.297979797979798,
                0.10606060606060608,
                0.030303030303030276,
                0.0,
                0.21212121212121215,
                0.010101010101010055
            ]
        },
        "watermarked": {
            "median_seq_rep_3": 0.045454545454545414,
            "mean_seq_rep_3": 0.08513583325272189,
            "total_rep_3": 0.10159582872491701,
            "list_seq_rep_3": [
                0.02020202020202022,
                0.595959595959596,
                0.045454545454545414,
                0.030303030303030276,
                0.005050505050505083,
                0.15656565656565657,
                0.0,
                0.07216494845360821,
                0.015151515151515138,
                0.010101010101010055,
                0.12121212121212122,
                0.0,
                0.09090909090909094,
                0.07070707070707072,
                0.02020202020202022,
                0.6717171717171717,
                0.030303030303030276,
                0.045454545454545414,
                0.07106598984771573,
                0.010101010101010055,
                0.005050505050505083,
                0.10606060606060608,
                0.0,
                0.050761421319796995,
                0.09595959595959591,
                0.025252525252525304,
                0.010152284263959421,
                0.015151515151515138,
                0.0505050505050505,
                0.09595959595959591,
                0.1262626262626263,
                0.06060606060606055
            ]
        }
    },
    "metadata": {
        "detection_method": "kgw",
        "num_samples": 32,
        "ppl_model": "/mnt/lustrenew/mllm_safety-shared/models/huggingface/meta-llama/Meta-Llama-3.1-8B"
    }
}