{
    "detection_scores": {
        "vanilla_scores": [
            0.38250743933112885,
            0.21681740584472967,
            0.10358208597462179,
            0.10358208597462179,
            0.6392026174713024,
            0.7544485191610798,
            0.44583680479645454,
            0.6392026174713024,
            0.21681740584472967,
            0.8836160351862405,
            0.32242573363325705,
            0.8471148436929272,
            0.026491784932231744,
            0.029291323400813283,
            0.6991775254935335,
            0.9375246722719879,
            0.38250743933112885,
            0.38250743933112885,
            0.21681740584472967,
            0.44583680479645454,
            0.1351159725207279,
            0.05734712978019507,
            0.26687849628994026,
            0.5758957701145038,
            0.5758957701145038,
            0.5758957701145038,
            0.8471148436929272,
            0.44583680479645454,
            0.9136074600438041,
            0.8471148436929272,
            0.5108662874554788,
            0.1351159725207279
        ],
        "watermarked_scores": [
            4.665963805281391e-13,
            1.2338456690107672e-18,
            9.753438626106413e-34,
            4.768531402796335e-10,
            1.7814755217536783e-14,
            3.773147184320832e-40,
            1.2338456690107672e-18,
            1.3887540736433585e-26,
            3.1240755536899586e-32,
            5.1959296764365686e-17,
            3.40789231276129e-19,
            9.923906683417619e-23,
            5.694866599381179e-16,
            2.7542100548833858e-11,
            4.810247106298303e-30,
            2.448289219524794e-20,
            1.83019461498296e-15,
            4.05422848158939e-22,
            2.448289219524794e-20,
            5.694866599381179e-16,
            2.469713844916831e-29,
            5.3958948221818666e-14,
            5.593652455987735e-24,
            2.448289219524794e-20,
            1.7814755217536783e-14,
            2.7542100548833858e-11,
            3.7209798727626364e-08,
            4.768531402796335e-10,
            5.1959296764365686e-17,
            1.2878606109634313e-24,
            1.6024434745223355e-13,
            9.923906683417619e-23
        ],
        "mean_vanilla_score": 0.4550622847162843,
        "mean_watermarked_score": 1.1943533973262189e-09,
        "median_watermarked_score": 1.2338456690107672e-18,
        "median_vanilla_score": 0.44583680479645454
    },
    "perplexity_metrics": {
        "vanilla": {
            "mean_perplexity": 6.782928466796875,
            "median_perplexity": 6.064453125,
            "perplexities": [
                4.73828125,
                4.59375,
                5.80078125,
                4.24609375,
                5.1640625,
                10.2421875,
                4.98828125,
                12.109375,
                9.8046875,
                4.93359375,
                8.3046875,
                10.8359375,
                3.76953125,
                2.05078125,
                7.94140625,
                9.75,
                10.6640625,
                5.94921875,
                7.4453125,
                5.59765625,
                8.40625,
                4.90234375,
                6.40625,
                5.40234375,
                6.1796875,
                8.1953125,
                2.181640625,
                4.6640625,
                7.7578125,
                13.9140625,
                1.6064453125,
                8.5078125
            ]
        },
        "watermarked": {
            "mean_perplexity": 12.2552490234375,
            "median_perplexity": 11.6015625,
            "perplexities": [
                10.7109375,
                11.203125,
                14.984375,
                4.90234375,
                6.37109375,
                15.734375,
                8.375,
                10.421875,
                10.5859375,
                7.7421875,
                11.9453125,
                18.71875,
                8.6015625,
                5.5078125,
                12.8203125,
                18.71875,
                12.3046875,
                9.6953125,
                10.28125,
                11.6953125,
                14.78125,
                11.9453125,
                14.6953125,
                11.9921875,
                13.25,
                15.953125,
                6.3203125,
                7.63671875,
                11.15625,
                28.9375,
                22.671875,
                11.5078125
            ]
        }
    },
    "repetition_metrics": {
        "vanilla": {
            "median_seq_rep_3": 0.025252525252525304,
            "mean_seq_rep_3": 0.04577260549659028,
            "total_rep_3": 0.05698500394632988,
            "list_seq_rep_3": [
                0.04040404040404044,
                0.1262626262626263,
                0.16161616161616166,
                0.08080808080808077,
                0.0,
                0.005050505050505083,
                0.025252525252525304,
                0.0,
                0.025252525252525304,
                0.030303030303030276,
                0.005050505050505083,
                0.025252525252525304,
                0.015228426395939132,
                0.010101010101010055,
                0.02020202020202022,
                0.0,
                0.0,
                0.02020202020202022,
                0.025252525252525304,
                0.025252525252525304,
                0.005050505050505083,
                0.06060606060606055,
                0.005050505050505083,
                0.045454545454545414,
                0.010101010101010055,
                0.04040404040404044,
                0.297979797979798,
                0.10606060606060608,
                0.030303030303030276,
                0.0,
                0.21212121212121215,
                0.010101010101010055
            ]
        },
        "watermarked": {
            "median_seq_rep_3": 0.02525252525252525,
            "mean_seq_rep_3": 0.04371843434343434,
            "total_rep_3": 0.05839646464646464,
            "list_seq_rep_3": [
                0.010101010101010055,
                0.015151515151515138,
                0.0505050505050505,
                0.19191919191919193,
                0.03535353535353536,
                0.030303030303030276,
                0.015151515151515138,
                0.19191919191919193,
                0.21717171717171713,
                0.045454545454545414,
                0.0505050505050505,
                0.0,
                0.015151515151515138,
                0.05555555555555558,
                0.045454545454545414,
                0.010101010101010055,
                0.010101010101010055,
                0.05555555555555558,
                0.010101010101010055,
                0.02020202020202022,
                0.005050505050505083,
                0.06565656565656564,
                0.010101010101010055,
                0.0505050505050505,
                0.0,
                0.015151515151515138,
                0.06565656565656564,
                0.030303030303030276,
                0.02020202020202022,
                0.02020202020202022,
                0.0,
                0.04040404040404044
            ]
        }
    },
    "metadata": {
        "detection_method": "kgw",
        "num_samples": 32,
        "ppl_model": "/mnt/lustrenew/mllm_safety-shared/models/huggingface/meta-llama/Meta-Llama-3.1-8B"
    }
}