{
    "detection_scores": {
        "vanilla_scores": [
            0.38250743933112885,
            0.21681740584472967,
            0.10358208597462179,
            0.10358208597462179,
            0.6392026174713024,
            0.7544485191610798,
            0.44583680479645454,
            0.6392026174713024,
            0.21681740584472967,
            0.8836160351862405,
            0.32242573363325705,
            0.8471148436929272,
            0.026491784932231744,
            0.029291323400813283,
            0.6991775254935335,
            0.9375246722719879,
            0.38250743933112885,
            0.38250743933112885,
            0.21681740584472967,
            0.44583680479645454,
            0.1351159725207279,
            0.05734712978019507,
            0.26687849628994026,
            0.5758957701145038,
            0.5758957701145038,
            0.5758957701145038,
            0.8471148436929272,
            0.44583680479645454,
            0.9136074600438041,
            0.8471148436929272,
            0.5108662874554788,
            0.1351159725207279
        ],
        "watermarked_scores": [
            1.711047660696746e-31,
            3.3687372541179135e-59,
            4.648683044733669e-67,
            7.286486341389123e-40,
            4.8871352226551435e-56,
            1.326402664727969e-63,
            3.3687372541179135e-59,
            2.0930610808386106e-102,
            5.333330207674378e-52,
            3.3687372541179135e-59,
            1.3459776386292308e-40,
            6.826461570384585e-66,
            2.254153727876388e-61,
            5.213676766424362e-55,
            1.9343838171528282e-69,
            4.448620871212126e-57,
            3.824785500801029e-86,
            3.113237154363594e-37,
            2.0871979067663323e-82,
            6.923501491139553e-72,
            4.810247106298303e-30,
            4.448620871212126e-57,
            1.3395210011940047e-43,
            3.0542659812761563e-68,
            1.6738992774809722e-53,
            2.787241995807037e-35,
            2.254153727876388e-61,
            4.617613958215262e-50,
            4.256772933855766e-49,
            1.1373502558397022e-37,
            1.391094878145567e-85,
            9.485004931199938e-47
        ],
        "mean_vanilla_score": 0.4550622847162843,
        "mean_watermarked_score": 1.5566813033468927e-31,
        "median_watermarked_score": 4.448620871212126e-57,
        "median_vanilla_score": 0.44583680479645454
    },
    "perplexity_metrics": {
        "vanilla": {
            "mean_perplexity": 6.782928466796875,
            "median_perplexity": 6.064453125,
            "perplexities": [
                4.73828125,
                4.59375,
                5.80078125,
                4.24609375,
                5.1640625,
                10.2421875,
                4.98828125,
                12.109375,
                9.8046875,
                4.93359375,
                8.3046875,
                10.8359375,
                3.76953125,
                2.05078125,
                7.94140625,
                9.75,
                10.6640625,
                5.94921875,
                7.4453125,
                5.59765625,
                8.40625,
                4.90234375,
                6.40625,
                5.40234375,
                6.1796875,
                8.1953125,
                2.181640625,
                4.6640625,
                7.7578125,
                13.9140625,
                1.6064453125,
                8.5078125
            ]
        },
        "watermarked": {
            "mean_perplexity": 142.1561279296875,
            "median_perplexity": 151.9375,
            "perplexities": [
                100.4375,
                102.0,
                199.75,
                138.875,
                331.75,
                163.625,
                149.625,
                3.42578125,
                206.0,
                159.25,
                34.375,
                165.625,
                172.875,
                28.375,
                23.03125,
                34.71875,
                49.03125,
                282.75,
                7.7890625,
                171.5,
                177.625,
                125.9375,
                337.0,
                152.5,
                151.375,
                198.125,
                206.875,
                141.625,
                221.0,
                213.375,
                39.46875,
                59.28125
            ]
        }
    },
    "repetition_metrics": {
        "vanilla": {
            "median_seq_rep_3": 0.025252525252525304,
            "mean_seq_rep_3": 0.04577260549659028,
            "total_rep_3": 0.05698500394632988,
            "list_seq_rep_3": [
                0.04040404040404044,
                0.1262626262626263,
                0.16161616161616166,
                0.08080808080808077,
                0.0,
                0.005050505050505083,
                0.025252525252525304,
                0.0,
                0.025252525252525304,
                0.030303030303030276,
                0.005050505050505083,
                0.025252525252525304,
                0.015228426395939132,
                0.010101010101010055,
                0.02020202020202022,
                0.0,
                0.0,
                0.02020202020202022,
                0.025252525252525304,
                0.025252525252525304,
                0.005050505050505083,
                0.06060606060606055,
                0.005050505050505083,
                0.045454545454545414,
                0.010101010101010055,
                0.04040404040404044,
                0.297979797979798,
                0.10606060606060608,
                0.030303030303030276,
                0.0,
                0.21212121212121215,
                0.010101010101010055
            ]
        },
        "watermarked": {
            "median_seq_rep_3": 0.0631313131313131,
            "mean_seq_rep_3": 0.15715246186869886,
            "total_rep_3": 0.18324358568261012,
            "list_seq_rep_3": [
                0.13636363636363635,
                0.16666666666666663,
                0.010101010101010055,
                0.09677419354838712,
                0.005050505050505083,
                0.045454545454545414,
                0.005050505050505083,
                0.7868020304568528,
                0.02020202020202022,
                0.05555555555555558,
                0.22613065326633164,
                0.030303030303030276,
                0.0,
                0.41414141414141414,
                0.4797979797979798,
                0.30808080808080807,
                0.31472081218274117,
                0.025380710659898442,
                0.6212121212121212,
                0.045454545454545414,
                0.06565656565656564,
                0.06060606060606055,
                0.025252525252525304,
                0.03535353535353536,
                0.06598984771573602,
                0.07070707070707072,
                0.045454545454545414,
                0.12371134020618557,
                0.005050505050505083,
                0.010101010101010055,
                0.36734693877551017,
                0.36040609137055835
            ]
        }
    },
    "metadata": {
        "detection_method": "kgw",
        "num_samples": 32,
        "ppl_model": "/mnt/lustrenew/mllm_safety-shared/models/huggingface/meta-llama/Meta-Llama-3.1-8B"
    }
}