{
    "detection_scores": {
        "vanilla_scores": [
            0.38250743933112885,
            0.21681740584472967,
            0.10358208597462179,
            0.10358208597462179,
            0.6392026174713024,
            0.7544485191610798,
            0.44583680479645454,
            0.6392026174713024,
            0.21681740584472967,
            0.8836160351862405,
            0.32242573363325705,
            0.8471148436929272,
            0.026491784932231744,
            0.029291323400813283,
            0.6991775254935335,
            0.9375246722719879,
            0.38250743933112885,
            0.38250743933112885,
            0.21681740584472967,
            0.44583680479645454,
            0.1351159725207279,
            0.05734712978019507,
            0.26687849628994026,
            0.5758957701145038,
            0.5758957701145038,
            0.5758957701145038,
            0.8471148436929272,
            0.44583680479645454,
            0.9136074600438041,
            0.8471148436929272,
            0.5108662874554788,
            0.1351159725207279
        ],
        "watermarked_scores": [
            0.01095964370101508,
            1.0119042559603408e-42,
            3.207189137152643e-47,
            1.5126676744304918e-40,
            4.448620871212126e-57,
            2.364308572219532e-24,
            3.3687372541179135e-59,
            2.904957566519743e-30,
            1.423641361788219e-62,
            1.1373502558397022e-37,
            7.192104585134415e-39,
            4.828851889163258e-96,
            4.8871352226551435e-56,
            4.448620871212126e-57,
            8.390467643088527e-21,
            5.403829695606577e-54,
            3.0542659812761563e-68,
            4.8871352226551435e-56,
            8.495616097290753e-07,
            5.213676766424362e-55,
            5.403829695606577e-54,
            0.00011251549834760636,
            5.3958948221818666e-14,
            2.5896200748330102e-39,
            1.0554585713991996e-39,
            5.213676766424362e-55,
            2.179690300748062e-45,
            5.213676766424362e-55,
            5.369211233986705e-41,
            5.4440730842594115e-53,
            3.3687372541179135e-59,
            2.931094794896268e-83
        ],
        "mean_vanilla_score": 0.4550622847162843,
        "mean_watermarked_score": 0.0003460315237820742,
        "median_watermarked_score": 1.6035972906128637e-47,
        "median_vanilla_score": 0.44583680479645454
    },
    "perplexity_metrics": {
        "vanilla": {
            "mean_perplexity": 6.782928466796875,
            "median_perplexity": 6.064453125,
            "perplexities": [
                4.73828125,
                4.59375,
                5.80078125,
                4.24609375,
                5.1640625,
                10.2421875,
                4.98828125,
                12.109375,
                9.8046875,
                4.93359375,
                8.3046875,
                10.8359375,
                3.76953125,
                2.05078125,
                7.94140625,
                9.75,
                10.6640625,
                5.94921875,
                7.4453125,
                5.59765625,
                8.40625,
                4.90234375,
                6.40625,
                5.40234375,
                6.1796875,
                8.1953125,
                2.181640625,
                4.6640625,
                7.7578125,
                13.9140625,
                1.6064453125,
                8.5078125
            ]
        },
        "watermarked": {
            "mean_perplexity": 2088.232177734375,
            "median_perplexity": 345.875,
            "perplexities": [
                31552.0,
                376.0,
                125.9375,
                401.75,
                444.75,
                2072.0,
                81.9375,
                1759.0,
                338.5,
                106.875,
                475.25,
                9.7734375,
                168.875,
                272.0,
                1493.0,
                58.8125,
                242.75,
                655.0,
                7320.0,
                202.875,
                338.5,
                10648.0,
                4916.0,
                460.75,
                224.5,
                263.5,
                289.5,
                11.0078125,
                780.5,
                366.0,
                353.25,
                14.8359375
            ]
        }
    },
    "repetition_metrics": {
        "vanilla": {
            "median_seq_rep_3": 0.025252525252525304,
            "mean_seq_rep_3": 0.04577260549659028,
            "total_rep_3": 0.05698500394632988,
            "list_seq_rep_3": [
                0.04040404040404044,
                0.1262626262626263,
                0.16161616161616166,
                0.08080808080808077,
                0.0,
                0.005050505050505083,
                0.025252525252525304,
                0.0,
                0.025252525252525304,
                0.030303030303030276,
                0.005050505050505083,
                0.025252525252525304,
                0.015228426395939132,
                0.010101010101010055,
                0.02020202020202022,
                0.0,
                0.0,
                0.02020202020202022,
                0.025252525252525304,
                0.025252525252525304,
                0.005050505050505083,
                0.06060606060606055,
                0.005050505050505083,
                0.045454545454545414,
                0.010101010101010055,
                0.04040404040404044,
                0.297979797979798,
                0.10606060606060608,
                0.030303030303030276,
                0.0,
                0.21212121212121215,
                0.010101010101010055
            ]
        },
        "watermarked": {
            "median_seq_rep_3": 0.0378787878787879,
            "mean_seq_rep_3": 0.10854753401662394,
            "total_rep_3": 0.12727272727272732,
            "list_seq_rep_3": [
                0.0,
                0.08585858585858586,
                0.0757575757575758,
                0.0,
                0.005050505050505083,
                0.0,
                0.23737373737373735,
                0.01025641025641022,
                0.05102040816326525,
                0.1767676767676768,
                0.010152284263959421,
                0.6313131313131313,
                0.1767676767676768,
                0.0757575757575758,
                0.0,
                0.3484848484848485,
                0.02020202020202022,
                0.005050505050505083,
                0.0,
                0.0757575757575758,
                0.025252525252525304,
                0.0,
                0.0,
                0.04040404040404044,
                0.06598984771573602,
                0.11616161616161613,
                0.08585858585858586,
                0.5606060606060606,
                0.03535353535353536,
                0.0,
                0.010101010101010055,
                0.5482233502538071
            ]
        }
    },
    "metadata": {
        "detection_method": "kgw",
        "num_samples": 32,
        "ppl_model": "/mnt/lustrenew/mllm_safety-shared/models/huggingface/meta-llama/Meta-Llama-3.1-8B"
    }
}