{
    "detection_scores": {
        "vanilla_scores": [
            0.38250743933112885,
            0.21681740584472967,
            0.10358208597462179,
            0.10358208597462179,
            0.6392026174713024,
            0.7544485191610798,
            0.44583680479645454,
            0.6392026174713024,
            0.21681740584472967,
            0.8836160351862405,
            0.32242573363325705,
            0.8471148436929272,
            0.026491784932231744,
            0.029291323400813283,
            0.6991775254935335,
            0.9375246722719879,
            0.38250743933112885,
            0.38250743933112885,
            0.21681740584472967,
            0.44583680479645454,
            0.1351159725207279,
            0.05734712978019507,
            0.26687849628994026,
            0.5758957701145038,
            0.5758957701145038,
            0.5758957701145038,
            0.8471148436929272,
            0.44583680479645454,
            0.9136074600438041,
            0.8471148436929272,
            0.5108662874554788,
            0.1351159725207279
        ],
        "watermarked_scores": [
            4.256772933855766e-49,
            1.3395210011940047e-43,
            1.326402664727969e-63,
            7.462211555594298e-35,
            2.891339524242926e-42,
            3.9304242475857884e-58,
            2.6778610703480543e-46,
            5.012752242604624e-44,
            1.6738992774809722e-53,
            3.3687372541179135e-59,
            6.923501491139553e-72,
            2.469713844916831e-29,
            2.179690300748062e-45,
            5.993426199293331e-41,
            4.8871352226551435e-56,
            1.757712950570242e-62,
            5.213676766424362e-55,
            1.326402664727969e-63,
            7.192104585134415e-39,
            4.8871352226551435e-56,
            5.369211233986705e-41,
            2.673293587114147e-37,
            4.7142258136105125e-50,
            6.1083709381796425e-28,
            2.254153727876388e-61,
            4.8871352226551435e-56,
            7.192104585134415e-39,
            2.891339524242926e-42,
            5.4440730842594115e-53,
            5.333330207674378e-52,
            7.462211555594298e-35,
            5.077223386513875e-81
        ],
        "mean_vanilla_score": 0.4550622847162843,
        "mean_watermarked_score": 1.9860449431037404e-29,
        "median_watermarked_score": 2.3640977576084084e-49,
        "median_vanilla_score": 0.44583680479645454
    },
    "perplexity_metrics": {
        "vanilla": {
            "mean_perplexity": 6.782928466796875,
            "median_perplexity": 6.064453125,
            "perplexities": [
                4.73828125,
                4.59375,
                5.80078125,
                4.24609375,
                5.1640625,
                10.2421875,
                4.98828125,
                12.109375,
                9.8046875,
                4.93359375,
                8.3046875,
                10.8359375,
                3.76953125,
                2.05078125,
                7.94140625,
                9.75,
                10.6640625,
                5.94921875,
                7.4453125,
                5.59765625,
                8.40625,
                4.90234375,
                6.40625,
                5.40234375,
                6.1796875,
                8.1953125,
                2.181640625,
                4.6640625,
                7.7578125,
                13.9140625,
                1.6064453125,
                8.5078125
            ]
        },
        "watermarked": {
            "mean_perplexity": 294.7412109375,
            "median_perplexity": 262.0,
            "perplexities": [
                149.625,
                234.375,
                110.3125,
                534.5,
                170.125,
                235.375,
                243.75,
                311.75,
                91.0625,
                181.125,
                257.5,
                401.75,
                313.0,
                229.0,
                126.9375,
                541.0,
                265.5,
                342.5,
                258.5,
                287.25,
                383.5,
                864.0,
                421.25,
                103.1875,
                269.75,
                40.03125,
                83.5625,
                413.0,
                394.0,
                383.5,
                642.0,
                149.0
            ]
        }
    },
    "repetition_metrics": {
        "vanilla": {
            "median_seq_rep_3": 0.025252525252525304,
            "mean_seq_rep_3": 0.04577260549659028,
            "total_rep_3": 0.05698500394632988,
            "list_seq_rep_3": [
                0.04040404040404044,
                0.1262626262626263,
                0.16161616161616166,
                0.08080808080808077,
                0.0,
                0.005050505050505083,
                0.025252525252525304,
                0.0,
                0.025252525252525304,
                0.030303030303030276,
                0.005050505050505083,
                0.025252525252525304,
                0.015228426395939132,
                0.010101010101010055,
                0.02020202020202022,
                0.0,
                0.0,
                0.02020202020202022,
                0.025252525252525304,
                0.025252525252525304,
                0.005050505050505083,
                0.06060606060606055,
                0.005050505050505083,
                0.045454545454545414,
                0.010101010101010055,
                0.04040404040404044,
                0.297979797979798,
                0.10606060606060608,
                0.030303030303030276,
                0.0,
                0.21212121212121215,
                0.010101010101010055
            ]
        },
        "watermarked": {
            "median_seq_rep_3": 0.047979797979797956,
            "mean_seq_rep_3": 0.0798243886079274,
            "total_rep_3": 0.10020546862652124,
            "list_seq_rep_3": [
                0.19696969696969702,
                0.14141414141414144,
                0.2272727272727273,
                0.005076142131979711,
                0.13197969543147203,
                0.005050505050505083,
                0.101010101010101,
                0.050761421319796995,
                0.13197969543147203,
                0.06060606060606055,
                0.015151515151515138,
                0.045454545454545414,
                0.030303030303030276,
                0.08163265306122447,
                0.16666666666666663,
                0.010101010101010055,
                0.005050505050505083,
                0.015151515151515138,
                0.02030456852791873,
                0.05555555555555558,
                0.045454545454545414,
                0.0,
                0.0505050505050505,
                0.2272727272727273,
                0.03535353535353536,
                0.3484848484848485,
                0.24365482233502533,
                0.015228426395939132,
                0.0,
                0.015151515151515138,
                0.005076142131979711,
                0.07070707070707072
            ]
        }
    },
    "metadata": {
        "detection_method": "kgw",
        "num_samples": 32,
        "ppl_model": "/mnt/lustrenew/mllm_safety-shared/models/huggingface/meta-llama/Meta-Llama-3.1-8B"
    }
}