{
    "detection_scores": {
        "vanilla_scores": [
            0.38250743933112885,
            0.21681740584472967,
            0.10358208597462179,
            0.10358208597462179,
            0.6392026174713024,
            0.7544485191610798,
            0.44583680479645454,
            0.6392026174713024,
            0.21681740584472967,
            0.8836160351862405,
            0.32242573363325705,
            0.8471148436929272,
            0.026491784932231744,
            0.029291323400813283,
            0.6991775254935335,
            0.9375246722719879,
            0.38250743933112885,
            0.38250743933112885,
            0.21681740584472967,
            0.44583680479645454,
            0.1351159725207279,
            0.05734712978019507,
            0.26687849628994026,
            0.5758957701145038,
            0.5758957701145038,
            0.5758957701145038,
            0.8471148436929272,
            0.44583680479645454,
            0.9136074600438041,
            0.8471148436929272,
            0.5108662874554788,
            0.1351159725207279
        ],
        "watermarked_scores": [
            1.6196290272301364e-08,
            1.850289616547429e-07,
            1.332115231257131e-12,
            1.850289616547429e-07,
            0.009178679390778589,
            4.378957471467549e-18,
            1.850289616547429e-07,
            1.185855146094052e-09,
            8.495616097290753e-07,
            1.4083981957400238e-05,
            2.891292403323301e-09,
            1.0234594838755463e-11,
            1.850289616547429e-07,
            2.891292403323301e-09,
            3.7209798727626364e-08,
            1.7666461197620142e-06,
            8.380496965030422e-08,
            1.8800047124413736e-10,
            1.7373044104054395e-16,
            0.0014671279285978405,
            0.0008814169940861691,
            1.7666461197620142e-06,
            2.7542100548833858e-11,
            3.6008151398279957e-06,
            7.193361071692652e-06,
            3.7209798727626364e-08,
            7.193361071692652e-06,
            0.0008814169940861691,
            7.193361071692652e-06,
            1.185855146094052e-09,
            0.0005188340346265688,
            5.3958948221818666e-14
        ],
        "mean_vanilla_score": 0.4550622847162843,
        "mean_watermarked_score": 0.0004053764373281065,
        "median_watermarked_score": 0.44583680479645454,
        "median_vanilla_score": 1.850289616547429e-07
    },
    "perplexity_metrics": {
        "vanilla": {
            "mean_perplexity": 6.782928466796875,
            "median_perplexity": 6.064453125,
            "perplexities": [
                4.73828125,
                4.59375,
                5.80078125,
                4.24609375,
                5.1640625,
                10.2421875,
                4.98828125,
                12.109375,
                9.8046875,
                4.93359375,
                8.3046875,
                10.8359375,
                3.76953125,
                2.05078125,
                7.94140625,
                9.75,
                10.6640625,
                5.94921875,
                7.4453125,
                5.59765625,
                8.40625,
                4.90234375,
                6.40625,
                5.40234375,
                6.1796875,
                8.1953125,
                2.181640625,
                4.6640625,
                7.7578125,
                13.9140625,
                1.6064453125,
                8.5078125
            ]
        },
        "watermarked": {
            "mean_perplexity": 9.6796875,
            "median_perplexity": 8.80078125,
            "perplexities": [
                10.4609375,
                8.703125,
                9.5234375,
                5.390625,
                8.84375,
                15.1875,
                6.22265625,
                15.3984375,
                4.828125,
                8.2265625,
                9.671875,
                13.9375,
                8.6875,
                4.3828125,
                10.0390625,
                8.7578125,
                7.92578125,
                11.46875,
                8.640625,
                10.3203125,
                8.359375,
                8.5390625,
                10.8359375,
                17.078125,
                7.4609375,
                7.7421875,
                8.2265625,
                9.8671875,
                7.0234375,
                16.75,
                11.4453125,
                9.8046875
            ]
        }
    },
    "repetition_metrics": {
        "vanilla": {
            "median_seq_rep_3": 0.025252525252525304,
            "mean_seq_rep_3": 0.04577260549659028,
            "total_rep_3": 0.05698500394632988,
            "list_seq_rep_3": [
                0.04040404040404044,
                0.1262626262626263,
                0.16161616161616166,
                0.08080808080808077,
                0.0,
                0.005050505050505083,
                0.025252525252525304,
                0.0,
                0.025252525252525304,
                0.030303030303030276,
                0.005050505050505083,
                0.025252525252525304,
                0.015228426395939132,
                0.010101010101010055,
                0.02020202020202022,
                0.0,
                0.0,
                0.02020202020202022,
                0.025252525252525304,
                0.025252525252525304,
                0.005050505050505083,
                0.06060606060606055,
                0.005050505050505083,
                0.045454545454545414,
                0.010101010101010055,
                0.04040404040404044,
                0.297979797979798,
                0.10606060606060608,
                0.030303030303030276,
                0.0,
                0.21212121212121215,
                0.010101010101010055
            ]
        },
        "watermarked": {
            "median_seq_rep_3": 0.03282828282828282,
            "mean_seq_rep_3": 0.04750631313131312,
            "total_rep_3": 0.059974747474747514,
            "list_seq_rep_3": [
                0.0505050505050505,
                0.06060606060606055,
                0.030303030303030276,
                0.05555555555555558,
                0.005050505050505083,
                0.015151515151515138,
                0.0,
                0.010101010101010055,
                0.21717171717171713,
                0.13636363636363635,
                0.010101010101010055,
                0.13131313131313127,
                0.045454545454545414,
                0.101010101010101,
                0.0757575757575758,
                0.02020202020202022,
                0.03535353535353536,
                0.005050505050505083,
                0.010101010101010055,
                0.010101010101010055,
                0.0,
                0.04040404040404044,
                0.030303030303030276,
                0.05555555555555558,
                0.010101010101010055,
                0.101010101010101,
                0.025252525252525304,
                0.10606060606060608,
                0.03535353535353536,
                0.0,
                0.030303030303030276,
                0.06060606060606055
            ]
        }
    },
    "metadata": {
        "detection_method": "kgw",
        "num_samples": 32,
        "ppl_model": "/mnt/lustrenew/mllm_safety-shared/models/huggingface/meta-llama/Meta-Llama-3.1-8B"
    }
}