{
    "detection_scores": {
        "vanilla_scores": [
            0.38250743933112885,
            0.21681740584472967,
            0.10358208597462179,
            0.10358208597462179,
            0.6392026174713024,
            0.7544485191610798,
            0.44583680479645454,
            0.6392026174713024,
            0.21681740584472967,
            0.8836160351862405,
            0.32242573363325705,
            0.8471148436929272,
            0.026491784932231744,
            0.029291323400813283,
            0.6991775254935335,
            0.9375246722719879,
            0.38250743933112885,
            0.38250743933112885,
            0.21681740584472967,
            0.44583680479645454,
            0.1351159725207279,
            0.05734712978019507,
            0.26687849628994026,
            0.5758957701145038,
            0.5758957701145038,
            0.5758957701145038,
            0.8471148436929272,
            0.44583680479645454,
            0.9136074600438041,
            0.8471148436929272,
            0.5108662874554788,
            0.1351159725207279
        ],
        "watermarked_scores": [
            2.380248302952419e-23,
            7.46031146955063e-42,
            3.207189137152643e-47,
            2.448289219524794e-20,
            4.665963805281391e-13,
            1.757712950570242e-62,
            4.556155737577618e-36,
            3.773147184320832e-40,
            5.4518558682253655e-77,
            1.711047660696746e-31,
            1.3887540736433585e-26,
            7.46031146955063e-42,
            6.417595140328996e-26,
            9.226282199829347e-20,
            5.694866599381179e-16,
            2.9432309769801617e-27,
            2.380248302952419e-23,
            2.0878715593694968e-94,
            3.1240755536899586e-32,
            6.417595140328996e-26,
            6.417595140328996e-26,
            8.846636486993261e-16,
            3.773147184320832e-40,
            2.469713844916831e-29,
            9.452228268395175e-18,
            1.7362110680478014e-38,
            1.2878606109634313e-24,
            4.556155737577618e-36,
            1.6230374204039128e-21,
            3.3687372541179135e-59,
            2.448289219524794e-20,
            9.170461555778119e-31
        ],
        "mean_vanilla_score": 0.4550622847162843,
        "mean_watermarked_score": 1.462687893643097e-14,
        "median_watermarked_score": 1.483964057714665e-27,
        "median_vanilla_score": 0.44583680479645454
    },
    "perplexity_metrics": {
        "vanilla": {
            "mean_perplexity": 6.782928466796875,
            "median_perplexity": 6.064453125,
            "perplexities": [
                4.73828125,
                4.59375,
                5.80078125,
                4.24609375,
                5.1640625,
                10.2421875,
                4.98828125,
                12.109375,
                9.8046875,
                4.93359375,
                8.3046875,
                10.8359375,
                3.76953125,
                2.05078125,
                7.94140625,
                9.75,
                10.6640625,
                5.94921875,
                7.4453125,
                5.59765625,
                8.40625,
                4.90234375,
                6.40625,
                5.40234375,
                6.1796875,
                8.1953125,
                2.181640625,
                4.6640625,
                7.7578125,
                13.9140625,
                1.6064453125,
                8.5078125
            ]
        },
        "watermarked": {
            "mean_perplexity": 22.2630615234375,
            "median_perplexity": 21.390625,
            "perplexities": [
                27.890625,
                40.71875,
                22.453125,
                9.90625,
                17.96875,
                26.453125,
                28.890625,
                49.40625,
                8.0859375,
                16.90625,
                13.9921875,
                37.65625,
                30.265625,
                6.234375,
                27.5,
                20.328125,
                11.46875,
                2.61328125,
                15.1640625,
                23.578125,
                20.28125,
                24.84375,
                33.1875,
                33.0625,
                30.921875,
                32.9375,
                13.1171875,
                16.984375,
                23.953125,
                10.3828125,
                15.34375,
                19.921875
            ]
        }
    },
    "repetition_metrics": {
        "vanilla": {
            "median_seq_rep_3": 0.025252525252525304,
            "mean_seq_rep_3": 0.04577260549659028,
            "total_rep_3": 0.05698500394632988,
            "list_seq_rep_3": [
                0.04040404040404044,
                0.1262626262626263,
                0.16161616161616166,
                0.08080808080808077,
                0.0,
                0.005050505050505083,
                0.025252525252525304,
                0.0,
                0.025252525252525304,
                0.030303030303030276,
                0.005050505050505083,
                0.025252525252525304,
                0.015228426395939132,
                0.010101010101010055,
                0.02020202020202022,
                0.0,
                0.0,
                0.02020202020202022,
                0.025252525252525304,
                0.025252525252525304,
                0.005050505050505083,
                0.06060606060606055,
                0.005050505050505083,
                0.045454545454545414,
                0.010101010101010055,
                0.04040404040404044,
                0.297979797979798,
                0.10606060606060608,
                0.030303030303030276,
                0.0,
                0.21212121212121215,
                0.010101010101010055
            ]
        },
        "watermarked": {
            "median_seq_rep_3": 0.05315848843767629,
            "mean_seq_rep_3": 0.11269661242040589,
            "total_rep_3": 0.13746843434343436,
            "list_seq_rep_3": [
                0.005050505050505083,
                0.08585858585858586,
                0.11111111111111116,
                0.11111111111111116,
                0.04040404040404044,
                0.101010101010101,
                0.025252525252525304,
                0.0505050505050505,
                0.4545454545454546,
                0.30808080808080807,
                0.025252525252525304,
                0.05555555555555558,
                0.030303030303030276,
                0.08080808080808077,
                0.010101010101010055,
                0.015151515151515138,
                0.18686868686868685,
                0.7525252525252525,
                0.04040404040404044,
                0.05555555555555558,
                0.015151515151515138,
                0.005025125628140725,
                0.07070707070707072,
                0.02020202020202022,
                0.050761421319796995,
                0.005050505050505083,
                0.045454545454545414,
                0.14646464646464652,
                0.045454545454545414,
                0.41414141414141414,
                0.05555555555555558,
                0.18686868686868685
            ]
        }
    },
    "metadata": {
        "detection_method": "kgw",
        "num_samples": 32,
        "ppl_model": "/mnt/lustrenew/mllm_safety-shared/models/huggingface/meta-llama/Meta-Llama-3.1-8B"
    }
}