{
    "detection_scores": {
        "vanilla_scores": [
            0.38250743933112885,
            0.21681740584472967,
            0.10358208597462179,
            0.10358208597462179,
            0.6392026174713024,
            0.7544485191610798,
            0.44583680479645454,
            0.6392026174713024,
            0.21681740584472967,
            0.8836160351862405,
            0.32242573363325705,
            0.8471148436929272,
            0.026491784932231744,
            0.029291323400813283,
            0.6991775254935335,
            0.9375246722719879,
            0.38250743933112885,
            0.38250743933112885,
            0.21681740584472967,
            0.44583680479645454,
            0.1351159725207279,
            0.05734712978019507,
            0.26687849628994026,
            0.5758957701145038,
            0.5758957701145038,
            0.5758957701145038,
            0.8471148436929272,
            0.44583680479645454,
            0.9136074600438041,
            0.8471148436929272,
            0.5108662874554788,
            0.1351159725207279
        ],
        "watermarked_scores": [
            1.2338456690107672e-18,
            5.593652455987735e-24,
            3.207189137152643e-47,
            1.6230374204039128e-21,
            2.448289219524794e-20,
            1.3395210011940047e-43,
            9.923906683417619e-23,
            1.3395210011940047e-43,
            5.369211233986705e-41,
            4.810247106298303e-30,
            1.0119042559603408e-42,
            2.254153727876388e-61,
            1.7362110680478014e-38,
            1.185855146094052e-09,
            1.1373502558397022e-37,
            1.757712950570242e-62,
            4.556155737577618e-36,
            4.556155737577618e-36,
            3.207189137152643e-47,
            4.556155737577618e-36,
            3.1240755536899586e-32,
            5.593652455987735e-24,
            1.730111437829851e-44,
            7.46031146955063e-42,
            1.523466595091507e-17,
            7.281123580937401e-37,
            1.7362110680478014e-38,
            1.711047660696746e-31,
            3.773147184320832e-40,
            5.5809499869590474e-33,
            5.694866599381179e-16,
            5.333330207674378e-52
        ],
        "mean_vanilla_score": 0.4550622847162843,
        "mean_watermarked_score": 3.7057991627357496e-11,
        "median_watermarked_score": 2.6421340478356792e-36,
        "median_vanilla_score": 0.44583680479645454
    },
    "perplexity_metrics": {
        "vanilla": {
            "mean_perplexity": 6.782928466796875,
            "median_perplexity": 6.064453125,
            "perplexities": [
                4.73828125,
                4.59375,
                5.80078125,
                4.24609375,
                5.1640625,
                10.2421875,
                4.98828125,
                12.109375,
                9.8046875,
                4.93359375,
                8.3046875,
                10.8359375,
                3.76953125,
                2.05078125,
                7.94140625,
                9.75,
                10.6640625,
                5.94921875,
                7.4453125,
                5.59765625,
                8.40625,
                4.90234375,
                6.40625,
                5.40234375,
                6.1796875,
                8.1953125,
                2.181640625,
                4.6640625,
                7.7578125,
                13.9140625,
                1.6064453125,
                8.5078125
            ]
        },
        "watermarked": {
            "mean_perplexity": 21.2442626953125,
            "median_perplexity": 18.7421875,
            "perplexities": [
                10.7109375,
                16.59375,
                23.203125,
                9.0859375,
                11.0703125,
                23.625,
                8.453125,
                42.09375,
                22.984375,
                23.03125,
                29.109375,
                19.390625,
                16.625,
                9.3203125,
                16.78125,
                18.46875,
                19.015625,
                39.09375,
                15.4609375,
                14.8984375,
                30.453125,
                20.203125,
                35.25,
                5.08984375,
                15.859375,
                23.8125,
                17.109375,
                17.59375,
                27.40625,
                49.53125,
                14.5234375,
                33.96875
            ]
        }
    },
    "repetition_metrics": {
        "vanilla": {
            "median_seq_rep_3": 0.025252525252525304,
            "mean_seq_rep_3": 0.04577260549659028,
            "total_rep_3": 0.05698500394632988,
            "list_seq_rep_3": [
                0.04040404040404044,
                0.1262626262626263,
                0.16161616161616166,
                0.08080808080808077,
                0.0,
                0.005050505050505083,
                0.025252525252525304,
                0.0,
                0.025252525252525304,
                0.030303030303030276,
                0.005050505050505083,
                0.025252525252525304,
                0.015228426395939132,
                0.010101010101010055,
                0.02020202020202022,
                0.0,
                0.0,
                0.02020202020202022,
                0.025252525252525304,
                0.025252525252525304,
                0.005050505050505083,
                0.06060606060606055,
                0.005050505050505083,
                0.045454545454545414,
                0.010101010101010055,
                0.04040404040404044,
                0.297979797979798,
                0.10606060606060608,
                0.030303030303030276,
                0.0,
                0.21212121212121215,
                0.010101010101010055
            ]
        },
        "watermarked": {
            "median_seq_rep_3": 0.02020202020202022,
            "mean_seq_rep_3": 0.052872474747474744,
            "total_rep_3": 0.07149621212121215,
            "list_seq_rep_3": [
                0.0757575757575758,
                0.045454545454545414,
                0.010101010101010055,
                0.15656565656565657,
                0.02020202020202022,
                0.06060606060606055,
                0.025252525252525304,
                0.005050505050505083,
                0.10606060606060608,
                0.005050505050505083,
                0.045454545454545414,
                0.18686868686868685,
                0.03535353535353536,
                0.015151515151515138,
                0.0505050505050505,
                0.14646464646464652,
                0.010101010101010055,
                0.010101010101010055,
                0.030303030303030276,
                0.010101010101010055,
                0.030303030303030276,
                0.005050505050505083,
                0.010101010101010055,
                0.48989898989898994,
                0.0,
                0.0,
                0.02020202020202022,
                0.0,
                0.03535353535353536,
                0.015151515151515138,
                0.02020202020202022,
                0.015151515151515138
            ]
        }
    },
    "metadata": {
        "detection_method": "kgw",
        "num_samples": 32,
        "ppl_model": "/mnt/lustrenew/mllm_safety-shared/models/huggingface/meta-llama/Meta-Llama-3.1-8B"
    }
}