{
    "detection_scores": {
        "vanilla_scores": [
            0.38250743933112885,
            0.21681740584472967,
            0.10358208597462179,
            0.10358208597462179,
            0.6392026174713024,
            0.7544485191610798,
            0.44583680479645454,
            0.6392026174713024,
            0.21681740584472967,
            0.8836160351862405,
            0.32242573363325705,
            0.8471148436929272,
            0.026491784932231744,
            0.029291323400813283,
            0.6991775254935335,
            0.9375246722719879,
            0.38250743933112885,
            0.38250743933112885,
            0.21681740584472967,
            0.44583680479645454,
            0.1351159725207279,
            0.05734712978019507,
            0.26687849628994026,
            0.5758957701145038,
            0.5758957701145038,
            0.5758957701145038,
            0.8471148436929272,
            0.44583680479645454,
            0.9136074600438041,
            0.8471148436929272,
            0.5108662874554788,
            0.1351159725207279
        ],
        "watermarked_scores": [
            2.7024904108606995e-05,
            0.00016911265119370079,
            1.6024434745223355e-13,
            0.00016911265119370079,
            0.009178679390778589,
            2.891292403323301e-09,
            1.185855146094052e-09,
            2.7542100548833858e-11,
            8.371445949933147e-13,
            2.7024904108606995e-05,
            1.332115231257131e-12,
            7.193361071692652e-06,
            0.0008814169940861691,
            1.4083981957400238e-05,
            5.0819502902761e-05,
            1.4083981957400238e-05,
            2.7024904108606995e-05,
            5.3958948221818666e-14,
            5.0819502902761e-05,
            5.0819502902761e-05,
            1.6196290272301364e-08,
            0.00016911265119370079,
            1.8800047124413736e-10,
            1.4083981957400238e-05,
            1.4083981957400238e-05,
            0.00016911265119370079,
            2.891292403323301e-09,
            1.4083981957400238e-05,
            0.0008814169940861691,
            2.891292403323301e-09,
            0.029291323400813283,
            1.6196290272301364e-08
        ],
        "mean_vanilla_score": 0.4550622847162843,
        "mean_watermarked_score": 0.0012881398858334606,
        "median_watermarked_score": 1.4083981957400238e-05,
        "median_vanilla_score": 0.44583680479645454
    },
    "perplexity_metrics": {
        "vanilla": {
            "mean_perplexity": 6.782928466796875,
            "median_perplexity": 6.064453125,
            "perplexities": [
                4.73828125,
                4.59375,
                5.80078125,
                4.24609375,
                5.1640625,
                10.2421875,
                4.98828125,
                12.109375,
                9.8046875,
                4.93359375,
                8.3046875,
                10.8359375,
                3.76953125,
                2.05078125,
                7.94140625,
                9.75,
                10.6640625,
                5.94921875,
                7.4453125,
                5.59765625,
                8.40625,
                4.90234375,
                6.40625,
                5.40234375,
                6.1796875,
                8.1953125,
                2.181640625,
                4.6640625,
                7.7578125,
                13.9140625,
                1.6064453125,
                8.5078125
            ]
        },
        "watermarked": {
            "mean_perplexity": 9.0313720703125,
            "median_perplexity": 8.68359375,
            "perplexities": [
                8.640625,
                7.015625,
                8.5859375,
                3.77734375,
                4.98046875,
                10.7109375,
                11.1796875,
                8.5078125,
                18.4375,
                9.3984375,
                10.3828125,
                18.1875,
                5.75390625,
                3.548828125,
                7.4609375,
                9.8046875,
                9.3984375,
                10.21875,
                8.7265625,
                7.89453125,
                9.984375,
                9.265625,
                11.3515625,
                7.55078125,
                10.5625,
                12.96875,
                5.75390625,
                4.26953125,
                6.39453125,
                16.140625,
                3.908203125,
                8.2421875
            ]
        }
    },
    "repetition_metrics": {
        "vanilla": {
            "median_seq_rep_3": 0.025252525252525304,
            "mean_seq_rep_3": 0.04577260549659028,
            "total_rep_3": 0.05698500394632988,
            "list_seq_rep_3": [
                0.04040404040404044,
                0.1262626262626263,
                0.16161616161616166,
                0.08080808080808077,
                0.0,
                0.005050505050505083,
                0.025252525252525304,
                0.0,
                0.025252525252525304,
                0.030303030303030276,
                0.005050505050505083,
                0.025252525252525304,
                0.015228426395939132,
                0.010101010101010055,
                0.02020202020202022,
                0.0,
                0.0,
                0.02020202020202022,
                0.025252525252525304,
                0.025252525252525304,
                0.005050505050505083,
                0.06060606060606055,
                0.005050505050505083,
                0.045454545454545414,
                0.010101010101010055,
                0.04040404040404044,
                0.297979797979798,
                0.10606060606060608,
                0.030303030303030276,
                0.0,
                0.21212121212121215,
                0.010101010101010055
            ]
        },
        "watermarked": {
            "median_seq_rep_3": 0.022727272727272763,
            "mean_seq_rep_3": 0.042616890555034884,
            "total_rep_3": 0.054643082754264105,
            "list_seq_rep_3": [
                0.010101010101010055,
                0.04040404040404044,
                0.025252525252525304,
                0.13636363636363635,
                0.03535353535353536,
                0.0505050505050505,
                0.02020202020202022,
                0.05555555555555558,
                0.005154639175257714,
                0.08585858585858586,
                0.0,
                0.005050505050505083,
                0.03535353535353536,
                0.06565656565656564,
                0.0,
                0.010101010101010055,
                0.010101010101010055,
                0.03535353535353536,
                0.015151515151515138,
                0.015151515151515138,
                0.025252525252525304,
                0.045454545454545414,
                0.010101010101010055,
                0.05555555555555558,
                0.010101010101010055,
                0.015151515151515138,
                0.11616161616161613,
                0.3737373737373737,
                0.005050505050505083,
                0.005050505050505083,
                0.025252525252525304,
                0.02020202020202022
            ]
        }
    },
    "metadata": {
        "detection_method": "kgw",
        "num_samples": 32,
        "ppl_model": "/mnt/lustrenew/mllm_safety-shared/models/huggingface/meta-llama/Meta-Llama-3.1-8B"
    }
}