{
    "detection_scores": {
        "vanilla_scores": [
            0.38250743933112885,
            0.21681740584472967,
            0.10358208597462179,
            0.10358208597462179,
            0.6392026174713024,
            0.7544485191610798,
            0.44583680479645454,
            0.6392026174713024,
            0.21681740584472967,
            0.8836160351862405,
            0.32242573363325705,
            0.8471148436929272,
            0.026491784932231744,
            0.029291323400813283,
            0.6991775254935335,
            0.9375246722719879,
            0.38250743933112885,
            0.38250743933112885,
            0.21681740584472967,
            0.44583680479645454,
            0.1351159725207279,
            0.05734712978019507,
            0.26687849628994026,
            0.5758957701145038,
            0.5758957701145038,
            0.5758957701145038,
            0.8471148436929272,
            0.44583680479645454,
            0.9136074600438041,
            0.8471148436929272,
            0.5108662874554788,
            0.1351159725207279
        ],
        "watermarked_scores": [
            0.992414106771399,
            1.1912265359048556e-08,
            4.556155737577618e-36,
            1.2489936546633489e-57,
            2.0201236196249575e-18,
            1.757712950570242e-62,
            1.711047660696746e-31,
            2.179690300748062e-45,
            1.423641361788219e-62,
            1.1373502558397022e-37,
            4.885859145829557e-08,
            1.3169763375236824e-37,
            9.753438626106413e-34,
            5.403829695606577e-54,
            3.828283057211402e-09,
            5.333330207674378e-52,
            7.281123580937401e-37,
            4.2462459267146577e-19,
            0.41590075355806166,
            0.13743701166479974,
            2.254153727876388e-61,
            0.494582000614126,
            9.00804734701948e-60,
            1.5439156356417757e-50,
            1.6230374204039128e-21,
            5.429260171278155e-31,
            1.3395210011940047e-43,
            1.1068252291059308e-42,
            2.380248302952419e-23,
            1.0601366519622106e-10,
            3.3128762717325843e-47,
            7.46031146955063e-42
        ],
        "mean_vanilla_score": 0.4550622847162843,
        "mean_watermarked_score": 0.06376043554104813,
        "median_watermarked_score": 2.6421340478356792e-36,
        "median_vanilla_score": 0.44583680479645454
    },
    "perplexity_metrics": {
        "vanilla": {
            "mean_perplexity": 6.782928466796875,
            "median_perplexity": 6.064453125,
            "perplexities": [
                4.73828125,
                4.59375,
                5.80078125,
                4.24609375,
                5.1640625,
                10.2421875,
                4.98828125,
                12.109375,
                9.8046875,
                4.93359375,
                8.3046875,
                10.8359375,
                3.76953125,
                2.05078125,
                7.94140625,
                9.75,
                10.6640625,
                5.94921875,
                7.4453125,
                5.59765625,
                8.40625,
                4.90234375,
                6.40625,
                5.40234375,
                6.1796875,
                8.1953125,
                2.181640625,
                4.6640625,
                7.7578125,
                13.9140625,
                1.6064453125,
                8.5078125
            ]
        },
        "watermarked": {
            "mean_perplexity": Infinity,
            "median_perplexity": 643.25,
            "perplexities": [
                Infinity,
                124.5,
                691.5,
                308.0,
                3028.0,
                297.5,
                1158.0,
                987.0,
                328.0,
                153.75,
                24960.0,
                605.5,
                413.0,
                59.96875,
                5700.0,
                296.25,
                405.0,
                3798.0,
                Infinity,
                Infinity,
                211.0,
                Infinity,
                71.1875,
                233.5,
                2340.0,
                514.0,
                818.0,
                681.0,
                286.0,
                8104.0,
                147.875,
                818.0
            ]
        }
    },
    "repetition_metrics": {
        "vanilla": {
            "median_seq_rep_3": 0.025252525252525304,
            "mean_seq_rep_3": 0.04577260549659028,
            "total_rep_3": 0.05698500394632988,
            "list_seq_rep_3": [
                0.04040404040404044,
                0.1262626262626263,
                0.16161616161616166,
                0.08080808080808077,
                0.0,
                0.005050505050505083,
                0.025252525252525304,
                0.0,
                0.025252525252525304,
                0.030303030303030276,
                0.005050505050505083,
                0.025252525252525304,
                0.015228426395939132,
                0.010101010101010055,
                0.02020202020202022,
                0.0,
                0.0,
                0.02020202020202022,
                0.025252525252525304,
                0.025252525252525304,
                0.005050505050505083,
                0.06060606060606055,
                0.005050505050505083,
                0.045454545454545414,
                0.010101010101010055,
                0.04040404040404044,
                0.297979797979798,
                0.10606060606060608,
                0.030303030303030276,
                0.0,
                0.21212121212121215,
                0.010101010101010055
            ]
        },
        "watermarked": {
            "median_seq_rep_3": 0.010152545866831564,
            "mean_seq_rep_3": 0.055153128529434936,
            "total_rep_3": 0.06772720113403685,
            "list_seq_rep_3": [
                0.0,
                0.2094240837696335,
                0.0,
                0.02030456852791873,
                0.055276381909547756,
                0.06565656565656564,
                0.0,
                0.005050505050505083,
                0.056122448979591844,
                0.21212121212121215,
                0.0,
                0.010204081632653073,
                0.05555555555555558,
                0.24747474747474751,
                0.0,
                0.06060606060606055,
                0.010101010101010055,
                0.0,
                0.0,
                0.0,
                0.0757575757575758,
                0.0,
                0.29949238578680204,
                0.10152284263959388,
                0.010101010101010055,
                0.05641025641025643,
                0.0,
                0.0,
                0.05555555555555558,
                0.0,
                0.15816326530612246,
                0.0
            ]
        }
    },
    "metadata": {
        "detection_method": "kgw",
        "num_samples": 32,
        "ppl_model": "/mnt/lustrenew/mllm_safety-shared/models/huggingface/meta-llama/Meta-Llama-3.1-8B"
    }
}