{
    "detection_scores": {
        "vanilla_scores": [
            0.38250743933112885,
            0.21681740584472967,
            0.10358208597462179,
            0.10358208597462179,
            0.6392026174713024,
            0.7544485191610798,
            0.44583680479645454,
            0.6392026174713024,
            0.21681740584472967,
            0.8836160351862405,
            0.32242573363325705,
            0.8471148436929272,
            0.026491784932231744,
            0.029291323400813283,
            0.6991775254935335,
            0.9375246722719879,
            0.38250743933112885,
            0.38250743933112885,
            0.21681740584472967,
            0.44583680479645454,
            0.1351159725207279,
            0.05734712978019507,
            0.26687849628994026,
            0.5758957701145038,
            0.5758957701145038,
            0.5758957701145038,
            0.8471148436929272,
            0.44583680479645454,
            0.9136074600438041,
            0.8471148436929272,
            0.5108662874554788,
            0.1351159725207279
        ],
        "watermarked_scores": [
            2.7024904108606995e-05,
            8.380496965030422e-08,
            3.7209798727626364e-08,
            1.850289616547429e-07,
            0.9999999998302675,
            1.6024434745223355e-13,
            5.0819502902761e-05,
            1.185855146094052e-09,
            1.0234594838755463e-11,
            4.768531402796335e-10,
            1.7666461197620142e-06,
            2.891292403323301e-09,
            3.6008151398279957e-06,
            0.05734712978019507,
            4.004543805359876e-07,
            1.850289616547429e-07,
            4.004543805359876e-07,
            5.0819502902761e-05,
            2.891292403323301e-09,
            8.380496965030422e-08,
            1.6196290272301364e-08,
            0.0038229784327127665,
            1.6196290272301364e-08,
            0.0014671279285978405,
            4.665963805281391e-13,
            3.6008151398279957e-06,
            5.0819502902761e-05,
            1.4083981957400238e-05,
            2.891292403323301e-09,
            5.1959296764365686e-17,
            4.768531402796335e-10,
            0.0002992415380524399
        ],
        "mean_vanilla_score": 0.4550622847162843,
        "mean_watermarked_score": 0.033223138505759454,
        "median_watermarked_score": 1.850289616547429e-07,
        "median_vanilla_score": 0.44583680479645454
    },
    "perplexity_metrics": {
        "vanilla": {
            "mean_perplexity": 6.782928466796875,
            "median_perplexity": 6.064453125,
            "perplexities": [
                4.73828125,
                4.59375,
                5.80078125,
                4.24609375,
                5.1640625,
                10.2421875,
                4.98828125,
                12.109375,
                9.8046875,
                4.93359375,
                8.3046875,
                10.8359375,
                3.76953125,
                2.05078125,
                7.94140625,
                9.75,
                10.6640625,
                5.94921875,
                7.4453125,
                5.59765625,
                8.40625,
                4.90234375,
                6.40625,
                5.40234375,
                6.1796875,
                8.1953125,
                2.181640625,
                4.6640625,
                7.7578125,
                13.9140625,
                1.6064453125,
                8.5078125
            ]
        },
        "watermarked": {
            "mean_perplexity": 10.266693115234375,
            "median_perplexity": 9.69921875,
            "perplexities": [
                9.0546875,
                9.9453125,
                10.1015625,
                5.3359375,
                1.8408203125,
                10.9453125,
                6.8671875,
                13.2734375,
                15.609375,
                17.546875,
                7.8828125,
                31.046875,
                7.296875,
                2.869140625,
                4.4609375,
                10.5859375,
                10.9609375,
                9.0859375,
                7.69921875,
                8.2890625,
                13.1953125,
                6.09765625,
                10.21875,
                10.8359375,
                11.7578125,
                7.71484375,
                8.2890625,
                11.0078125,
                8.0859375,
                17.078125,
                9.453125,
                14.1015625
            ]
        }
    },
    "repetition_metrics": {
        "vanilla": {
            "median_seq_rep_3": 0.025252525252525304,
            "mean_seq_rep_3": 0.04577260549659028,
            "total_rep_3": 0.05698500394632988,
            "list_seq_rep_3": [
                0.04040404040404044,
                0.1262626262626263,
                0.16161616161616166,
                0.08080808080808077,
                0.0,
                0.005050505050505083,
                0.025252525252525304,
                0.0,
                0.025252525252525304,
                0.030303030303030276,
                0.005050505050505083,
                0.025252525252525304,
                0.015228426395939132,
                0.010101010101010055,
                0.02020202020202022,
                0.0,
                0.0,
                0.02020202020202022,
                0.025252525252525304,
                0.025252525252525304,
                0.005050505050505083,
                0.06060606060606055,
                0.005050505050505083,
                0.045454545454545414,
                0.010101010101010055,
                0.04040404040404044,
                0.297979797979798,
                0.10606060606060608,
                0.030303030303030276,
                0.0,
                0.21212121212121215,
                0.010101010101010055
            ]
        },
        "watermarked": {
            "median_seq_rep_3": 0.030303030303030276,
            "mean_seq_rep_3": 0.06360479797979798,
            "total_rep_3": 0.07591540404040409,
            "list_seq_rep_3": [
                0.03535353535353536,
                0.03535353535353536,
                0.04040404040404044,
                0.030303030303030276,
                0.7626262626262627,
                0.03535353535353536,
                0.03535353535353536,
                0.015151515151515138,
                0.0,
                0.005050505050505083,
                0.0505050505050505,
                0.025252525252525304,
                0.025252525252525304,
                0.1515151515151515,
                0.24242424242424243,
                0.015151515151515138,
                0.015151515151515138,
                0.11111111111111116,
                0.010101010101010055,
                0.045454545454545414,
                0.005050505050505083,
                0.025252525252525304,
                0.015151515151515138,
                0.030303030303030276,
                0.005050505050505083,
                0.0,
                0.05555555555555558,
                0.030303030303030276,
                0.025252525252525304,
                0.010101010101010055,
                0.101010101010101,
                0.045454545454545414
            ]
        }
    },
    "metadata": {
        "detection_method": "kgw",
        "num_samples": 32,
        "ppl_model": "/mnt/lustrenew/mllm_safety-shared/models/huggingface/meta-llama/Meta-Llama-3.1-8B"
    }
}