{
    "detection_scores": {
        "vanilla_scores": [
            0.38250743933112885,
            0.21681740584472967,
            0.10358208597462179,
            0.10358208597462179,
            0.6392026174713024,
            0.7544485191610798,
            0.44583680479645454,
            0.6392026174713024,
            0.21681740584472967,
            0.8836160351862405,
            0.32242573363325705,
            0.8471148436929272,
            0.026491784932231744,
            0.029291323400813283,
            0.6991775254935335,
            0.9375246722719879,
            0.38250743933112885,
            0.38250743933112885,
            0.21681740584472967,
            0.44583680479645454,
            0.1351159725207279,
            0.05734712978019507,
            0.26687849628994026,
            0.5758957701145038,
            0.5758957701145038,
            0.5758957701145038,
            0.8471148436929272,
            0.44583680479645454,
            0.9136074600438041,
            0.8471148436929272,
            0.5108662874554788,
            0.1351159725207279
        ],
        "watermarked_scores": [
            0.0008814169940861691,
            0.00016911265119370079,
            0.00016911265119370079,
            0.029291323400813283,
            0.1351159725207279,
            1.6196290272301364e-08,
            9.364978073223926e-05,
            0.0023926406266429954,
            0.0038229784327127665,
            0.07784753488527126,
            4.004543805359876e-07,
            0.0014671279285978405,
            0.21681740584472967,
            0.0414023702540248,
            0.00016911265119370079,
            0.0023926406266429954,
            7.193361071692652e-06,
            0.0014671279285978405,
            0.00016911265119370079,
            0.009178679390778589,
            0.0005188340346265688,
            0.0414023702540248,
            0.0014671279285978405,
            0.9136074600438041,
            5.0819502902761e-05,
            0.0008814169940861691,
            0.005984616771209155,
            9.364978073223926e-05,
            0.07784753488527126,
            4.768531402796335e-10,
            0.35126653820078035,
            0.6991775254935335
        ],
        "mean_vanilla_score": 0.4550622847162843,
        "mean_watermarked_score": 0.08172352573741554,
        "median_watermarked_score": 0.0014671279285978405,
        "median_vanilla_score": 0.44583680479645454
    },
    "perplexity_metrics": {
        "vanilla": {
            "mean_perplexity": 6.782928466796875,
            "median_perplexity": 6.064453125,
            "perplexities": [
                4.73828125,
                4.59375,
                5.80078125,
                4.24609375,
                5.1640625,
                10.2421875,
                4.98828125,
                12.109375,
                9.8046875,
                4.93359375,
                8.3046875,
                10.8359375,
                3.76953125,
                2.05078125,
                7.94140625,
                9.75,
                10.6640625,
                5.94921875,
                7.4453125,
                5.59765625,
                8.40625,
                4.90234375,
                6.40625,
                5.40234375,
                6.1796875,
                8.1953125,
                2.181640625,
                4.6640625,
                7.7578125,
                13.9140625,
                1.6064453125,
                8.5078125
            ]
        },
        "watermarked": {
            "mean_perplexity": 7.8433837890625,
            "median_perplexity": 6.951171875,
            "perplexities": [
                9.90625,
                5.953125,
                5.8046875,
                4.359375,
                6.68359375,
                10.4609375,
                6.6953125,
                12.6640625,
                10.984375,
                5.91015625,
                8.0703125,
                13.328125,
                4.515625,
                2.236328125,
                6.34375,
                9.984375,
                15.734375,
                5.69140625,
                10.0390625,
                6.0859375,
                8.1640625,
                7.03515625,
                6.96875,
                8.2578125,
                9.3203125,
                6.93359375,
                3.947265625,
                4.15234375,
                6.0859375,
                18.5,
                1.9296875,
                8.2421875
            ]
        }
    },
    "repetition_metrics": {
        "vanilla": {
            "median_seq_rep_3": 0.025252525252525304,
            "mean_seq_rep_3": 0.04577260549659028,
            "total_rep_3": 0.05698500394632988,
            "list_seq_rep_3": [
                0.04040404040404044,
                0.1262626262626263,
                0.16161616161616166,
                0.08080808080808077,
                0.0,
                0.005050505050505083,
                0.025252525252525304,
                0.0,
                0.025252525252525304,
                0.030303030303030276,
                0.005050505050505083,
                0.025252525252525304,
                0.015228426395939132,
                0.010101010101010055,
                0.02020202020202022,
                0.0,
                0.0,
                0.02020202020202022,
                0.025252525252525304,
                0.025252525252525304,
                0.005050505050505083,
                0.06060606060606055,
                0.005050505050505083,
                0.045454545454545414,
                0.010101010101010055,
                0.04040404040404044,
                0.297979797979798,
                0.10606060606060608,
                0.030303030303030276,
                0.0,
                0.21212121212121215,
                0.010101010101010055
            ]
        },
        "watermarked": {
            "median_seq_rep_3": 0.015151515151515138,
            "mean_seq_rep_3": 0.03589949237270665,
            "total_rep_3": 0.047994947900221074,
            "list_seq_rep_3": [
                0.010101010101010055,
                0.0505050505050505,
                0.06060606060606055,
                0.025252525252525304,
                0.010101010101010055,
                0.005050505050505083,
                0.010101010101010055,
                0.005050505050505083,
                0.0,
                0.030303030303030276,
                0.015151515151515138,
                0.03535353535353536,
                0.010101010101010055,
                0.05555555555555558,
                0.015151515151515138,
                0.010101010101010055,
                0.0,
                0.015151515151515138,
                0.005050505050505083,
                0.005050505050505083,
                0.0,
                0.015151515151515138,
                0.015151515151515138,
                0.07070707070707072,
                0.02020202020202022,
                0.0505050505050505,
                0.202020202020202,
                0.025252525252525304,
                0.045454545454545414,
                0.0,
                0.22959183673469385,
                0.101010101010101
            ]
        }
    },
    "metadata": {
        "detection_method": "kgw",
        "num_samples": 32,
        "ppl_model": "/mnt/lustrenew/mllm_safety-shared/models/huggingface/meta-llama/Meta-Llama-3.1-8B"
    }
}