{
    "detection_scores": {
        "vanilla_scores": [
            0.38250743933112885,
            0.21681740584472967,
            0.10358208597462179,
            0.10358208597462179,
            0.6392026174713024,
            0.7544485191610798,
            0.44583680479645454,
            0.6392026174713024,
            0.21681740584472967,
            0.8836160351862405,
            0.32242573363325705,
            0.8471148436929272,
            0.026491784932231744,
            0.029291323400813283,
            0.6991775254935335,
            0.9375246722719879,
            0.38250743933112885,
            0.38250743933112885,
            0.21681740584472967,
            0.44583680479645454,
            0.1351159725207279,
            0.05734712978019507,
            0.26687849628994026,
            0.5758957701145038,
            0.5758957701145038,
            0.5758957701145038,
            0.8471148436929272,
            0.44583680479645454,
            0.9136074600438041,
            0.8471148436929272,
            0.5108662874554788,
            0.1351159725207279
        ],
        "watermarked_scores": [
            0.17746039027834445,
            1.0825542000516593e-47,
            6.35897836238259e-45,
            7.46031146955063e-42,
            3.812947750805034e-32,
            1.1145838724702722e-47,
            4.256772933855766e-49,
            5.0828097750534414e-51,
            1.0756105334569602e-23,
            3.773147184320832e-40,
            9.679756633112897e-65,
            2.5722625690429674e-33,
            1.0052383588735255e-06,
            1.4607012240706947e-32,
            2.0406580240154417e-05,
            5.100417718879595e-13,
            3.113237154363594e-37,
            5.3958948221818666e-14,
            0.16915332842744274,
            1.0825542000516593e-47,
            1.6672599345026213e-34,
            0.7645837717733925,
            5.5809499869590474e-33,
            1.6672599345026213e-34,
            1.2595611558662167e-17,
            7.46031146955063e-42,
            7.255778590773299e-24,
            3.5759011344670814e-31,
            3.3066830580056326e-35,
            3.010189510040126e-85,
            2.673293587114147e-37,
            1.4607012240706947e-32
        ],
        "mean_vanilla_score": 0.4550622847162843,
        "mean_watermarked_score": 0.03472559069682321,
        "median_watermarked_score": 1.3694942812466147e-33,
        "median_vanilla_score": 0.44583680479645454
    },
    "perplexity_metrics": {
        "vanilla": {
            "mean_perplexity": 6.782928466796875,
            "median_perplexity": 6.064453125,
            "perplexities": [
                4.73828125,
                4.59375,
                5.80078125,
                4.24609375,
                5.1640625,
                10.2421875,
                4.98828125,
                12.109375,
                9.8046875,
                4.93359375,
                8.3046875,
                10.8359375,
                3.76953125,
                2.05078125,
                7.94140625,
                9.75,
                10.6640625,
                5.94921875,
                7.4453125,
                5.59765625,
                8.40625,
                4.90234375,
                6.40625,
                5.40234375,
                6.1796875,
                8.1953125,
                2.181640625,
                4.6640625,
                7.7578125,
                13.9140625,
                1.6064453125,
                8.5078125
            ]
        },
        "watermarked": {
            "mean_perplexity": Infinity,
            "median_perplexity": 646.5,
            "perplexities": [
                Infinity,
                834.5,
                713.5,
                518.0,
                265.5,
                471.75,
                161.75,
                508.0,
                4876.0,
                274.0,
                71.1875,
                111.5625,
                38048.0,
                318.0,
                Infinity,
                15496.0,
                617.5,
                4512.0,
                Infinity,
                62.59375,
                1059.0,
                Infinity,
                294.0,
                675.5,
                1970.0,
                370.25,
                916.5,
                983.0,
                161.125,
                17.90625,
                783.5,
                388.0
            ]
        }
    },
    "repetition_metrics": {
        "vanilla": {
            "median_seq_rep_3": 0.025252525252525304,
            "mean_seq_rep_3": 0.04577260549659028,
            "total_rep_3": 0.05698500394632988,
            "list_seq_rep_3": [
                0.04040404040404044,
                0.1262626262626263,
                0.16161616161616166,
                0.08080808080808077,
                0.0,
                0.005050505050505083,
                0.025252525252525304,
                0.0,
                0.025252525252525304,
                0.030303030303030276,
                0.005050505050505083,
                0.025252525252525304,
                0.015228426395939132,
                0.010101010101010055,
                0.02020202020202022,
                0.0,
                0.0,
                0.02020202020202022,
                0.025252525252525304,
                0.025252525252525304,
                0.005050505050505083,
                0.06060606060606055,
                0.005050505050505083,
                0.045454545454545414,
                0.010101010101010055,
                0.04040404040404044,
                0.297979797979798,
                0.10606060606060608,
                0.030303030303030276,
                0.0,
                0.21212121212121215,
                0.010101010101010055
            ]
        },
        "watermarked": {
            "median_seq_rep_3": 0.028048939216451907,
            "mean_seq_rep_3": 0.08247435420375587,
            "total_rep_3": 0.10779852502745957,
            "list_seq_rep_3": [
                0.0,
                0.0,
                0.0,
                0.05555555555555558,
                0.08673469387755106,
                0.030456852791878153,
                0.2272727272727273,
                0.04040404040404044,
                0.009803921568627416,
                0.12121212121212122,
                0.3232323232323232,
                0.25380710659898476,
                0.0,
                0.09644670050761417,
                0.0,
                0.0,
                0.015228426395939132,
                0.010101010101010055,
                0.0,
                0.371859296482412,
                0.03535353535353536,
                0.0,
                0.04040404040404044,
                0.02020202020202022,
                0.02564102564102566,
                0.05555555555555558,
                0.0,
                0.005025125628140725,
                0.15306122448979587,
                0.5909090909090908,
                0.015075376884422065,
                0.055837563451776595
            ]
        }
    },
    "metadata": {
        "detection_method": "kgw",
        "num_samples": 32,
        "ppl_model": "/mnt/lustrenew/mllm_safety-shared/models/huggingface/meta-llama/Meta-Llama-3.1-8B"
    }
}