{
    "detection_scores": {
        "vanilla_scores": [
            0.38250743933112885,
            0.21681740584472967,
            0.10358208597462179,
            0.10358208597462179,
            0.6392026174713024,
            0.7544485191610798,
            0.44583680479645454,
            0.6392026174713024,
            0.21681740584472967,
            0.8836160351862405,
            0.32242573363325705,
            0.8471148436929272,
            0.026491784932231744,
            0.029291323400813283,
            0.6991775254935335,
            0.9375246722719879,
            0.38250743933112885,
            0.38250743933112885,
            0.21681740584472967,
            0.44583680479645454,
            0.1351159725207279,
            0.05734712978019507,
            0.26687849628994026,
            0.5758957701145038,
            0.5758957701145038,
            0.5758957701145038,
            0.8471148436929272,
            0.44583680479645454,
            0.9136074600438041,
            0.8471148436929272,
            0.5108662874554788,
            0.1351159725207279
        ],
        "watermarked_scores": [
            1.0119042559603408e-42,
            2.787241995807037e-35,
            1.757712950570242e-62,
            2.787241995807037e-35,
            4.648683044733669e-67,
            3.4579943862579114e-88,
            6.923501491139553e-72,
            7.298669883915348e-61,
            4.648683044733669e-67,
            2.254153727876388e-61,
            6.923501491139553e-72,
            1.174761542295389e-79,
            4.256772933855766e-49,
            2.5896200748330102e-39,
            1.730111437829851e-44,
            1.0510905986210043e-86,
            4.448620871212126e-57,
            3.9304242475857884e-58,
            7.298669883915348e-61,
            2.7994120780485463e-60,
            5.333330207674378e-52,
            1.6672599345026213e-34,
            3.818197393828306e-48,
            5.403829695606577e-54,
            4.648683044733669e-67,
            3.7434255435132964e-48,
            4.556155737577618e-36,
            7.557657014662922e-105,
            4.448620871212126e-57,
            8.144736166484682e-84,
            5.403829695606577e-54,
            3.4771350912691403e-101
        ],
        "mean_vanilla_score": 0.4550622847162843,
        "mean_watermarked_score": 7.094674367289647e-36,
        "median_watermarked_score": 1.979209184183137e-58,
        "median_vanilla_score": 0.44583680479645454
    },
    "perplexity_metrics": {
        "vanilla": {
            "mean_perplexity": 6.782928466796875,
            "median_perplexity": 6.064453125,
            "perplexities": [
                4.73828125,
                4.59375,
                5.80078125,
                4.24609375,
                5.1640625,
                10.2421875,
                4.98828125,
                12.109375,
                9.8046875,
                4.93359375,
                8.3046875,
                10.8359375,
                3.76953125,
                2.05078125,
                7.94140625,
                9.75,
                10.6640625,
                5.94921875,
                7.4453125,
                5.59765625,
                8.40625,
                4.90234375,
                6.40625,
                5.40234375,
                6.1796875,
                8.1953125,
                2.181640625,
                4.6640625,
                7.7578125,
                13.9140625,
                1.6064453125,
                8.5078125
            ]
        },
        "watermarked": {
            "mean_perplexity": 78.74716186523438,
            "median_perplexity": 84.21875,
            "perplexities": [
                93.625,
                287.25,
                61.375,
                84.5625,
                149.0,
                3.05078125,
                5.87890625,
                96.9375,
                83.875,
                93.625,
                91.4375,
                129.0,
                66.375,
                106.5,
                23.4375,
                6.6953125,
                74.0625,
                100.8125,
                122.0625,
                100.8125,
                53.4375,
                99.625,
                89.6875,
                56.34375,
                73.5,
                117.375,
                161.75,
                1.7666015625,
                56.34375,
                12.46875,
                13.4296875,
                3.806640625
            ]
        }
    },
    "repetition_metrics": {
        "vanilla": {
            "median_seq_rep_3": 0.025252525252525304,
            "mean_seq_rep_3": 0.04577260549659028,
            "total_rep_3": 0.05698500394632988,
            "list_seq_rep_3": [
                0.04040404040404044,
                0.1262626262626263,
                0.16161616161616166,
                0.08080808080808077,
                0.0,
                0.005050505050505083,
                0.025252525252525304,
                0.0,
                0.025252525252525304,
                0.030303030303030276,
                0.005050505050505083,
                0.025252525252525304,
                0.015228426395939132,
                0.010101010101010055,
                0.02020202020202022,
                0.0,
                0.0,
                0.02020202020202022,
                0.025252525252525304,
                0.025252525252525304,
                0.005050505050505083,
                0.06060606060606055,
                0.005050505050505083,
                0.045454545454545414,
                0.010101010101010055,
                0.04040404040404044,
                0.297979797979798,
                0.10606060606060608,
                0.030303030303030276,
                0.0,
                0.21212121212121215,
                0.010101010101010055
            ]
        },
        "watermarked": {
            "median_seq_rep_3": 0.06851680065965782,
            "mean_seq_rep_3": 0.18673740310229614,
            "total_rep_3": 0.20562223626026532,
            "list_seq_rep_3": [
                0.010101010101010055,
                0.0,
                0.0757575757575758,
                0.08080808080808077,
                0.04040404040404044,
                0.7929292929292929,
                0.6161616161616161,
                0.02030456852791873,
                0.09090909090909094,
                0.08585858585858586,
                0.005050505050505083,
                0.010101010101010055,
                0.06565656565656564,
                0.005050505050505083,
                0.31313131313131315,
                0.6060606060606061,
                0.005050505050505083,
                0.07070707070707072,
                0.015228426395939132,
                0.0505050505050505,
                0.08585858585858586,
                0.03535353535353536,
                0.06632653061224492,
                0.07070707070707072,
                0.015151515151515138,
                0.02020202020202022,
                0.030303030303030276,
                0.9040404040404041,
                0.14141414141414144,
                0.4949494949494949,
                0.4242424242424242,
                0.7272727272727273
            ]
        }
    },
    "metadata": {
        "detection_method": "kgw",
        "num_samples": 32,
        "ppl_model": "/mnt/lustrenew/mllm_safety-shared/models/huggingface/meta-llama/Meta-Llama-3.1-8B"
    }
}