{
    "detection_scores": {
        "vanilla_scores": [
            0.38250743933112885,
            0.21681740584472967,
            0.10358208597462179,
            0.10358208597462179,
            0.6392026174713024,
            0.7544485191610798,
            0.44583680479645454,
            0.6392026174713024,
            0.21681740584472967,
            0.8836160351862405,
            0.32242573363325705,
            0.8471148436929272,
            0.026491784932231744,
            0.029291323400813283,
            0.6991775254935335,
            0.9375246722719879,
            0.38250743933112885,
            0.38250743933112885,
            0.21681740584472967,
            0.44583680479645454,
            0.1351159725207279,
            0.05734712978019507,
            0.26687849628994026,
            0.5758957701145038,
            0.5758957701145038,
            0.5758957701145038,
            0.8471148436929272,
            0.44583680479645454,
            0.9136074600438041,
            0.8471148436929272,
            0.5108662874554788,
            0.1351159725207279
        ],
        "watermarked_scores": [
            9.364978073223926e-05,
            0.005984616771209155,
            3.6008151398279957e-06,
            0.0008814169940861691,
            0.05734712978019507,
            1.0234594838755463e-11,
            4.004543805359876e-07,
            6.91125165250654e-09,
            6.91125165250654e-09,
            0.009178679390778589,
            1.6196290272301364e-08,
            8.380496965030422e-08,
            4.004543805359876e-07,
            0.020305707993592128,
            0.00016911265119370079,
            1.1417761815694096e-05,
            0.020305707993592128,
            1.7666461197620142e-06,
            2.7024904108606995e-05,
            0.0038229784327127665,
            2.7024904108606995e-05,
            0.0008814169940861691,
            5.0819502902761e-05,
            0.009178679390778589,
            3.7209798727626364e-08,
            0.00016911265119370079,
            8.495616097290753e-07,
            9.364978073223926e-05,
            0.029291323400813283,
            6.91125165250654e-09,
            1.4083981957400238e-05,
            1.8800047124413736e-10
        ],
        "mean_vanilla_score": 0.4550622847162843,
        "mean_watermarked_score": 0.004932522785477128,
        "median_watermarked_score": 2.7024904108606995e-05,
        "median_vanilla_score": 0.44583680479645454
    },
    "perplexity_metrics": {
        "vanilla": {
            "mean_perplexity": 6.782928466796875,
            "median_perplexity": 6.064453125,
            "perplexities": [
                4.73828125,
                4.59375,
                5.80078125,
                4.24609375,
                5.1640625,
                10.2421875,
                4.98828125,
                12.109375,
                9.8046875,
                4.93359375,
                8.3046875,
                10.8359375,
                3.76953125,
                2.05078125,
                7.94140625,
                9.75,
                10.6640625,
                5.94921875,
                7.4453125,
                5.59765625,
                8.40625,
                4.90234375,
                6.40625,
                5.40234375,
                6.1796875,
                8.1953125,
                2.181640625,
                4.6640625,
                7.7578125,
                13.9140625,
                1.6064453125,
                8.5078125
            ]
        },
        "watermarked": {
            "mean_perplexity": 8.7569580078125,
            "median_perplexity": 8.44921875,
            "perplexities": [
                6.30859375,
                5.828125,
                9.15625,
                4.90625,
                7.1328125,
                9.0546875,
                5.21484375,
                15.25,
                9.1796875,
                12.59375,
                11.046875,
                11.2265625,
                5.73046875,
                5.42578125,
                9.7734375,
                10.921875,
                13.1484375,
                8.5546875,
                6.1796875,
                6.72265625,
                8.34375,
                4.8984375,
                6.3203125,
                10.4609375,
                8.2578125,
                7.63671875,
                5.83203125,
                6.296875,
                9.015625,
                18.546875,
                10.8359375,
                10.421875
            ]
        }
    },
    "repetition_metrics": {
        "vanilla": {
            "median_seq_rep_3": 0.025252525252525304,
            "mean_seq_rep_3": 0.04577260549659028,
            "total_rep_3": 0.05698500394632988,
            "list_seq_rep_3": [
                0.04040404040404044,
                0.1262626262626263,
                0.16161616161616166,
                0.08080808080808077,
                0.0,
                0.005050505050505083,
                0.025252525252525304,
                0.0,
                0.025252525252525304,
                0.030303030303030276,
                0.005050505050505083,
                0.025252525252525304,
                0.015228426395939132,
                0.010101010101010055,
                0.02020202020202022,
                0.0,
                0.0,
                0.02020202020202022,
                0.025252525252525304,
                0.025252525252525304,
                0.005050505050505083,
                0.06060606060606055,
                0.005050505050505083,
                0.045454545454545414,
                0.010101010101010055,
                0.04040404040404044,
                0.297979797979798,
                0.10606060606060608,
                0.030303030303030276,
                0.0,
                0.21212121212121215,
                0.010101010101010055
            ]
        },
        "watermarked": {
            "median_seq_rep_3": 0.025252525252525304,
            "mean_seq_rep_3": 0.033778457160436856,
            "total_rep_3": 0.045619573796369384,
            "list_seq_rep_3": [
                0.0,
                0.12121212121212122,
                0.0,
                0.11111111111111116,
                0.015151515151515138,
                0.025252525252525304,
                0.045454545454545414,
                0.09090909090909094,
                0.010101010101010055,
                0.0,
                0.02020202020202022,
                0.030303030303030276,
                0.09090909090909094,
                0.030303030303030276,
                0.025252525252525304,
                0.02030456852791873,
                0.0,
                0.005050505050505083,
                0.015151515151515138,
                0.04040404040404044,
                0.010101010101010055,
                0.05555555555555558,
                0.06060606060606055,
                0.030303030303030276,
                0.02020202020202022,
                0.010101010101010055,
                0.02020202020202022,
                0.06565656565656564,
                0.045454545454545414,
                0.005050505050505083,
                0.03535353535353536,
                0.025252525252525304
            ]
        }
    },
    "metadata": {
        "detection_method": "kgw",
        "num_samples": 32,
        "ppl_model": "/mnt/lustrenew/mllm_safety-shared/models/huggingface/meta-llama/Meta-Llama-3.1-8B"
    }
}