{
    "detection_scores": {
        "vanilla_scores": [
            0.38250743933112885,
            0.21681740584472967,
            0.10358208597462179,
            0.10358208597462179,
            0.6392026174713024,
            0.7544485191610798,
            0.44583680479645454,
            0.6392026174713024,
            0.21681740584472967,
            0.8836160351862405,
            0.32242573363325705,
            0.8471148436929272,
            0.026491784932231744,
            0.029291323400813283,
            0.6991775254935335,
            0.9375246722719879,
            0.38250743933112885,
            0.38250743933112885,
            0.21681740584472967,
            0.44583680479645454,
            0.1351159725207279,
            0.05734712978019507,
            0.26687849628994026,
            0.5758957701145038,
            0.5758957701145038,
            0.5758957701145038,
            0.8471148436929272,
            0.44583680479645454,
            0.9136074600438041,
            0.8471148436929272,
            0.5108662874554788,
            0.1351159725207279
        ],
        "watermarked_scores": [
            3.6008151398279957e-06,
            0.0002992415380524399,
            5.766690882776088e-15,
            3.7209798727626364e-08,
            1.850289616547429e-07,
            6.91125165250654e-09,
            1.185855146094052e-09,
            1.6196290272301364e-08,
            5.766690882776088e-15,
            1.850289616547429e-07,
            1.0234594838755463e-11,
            7.267101730688786e-11,
            3.6008151398279957e-06,
            8.495616097290753e-07,
            1.7666461197620142e-06,
            1.6024434745223355e-13,
            0.0005188340346265688,
            1.6196290272301364e-08,
            2.7542100548833858e-11,
            0.00016911265119370079,
            1.8800047124413736e-10,
            0.07784753488527126,
            8.380496965030422e-08,
            0.0038229784327127665,
            1.0234594838755463e-11,
            1.7666461197620142e-06,
            0.05734712978019507,
            1.850289616547429e-07,
            1.8800047124413736e-10,
            1.7373044104054395e-16,
            0.17282432636257503,
            1.8800047124413736e-10
        ],
        "mean_vanilla_score": 0.4550622847162843,
        "mean_watermarked_score": 0.009776295607654752,
        "median_watermarked_score": 6.050738418896529e-08,
        "median_vanilla_score": 0.44583680479645454
    },
    "perplexity_metrics": {
        "vanilla": {
            "mean_perplexity": 6.782928466796875,
            "median_perplexity": 6.064453125,
            "perplexities": [
                4.73828125,
                4.59375,
                5.80078125,
                4.24609375,
                5.1640625,
                10.2421875,
                4.98828125,
                12.109375,
                9.8046875,
                4.93359375,
                8.3046875,
                10.8359375,
                3.76953125,
                2.05078125,
                7.94140625,
                9.75,
                10.6640625,
                5.94921875,
                7.4453125,
                5.59765625,
                8.40625,
                4.90234375,
                6.40625,
                5.40234375,
                6.1796875,
                8.1953125,
                2.181640625,
                4.6640625,
                7.7578125,
                13.9140625,
                1.6064453125,
                8.5078125
            ]
        },
        "watermarked": {
            "mean_perplexity": 8.5811767578125,
            "median_perplexity": 8.4453125,
            "perplexities": [
                6.8671875,
                7.2890625,
                9.0390625,
                4.72265625,
                5.80078125,
                12.109375,
                6.765625,
                24.1875,
                9.25,
                6.74609375,
                10.796875,
                11.4921875,
                7.7421875,
                3.400390625,
                9.5078125,
                10.8359375,
                8.1015625,
                8.7890625,
                9.0,
                6.28515625,
                6.46484375,
                7.8515625,
                9.1796875,
                5.55078125,
                7.18359375,
                9.7890625,
                2.365234375,
                8.859375,
                9.6015625,
                12.6640625,
                5.3515625,
                11.0078125
            ]
        }
    },
    "repetition_metrics": {
        "vanilla": {
            "median_seq_rep_3": 0.025252525252525304,
            "mean_seq_rep_3": 0.04577260549659028,
            "total_rep_3": 0.05698500394632988,
            "list_seq_rep_3": [
                0.04040404040404044,
                0.1262626262626263,
                0.16161616161616166,
                0.08080808080808077,
                0.0,
                0.005050505050505083,
                0.025252525252525304,
                0.0,
                0.025252525252525304,
                0.030303030303030276,
                0.005050505050505083,
                0.025252525252525304,
                0.015228426395939132,
                0.010101010101010055,
                0.02020202020202022,
                0.0,
                0.0,
                0.02020202020202022,
                0.025252525252525304,
                0.025252525252525304,
                0.005050505050505083,
                0.06060606060606055,
                0.005050505050505083,
                0.045454545454545414,
                0.010101010101010055,
                0.04040404040404044,
                0.297979797979798,
                0.10606060606060608,
                0.030303030303030276,
                0.0,
                0.21212121212121215,
                0.010101010101010055
            ]
        },
        "watermarked": {
            "median_seq_rep_3": 0.02020202020202022,
            "mean_seq_rep_3": 0.03614267676767677,
            "total_rep_3": 0.047190656565656575,
            "list_seq_rep_3": [
                0.015151515151515138,
                0.0757575757575758,
                0.030303030303030276,
                0.03535353535353536,
                0.015151515151515138,
                0.0,
                0.015151515151515138,
                0.0,
                0.02020202020202022,
                0.05555555555555558,
                0.010101010101010055,
                0.010101010101010055,
                0.010101010101010055,
                0.11616161616161613,
                0.02020202020202022,
                0.025252525252525304,
                0.010101010101010055,
                0.030303030303030276,
                0.005050505050505083,
                0.02020202020202022,
                0.06565656565656564,
                0.03535353535353536,
                0.07070707070707072,
                0.09090909090909094,
                0.015151515151515138,
                0.025252525252525304,
                0.2525252525252525,
                0.005050505050505083,
                0.010101010101010055,
                0.02020202020202022,
                0.030303030303030276,
                0.015151515151515138
            ]
        }
    },
    "metadata": {
        "detection_method": "kgw",
        "num_samples": 32,
        "ppl_model": "/mnt/lustrenew/mllm_safety-shared/models/huggingface/meta-llama/Meta-Llama-3.1-8B"
    }
}