{
    "detection_scores": {
        "vanilla_scores": [
            0.38250743933112885,
            0.21681740584472967,
            0.10358208597462179,
            0.10358208597462179,
            0.6392026174713024,
            0.7544485191610798,
            0.44583680479645454,
            0.6392026174713024,
            0.21681740584472967,
            0.8836160351862405,
            0.32242573363325705,
            0.8471148436929272,
            0.026491784932231744,
            0.029291323400813283,
            0.6991775254935335,
            0.9375246722719879,
            0.38250743933112885,
            0.38250743933112885,
            0.21681740584472967,
            0.44583680479645454,
            0.1351159725207279,
            0.05734712978019507,
            0.26687849628994026,
            0.5758957701145038,
            0.5758957701145038,
            0.5758957701145038,
            0.8471148436929272,
            0.44583680479645454,
            0.9136074600438041,
            0.8471148436929272,
            0.5108662874554788,
            0.1351159725207279
        ],
        "watermarked_scores": [
            0.0002992415380524399,
            1.5126676744304918e-40,
            0.32242573363325705,
            0.07176952533150473,
            4.617613958215262e-50,
            5.369211233986705e-41,
            0.9999993153850233,
            0.26687849628994026,
            7.462211555594298e-35,
            6.35897836238259e-45,
            5.0819502902761e-05,
            0.062472231056463906,
            0.9999999999999909,
            1.0790279406238122e-13,
            5.679308416843502e-27,
            0.21681740584472967,
            8.875513125840188e-35,
            0.1351159725207279,
            2.1328644650437232e-21,
            6.35897836238259e-45,
            1.185855146094052e-09,
            0.020305707993592128,
            4.665963805281391e-13,
            0.07784753488527126,
            0.9699031624110853,
            6.35897836238259e-45,
            9.31628140686927e-22,
            3.728936664045115e-12,
            0.5108662874554788,
            0.0002992415380524399,
            3.728936664045115e-12,
            3.854258331994654e-43
        ],
        "mean_vanilla_score": 0.4550622847162843,
        "mean_watermarked_score": 0.14547033364312378,
        "median_watermarked_score": 5.947920413790486e-10,
        "median_vanilla_score": 0.44583680479645454
    },
    "perplexity_metrics": {
        "vanilla": {
            "mean_perplexity": 6.782928466796875,
            "median_perplexity": 6.064453125,
            "perplexities": [
                4.73828125,
                4.59375,
                5.80078125,
                4.24609375,
                5.1640625,
                10.2421875,
                4.98828125,
                12.109375,
                9.8046875,
                4.93359375,
                8.3046875,
                10.8359375,
                3.76953125,
                2.05078125,
                7.94140625,
                9.75,
                10.6640625,
                5.94921875,
                7.4453125,
                5.59765625,
                8.40625,
                4.90234375,
                6.40625,
                5.40234375,
                6.1796875,
                8.1953125,
                2.181640625,
                4.6640625,
                7.7578125,
                13.9140625,
                1.6064453125,
                8.5078125
            ]
        },
        "watermarked": {
            "mean_perplexity": 165.2191162109375,
            "median_perplexity": 81.1875,
            "perplexities": [
                2.8125,
                385.0,
                11.53125,
                26.40625,
                160.5,
                613.0,
                4.99609375,
                18.140625,
                259.5,
                479.0,
                68.75,
                12.7421875,
                2.2578125,
                125.0,
                466.25,
                24.703125,
                313.0,
                17.078125,
                1026.0,
                173.5,
                131.0,
                6.484375,
                14.578125,
                17.109375,
                8.8125,
                208.5,
                100.8125,
                133.0,
                14.046875,
                61.875,
                93.625,
                307.0
            ]
        }
    },
    "repetition_metrics": {
        "vanilla": {
            "median_seq_rep_3": 0.025252525252525304,
            "mean_seq_rep_3": 0.04577260549659028,
            "total_rep_3": 0.05698500394632988,
            "list_seq_rep_3": [
                0.04040404040404044,
                0.1262626262626263,
                0.16161616161616166,
                0.08080808080808077,
                0.0,
                0.005050505050505083,
                0.025252525252525304,
                0.0,
                0.025252525252525304,
                0.030303030303030276,
                0.005050505050505083,
                0.025252525252525304,
                0.015228426395939132,
                0.010101010101010055,
                0.02020202020202022,
                0.0,
                0.0,
                0.02020202020202022,
                0.025252525252525304,
                0.025252525252525304,
                0.005050505050505083,
                0.06060606060606055,
                0.005050505050505083,
                0.045454545454545414,
                0.010101010101010055,
                0.04040404040404044,
                0.297979797979798,
                0.10606060606060608,
                0.030303030303030276,
                0.0,
                0.21212121212121215,
                0.010101010101010055
            ]
        },
        "watermarked": {
            "median_seq_rep_3": 0.3484848484848485,
            "mean_seq_rep_3": 0.38506293935848196,
            "total_rep_3": 0.40648734177215184,
            "list_seq_rep_3": [
                0.8686868686868687,
                0.055837563451776595,
                0.6212121212121212,
                0.5177664974619289,
                0.15979381443298968,
                0.005050505050505083,
                0.7878787878787878,
                0.5909090909090908,
                0.1116751269035533,
                0.040609137055837574,
                0.3787878787878788,
                0.5829145728643217,
                0.9191919191919192,
                0.29949238578680204,
                0.05025125628140703,
                0.5656565656565656,
                0.02051282051282055,
                0.595959595959596,
                0.08673469387755106,
                0.10152284263959388,
                0.297979797979798,
                0.8282828282828283,
                0.5606060606060606,
                0.5909090909090908,
                0.7121212121212122,
                0.10659898477157359,
                0.20812182741116747,
                0.2676767676767676,
                0.5858585858585859,
                0.40909090909090906,
                0.31818181818181823,
                0.07614213197969544
            ]
        }
    },
    "metadata": {
        "detection_method": "kgw",
        "num_samples": 32,
        "ppl_model": "/mnt/lustrenew/mllm_safety-shared/models/huggingface/meta-llama/Meta-Llama-3.1-8B"
    }
}