{
    "detection_scores": {
        "vanilla_scores": [
            0.38250743933112885,
            0.21681740584472967,
            0.10358208597462179,
            0.10358208597462179,
            0.6392026174713024,
            0.7544485191610798,
            0.44583680479645454,
            0.6392026174713024,
            0.21681740584472967,
            0.8836160351862405,
            0.32242573363325705,
            0.8471148436929272,
            0.026491784932231744,
            0.029291323400813283,
            0.6991775254935335,
            0.9375246722719879,
            0.38250743933112885,
            0.38250743933112885,
            0.21681740584472967,
            0.44583680479645454,
            0.1351159725207279,
            0.05734712978019507,
            0.26687849628994026,
            0.5758957701145038,
            0.5758957701145038,
            0.5758957701145038,
            0.8471148436929272,
            0.44583680479645454,
            0.9136074600438041,
            0.8471148436929272,
            0.5108662874554788,
            0.1351159725207279
        ],
        "watermarked_scores": [
            4.64638608135747e-44,
            5.0828097750534414e-51,
            1.730111437829851e-44,
            3.4958411139999835e-57,
            7.281123580937401e-37,
            1.1798534124116248e-70,
            5.403829695606577e-54,
            3.4579943862579114e-88,
            1.6754594504594915e-52,
            7.457621554631227e-46,
            3.9304242475857884e-58,
            5.4440730842594115e-53,
            5.060339905327641e-54,
            2.2055000648539805e-68,
            5.333330207674378e-52,
            2.891339524242926e-42,
            3.0542659812761563e-68,
            1.0554585713991996e-39,
            3.441010397938687e-67,
            4.347894589934274e-63,
            2.7994120780485463e-60,
            5.4440730842594115e-53,
            4.8871352226551435e-56,
            1.2489936546633489e-57,
            5.213676766424362e-55,
            5.4440730842594115e-53,
            5.333330207674378e-52,
            3.6888046074036116e-34,
            1.326402664727969e-63,
            3.9304242475857884e-58,
            5.0828097750534414e-51,
            2.7994120780485463e-60
        ],
        "mean_vanilla_score": 0.4550622847162843,
        "mean_watermarked_score": 1.1550300984777393e-35,
        "median_watermarked_score": 5.232084800467109e-54,
        "median_vanilla_score": 0.44583680479645454
    },
    "perplexity_metrics": {
        "vanilla": {
            "mean_perplexity": 6.782928466796875,
            "median_perplexity": 6.064453125,
            "perplexities": [
                4.73828125,
                4.59375,
                5.80078125,
                4.24609375,
                5.1640625,
                10.2421875,
                4.98828125,
                12.109375,
                9.8046875,
                4.93359375,
                8.3046875,
                10.8359375,
                3.76953125,
                2.05078125,
                7.94140625,
                9.75,
                10.6640625,
                5.94921875,
                7.4453125,
                5.59765625,
                8.40625,
                4.90234375,
                6.40625,
                5.40234375,
                6.1796875,
                8.1953125,
                2.181640625,
                4.6640625,
                7.7578125,
                13.9140625,
                1.6064453125,
                8.5078125
            ]
        },
        "watermarked": {
            "mean_perplexity": 245.76318359375,
            "median_perplexity": 248.0625,
            "perplexities": [
                408.25,
                481.0,
                363.0,
                226.25,
                144.375,
                52.3125,
                443.0,
                10.6640625,
                192.875,
                432.75,
                159.25,
                357.5,
                161.125,
                131.5,
                247.625,
                176.875,
                8.0546875,
                290.5,
                39.46875,
                337.0,
                210.125,
                19.546875,
                356.0,
                373.0,
                409.75,
                150.75,
                248.5,
                281.75,
                250.5,
                181.125,
                389.5,
                330.5
            ]
        }
    },
    "repetition_metrics": {
        "vanilla": {
            "median_seq_rep_3": 0.025252525252525304,
            "mean_seq_rep_3": 0.04577260549659028,
            "total_rep_3": 0.05698500394632988,
            "list_seq_rep_3": [
                0.04040404040404044,
                0.1262626262626263,
                0.16161616161616166,
                0.08080808080808077,
                0.0,
                0.005050505050505083,
                0.025252525252525304,
                0.0,
                0.025252525252525304,
                0.030303030303030276,
                0.005050505050505083,
                0.025252525252525304,
                0.015228426395939132,
                0.010101010101010055,
                0.02020202020202022,
                0.0,
                0.0,
                0.02020202020202022,
                0.025252525252525304,
                0.025252525252525304,
                0.005050505050505083,
                0.06060606060606055,
                0.005050505050505083,
                0.045454545454545414,
                0.010101010101010055,
                0.04040404040404044,
                0.297979797979798,
                0.10606060606060608,
                0.030303030303030276,
                0.0,
                0.21212121212121215,
                0.010101010101010055
            ]
        },
        "watermarked": {
            "median_seq_rep_3": 0.056128293241695326,
            "mean_seq_rep_3": 0.11577552722938643,
            "total_rep_3": 0.14025932953826692,
            "list_seq_rep_3": [
                0.015075376884422065,
                0.03535353535353536,
                0.015151515151515138,
                0.05670103092783507,
                0.10606060606060608,
                0.2525252525252525,
                0.0,
                0.5858585858585859,
                0.02030456852791873,
                0.01005025125628145,
                0.14141414141414144,
                0.0757575757575758,
                0.1071428571428571,
                0.11734693877551017,
                0.07070707070707072,
                0.025380710659898442,
                0.6212121212121212,
                0.025380710659898442,
                0.423469387755102,
                0.010152284263959421,
                0.04040404040404044,
                0.4747474747474747,
                0.005050505050505083,
                0.005076142131979711,
                0.0,
                0.12121212121212122,
                0.025252525252525304,
                0.03015075376884424,
                0.07070707070707072,
                0.07070707070707072,
                0.09090909090909094,
                0.05555555555555558
            ]
        }
    },
    "metadata": {
        "detection_method": "kgw",
        "num_samples": 32,
        "ppl_model": "/mnt/lustrenew/mllm_safety-shared/models/huggingface/meta-llama/Meta-Llama-3.1-8B"
    }
}