{
    "detection_scores": {
        "vanilla_scores": [
            0.38250743933112885,
            0.21681740584472967,
            0.10358208597462179,
            0.10358208597462179,
            0.6392026174713024,
            0.7544485191610798,
            0.44583680479645454,
            0.6392026174713024,
            0.21681740584472967,
            0.8836160351862405,
            0.32242573363325705,
            0.8471148436929272,
            0.026491784932231744,
            0.029291323400813283,
            0.6991775254935335,
            0.9375246722719879,
            0.38250743933112885,
            0.38250743933112885,
            0.21681740584472967,
            0.44583680479645454,
            0.1351159725207279,
            0.05734712978019507,
            0.26687849628994026,
            0.5758957701145038,
            0.5758957701145038,
            0.5758957701145038,
            0.8471148436929272,
            0.44583680479645454,
            0.9136074600438041,
            0.8471148436929272,
            0.5108662874554788,
            0.1351159725207279
        ],
        "watermarked_scores": [
            2.7024904108606995e-05,
            1.8800047124413736e-10,
            5.1959296764365686e-17,
            3.6008151398279957e-06,
            2.7542100548833858e-11,
            2.9432309769801617e-27,
            4.665963805281391e-13,
            9.145784992471524e-13,
            1.8800047124413736e-10,
            2.7542100548833858e-11,
            4.665963805281391e-13,
            9.226282199829347e-20,
            2.7542100548833858e-11,
            1.4083981957400238e-05,
            1.7373044104054395e-16,
            1.0234594838755463e-11,
            1.185855146094052e-09,
            3.728936664045115e-12,
            4.378957471467549e-18,
            1.4083981957400238e-05,
            4.665963805281391e-13,
            1.7666461197620142e-06,
            1.850289616547429e-07,
            1.0234594838755463e-11,
            5.766690882776088e-15,
            1.0234594838755463e-11,
            2.7542100548833858e-11,
            1.83019461498296e-15,
            2.7542100548833858e-11,
            1.7373044104054395e-16,
            1.6024434745223355e-13,
            5.3958948221818666e-14
        ],
        "mean_vanilla_score": 0.4550622847162843,
        "mean_watermarked_score": 1.8983467118917637e-06,
        "median_watermarked_score": 0.44583680479645454,
        "median_vanilla_score": 1.0234594838755463e-11
    },
    "perplexity_metrics": {
        "vanilla": {
            "mean_perplexity": 6.782928466796875,
            "median_perplexity": 6.064453125,
            "perplexities": [
                4.73828125,
                4.59375,
                5.80078125,
                4.24609375,
                5.1640625,
                10.2421875,
                4.98828125,
                12.109375,
                9.8046875,
                4.93359375,
                8.3046875,
                10.8359375,
                3.76953125,
                2.05078125,
                7.94140625,
                9.75,
                10.6640625,
                5.94921875,
                7.4453125,
                5.59765625,
                8.40625,
                4.90234375,
                6.40625,
                5.40234375,
                6.1796875,
                8.1953125,
                2.181640625,
                4.6640625,
                7.7578125,
                13.9140625,
                1.6064453125,
                8.5078125
            ]
        },
        "watermarked": {
            "mean_perplexity": 11.0233154296875,
            "median_perplexity": 10.59375,
            "perplexities": [
                11.09375,
                8.1015625,
                11.09375,
                10.546875,
                7.7734375,
                13.8046875,
                6.19140625,
                5.86328125,
                12.015625,
                1.9375,
                10.6015625,
                7.8359375,
                10.5859375,
                4.6015625,
                9.0546875,
                11.1796875,
                25.734375,
                21.46875,
                8.9296875,
                7.0859375,
                13.671875,
                8.0234375,
                11.375,
                8.2890625,
                15.703125,
                13.4296875,
                15.734375,
                6.67578125,
                9.0703125,
                15.765625,
                14.078125,
                15.4296875
            ]
        }
    },
    "repetition_metrics": {
        "vanilla": {
            "median_seq_rep_3": 0.025252525252525304,
            "mean_seq_rep_3": 0.04577260549659028,
            "total_rep_3": 0.05698500394632988,
            "list_seq_rep_3": [
                0.04040404040404044,
                0.1262626262626263,
                0.16161616161616166,
                0.08080808080808077,
                0.0,
                0.005050505050505083,
                0.025252525252525304,
                0.0,
                0.025252525252525304,
                0.030303030303030276,
                0.005050505050505083,
                0.025252525252525304,
                0.015228426395939132,
                0.010101010101010055,
                0.02020202020202022,
                0.0,
                0.0,
                0.02020202020202022,
                0.025252525252525304,
                0.025252525252525304,
                0.005050505050505083,
                0.06060606060606055,
                0.005050505050505083,
                0.045454545454545414,
                0.010101010101010055,
                0.04040404040404044,
                0.297979797979798,
                0.10606060606060608,
                0.030303030303030276,
                0.0,
                0.21212121212121215,
                0.010101010101010055
            ]
        },
        "watermarked": {
            "median_seq_rep_3": 0.025252525252525304,
            "mean_seq_rep_3": 0.07297675357637287,
            "total_rep_3": 0.08745067087608527,
            "list_seq_rep_3": [
                0.0505050505050505,
                0.030303030303030276,
                0.010101010101010055,
                0.030303030303030276,
                0.030303030303030276,
                0.005050505050505083,
                0.025252525252525304,
                0.3807106598984772,
                0.05555555555555558,
                0.6868686868686869,
                0.02020202020202022,
                0.28787878787878785,
                0.015151515151515138,
                0.09090909090909094,
                0.09090909090909094,
                0.005050505050505083,
                0.010101010101010055,
                0.010101010101010055,
                0.005050505050505083,
                0.06060606060606055,
                0.010101010101010055,
                0.03535353535353536,
                0.005050505050505083,
                0.20707070707070707,
                0.02020202020202022,
                0.0,
                0.025252525252525304,
                0.04040404040404044,
                0.03535353535353536,
                0.015151515151515138,
                0.025252525252525304,
                0.015151515151515138
            ]
        }
    },
    "metadata": {
        "detection_method": "kgw",
        "num_samples": 32,
        "ppl_model": "/mnt/lustrenew/mllm_safety-shared/models/huggingface/meta-llama/Meta-Llama-3.1-8B"
    }
}