{
    "detection_scores": {
        "vanilla_scores": [
            0.38250743933112885,
            0.21681740584472967,
            0.10358208597462179,
            0.10358208597462179,
            0.6392026174713024,
            0.7544485191610798,
            0.44583680479645454,
            0.6392026174713024,
            0.21681740584472967,
            0.8836160351862405,
            0.32242573363325705,
            0.8471148436929272,
            0.026491784932231744,
            0.029291323400813283,
            0.6991775254935335,
            0.9375246722719879,
            0.38250743933112885,
            0.38250743933112885,
            0.21681740584472967,
            0.44583680479645454,
            0.1351159725207279,
            0.05734712978019507,
            0.26687849628994026,
            0.5758957701145038,
            0.5758957701145038,
            0.5758957701145038,
            0.8471148436929272,
            0.44583680479645454,
            0.9136074600438041,
            0.8471148436929272,
            0.5108662874554788,
            0.1351159725207279
        ],
        "watermarked_scores": [
            2.891292403323301e-09,
            5.3958948221818666e-14,
            6.417595140328996e-26,
            2.7542100548833858e-11,
            6.367535581220604e-21,
            3.7434255435132964e-48,
            3.40789231276129e-19,
            1.3887540736433585e-26,
            5.1959296764365686e-17,
            3.6008151398279957e-06,
            4.378957471467549e-18,
            1.6672599345026213e-34,
            3.728936664045115e-12,
            1.6196290272301364e-08,
            2.7542100548833858e-11,
            1.2878606109634313e-24,
            1.3887540736433585e-26,
            1.6672599345026213e-34,
            2.469713844916831e-29,
            5.766690882776088e-15,
            1.0234594838755463e-11,
            9.226282199829347e-20,
            4.05422848158939e-22,
            5.3958948221818666e-14,
            5.593652455987735e-24,
            1.523466595091507e-17,
            1.0234594838755463e-11,
            1.2413159516351698e-28,
            2.448289219524794e-20,
            1.2878606109634313e-24,
            5.766690882776088e-15,
            1.523466595091507e-17
        ],
        "mean_vanilla_score": 0.4550622847162843,
        "mean_watermarked_score": 1.131244413865503e-07,
        "median_watermarked_score": 2.359873351371839e-18,
        "median_vanilla_score": 0.44583680479645454
    },
    "perplexity_metrics": {
        "vanilla": {
            "mean_perplexity": 6.782928466796875,
            "median_perplexity": 6.064453125,
            "perplexities": [
                4.73828125,
                4.59375,
                5.80078125,
                4.24609375,
                5.1640625,
                10.2421875,
                4.98828125,
                12.109375,
                9.8046875,
                4.93359375,
                8.3046875,
                10.8359375,
                3.76953125,
                2.05078125,
                7.94140625,
                9.75,
                10.6640625,
                5.94921875,
                7.4453125,
                5.59765625,
                8.40625,
                4.90234375,
                6.40625,
                5.40234375,
                6.1796875,
                8.1953125,
                2.181640625,
                4.6640625,
                7.7578125,
                13.9140625,
                1.6064453125,
                8.5078125
            ]
        },
        "watermarked": {
            "mean_perplexity": 15.336181640625,
            "median_perplexity": 14.10546875,
            "perplexities": [
                10.625,
                12.328125,
                11.9453125,
                8.1796875,
                14.75,
                21.640625,
                14.296875,
                23.15625,
                10.2421875,
                13.4296875,
                16.90625,
                24.515625,
                8.2890625,
                5.8515625,
                9.671875,
                13.9140625,
                26.09375,
                18.71875,
                14.8984375,
                10.4375,
                25.9375,
                13.6171875,
                12.4921875,
                19.234375,
                15.734375,
                16.109375,
                7.63671875,
                7.92578125,
                24.75,
                29.21875,
                13.96875,
                14.2421875
            ]
        }
    },
    "repetition_metrics": {
        "vanilla": {
            "median_seq_rep_3": 0.025252525252525304,
            "mean_seq_rep_3": 0.04577260549659028,
            "total_rep_3": 0.05698500394632988,
            "list_seq_rep_3": [
                0.04040404040404044,
                0.1262626262626263,
                0.16161616161616166,
                0.08080808080808077,
                0.0,
                0.005050505050505083,
                0.025252525252525304,
                0.0,
                0.025252525252525304,
                0.030303030303030276,
                0.005050505050505083,
                0.025252525252525304,
                0.015228426395939132,
                0.010101010101010055,
                0.02020202020202022,
                0.0,
                0.0,
                0.02020202020202022,
                0.025252525252525304,
                0.025252525252525304,
                0.005050505050505083,
                0.06060606060606055,
                0.005050505050505083,
                0.045454545454545414,
                0.010101010101010055,
                0.04040404040404044,
                0.297979797979798,
                0.10606060606060608,
                0.030303030303030276,
                0.0,
                0.21212121212121215,
                0.010101010101010055
            ]
        },
        "watermarked": {
            "median_seq_rep_3": 0.02020202020202022,
            "mean_seq_rep_3": 0.03772095959595961,
            "total_rep_3": 0.05902777777777779,
            "list_seq_rep_3": [
                0.10606060606060608,
                0.02020202020202022,
                0.025252525252525304,
                0.0757575757575758,
                0.045454545454545414,
                0.015151515151515138,
                0.010101010101010055,
                0.005050505050505083,
                0.11111111111111116,
                0.005050505050505083,
                0.025252525252525304,
                0.015151515151515138,
                0.08585858585858586,
                0.07070707070707072,
                0.02020202020202022,
                0.005050505050505083,
                0.010101010101010055,
                0.06565656565656564,
                0.025252525252525304,
                0.030303030303030276,
                0.025252525252525304,
                0.015151515151515138,
                0.005050505050505083,
                0.02020202020202022,
                0.005050505050505083,
                0.015151515151515138,
                0.1262626262626263,
                0.16161616161616166,
                0.0505050505050505,
                0.0,
                0.005050505050505083,
                0.005050505050505083
            ]
        }
    },
    "metadata": {
        "detection_method": "kgw",
        "num_samples": 32,
        "ppl_model": "/mnt/lustrenew/mllm_safety-shared/models/huggingface/meta-llama/Meta-Llama-3.1-8B"
    }
}