{
    "detection_scores": {
        "vanilla_scores": [
            0.38250743933112885,
            0.21681740584472967,
            0.10358208597462179,
            0.10358208597462179,
            0.6392026174713024,
            0.7544485191610798,
            0.44583680479645454,
            0.6392026174713024,
            0.21681740584472967,
            0.8836160351862405,
            0.32242573363325705,
            0.8471148436929272,
            0.026491784932231744,
            0.029291323400813283,
            0.6991775254935335,
            0.9375246722719879,
            0.38250743933112885,
            0.38250743933112885,
            0.21681740584472967,
            0.44583680479645454,
            0.1351159725207279,
            0.05734712978019507,
            0.26687849628994026,
            0.5758957701145038,
            0.5758957701145038,
            0.5758957701145038,
            0.8471148436929272,
            0.44583680479645454,
            0.9136074600438041,
            0.8471148436929272,
            0.5108662874554788,
            0.1351159725207279
        ],
        "watermarked_scores": [
            1.185855146094052e-09,
            0.0002992415380524399,
            7.267101730688786e-11,
            3.7209798727626364e-08,
            0.0014671279285978405,
            5.1959296764365686e-17,
            0.0002992415380524399,
            5.694866599381179e-16,
            1.7373044104054395e-16,
            5.0819502902761e-05,
            8.495616097290753e-07,
            7.267101730688786e-11,
            6.91125165250654e-09,
            1.850289616547429e-07,
            8.380496965030422e-08,
            1.850289616547429e-07,
            3.728936664045115e-12,
            1.0234594838755463e-11,
            2.891292403323301e-09,
            3.7209798727626364e-08,
            2.891292403323301e-09,
            0.020305707993592128,
            0.0023926406266429954,
            1.6196290272301364e-08,
            7.193361071692652e-06,
            1.6196290272301364e-08,
            0.0008814169940861691,
            0.0014671279285978405,
            0.0002992415380524399,
            5.0819502902761e-05,
            0.0414023702540248,
            8.495616097290753e-07
        ],
        "mean_vanilla_score": 0.4550622847162843,
        "mean_watermarked_score": 0.0021539132044957714,
        "median_watermarked_score": 1.3441696565252354e-07,
        "median_vanilla_score": 0.44583680479645454
    },
    "perplexity_metrics": {
        "vanilla": {
            "mean_perplexity": 6.782928466796875,
            "median_perplexity": 6.064453125,
            "perplexities": [
                4.73828125,
                4.59375,
                5.80078125,
                4.24609375,
                5.1640625,
                10.2421875,
                4.98828125,
                12.109375,
                9.8046875,
                4.93359375,
                8.3046875,
                10.8359375,
                3.76953125,
                2.05078125,
                7.94140625,
                9.75,
                10.6640625,
                5.94921875,
                7.4453125,
                5.59765625,
                8.40625,
                4.90234375,
                6.40625,
                5.40234375,
                6.1796875,
                8.1953125,
                2.181640625,
                4.6640625,
                7.7578125,
                13.9140625,
                1.6064453125,
                8.5078125
            ]
        },
        "watermarked": {
            "mean_perplexity": 9.27838134765625,
            "median_perplexity": 8.85546875,
            "perplexities": [
                6.72265625,
                11.71875,
                9.15625,
                3.447265625,
                7.1484375,
                10.1015625,
                5.890625,
                14.078125,
                7.92578125,
                5.546875,
                11.4453125,
                15.734375,
                6.30859375,
                5.19921875,
                8.5546875,
                12.890625,
                10.15625,
                11.03125,
                8.0234375,
                6.875,
                9.8828125,
                5.29296875,
                11.6015625,
                13.96875,
                7.91015625,
                10.3984375,
                5.59765625,
                7.50390625,
                7.28125,
                13.828125,
                9.734375,
                15.953125
            ]
        }
    },
    "repetition_metrics": {
        "vanilla": {
            "median_seq_rep_3": 0.025252525252525304,
            "mean_seq_rep_3": 0.04577260549659028,
            "total_rep_3": 0.05698500394632988,
            "list_seq_rep_3": [
                0.04040404040404044,
                0.1262626262626263,
                0.16161616161616166,
                0.08080808080808077,
                0.0,
                0.005050505050505083,
                0.025252525252525304,
                0.0,
                0.025252525252525304,
                0.030303030303030276,
                0.005050505050505083,
                0.025252525252525304,
                0.015228426395939132,
                0.010101010101010055,
                0.02020202020202022,
                0.0,
                0.0,
                0.02020202020202022,
                0.025252525252525304,
                0.025252525252525304,
                0.005050505050505083,
                0.06060606060606055,
                0.005050505050505083,
                0.045454545454545414,
                0.010101010101010055,
                0.04040404040404044,
                0.297979797979798,
                0.10606060606060608,
                0.030303030303030276,
                0.0,
                0.21212121212121215,
                0.010101010101010055
            ]
        },
        "watermarked": {
            "median_seq_rep_3": 0.03282828282828282,
            "mean_seq_rep_3": 0.03630050505050504,
            "total_rep_3": 0.04797979797979801,
            "list_seq_rep_3": [
                0.045454545454545414,
                0.02020202020202022,
                0.045454545454545414,
                0.08080808080808077,
                0.010101010101010055,
                0.09595959595959591,
                0.005050505050505083,
                0.07070707070707072,
                0.045454545454545414,
                0.030303030303030276,
                0.005050505050505083,
                0.0,
                0.06060606060606055,
                0.08080808080808077,
                0.03535353535353536,
                0.010101010101010055,
                0.030303030303030276,
                0.02020202020202022,
                0.03535353535353536,
                0.015151515151515138,
                0.005050505050505083,
                0.09090909090909094,
                0.025252525252525304,
                0.06060606060606055,
                0.03535353535353536,
                0.010101010101010055,
                0.010101010101010055,
                0.03535353535353536,
                0.0505050505050505,
                0.010101010101010055,
                0.07070707070707072,
                0.015151515151515138
            ]
        }
    },
    "metadata": {
        "detection_method": "kgw",
        "num_samples": 32,
        "ppl_model": "/mnt/lustrenew/mllm_safety-shared/models/huggingface/meta-llama/Meta-Llama-3.1-8B"
    }
}