{
    "detection_scores": {
        "vanilla_scores": [
            0.38250743933112885,
            0.21681740584472967,
            0.10358208597462179,
            0.10358208597462179,
            0.6392026174713024,
            0.7544485191610798,
            0.44583680479645454,
            0.6392026174713024,
            0.21681740584472967,
            0.8836160351862405,
            0.32242573363325705,
            0.8471148436929272,
            0.026491784932231744,
            0.029291323400813283,
            0.6991775254935335,
            0.9375246722719879,
            0.38250743933112885,
            0.38250743933112885,
            0.21681740584472967,
            0.44583680479645454,
            0.1351159725207279,
            0.05734712978019507,
            0.26687849628994026,
            0.5758957701145038,
            0.5758957701145038,
            0.5758957701145038,
            0.8471148436929272,
            0.44583680479645454,
            0.9136074600438041,
            0.8471148436929272,
            0.5108662874554788,
            0.1351159725207279
        ],
        "watermarked_scores": [
            1.711047660696746e-31,
            7.281123580937401e-37,
            4.7142258136105125e-50,
            7.281123580937401e-37,
            4.787212896650748e-38,
            5.369211233986705e-41,
            2.469713844916831e-29,
            2.891339524242926e-42,
            1.771896576110007e-26,
            1.7362110680478014e-38,
            1.730111437829851e-44,
            5.333330207674378e-52,
            1.1373502558397022e-37,
            2.6778610703480543e-46,
            1.2413159516351698e-28,
            3.854258331994654e-43,
            1.7362110680478014e-38,
            3.7434255435132964e-48,
            8.244882409654037e-42,
            3.854258331994654e-43,
            3.773147184320832e-40,
            1.851690726895567e-44,
            7.46031146955063e-42,
            2.3063353935248605e-45,
            5.5809499869590474e-33,
            4.256772933855766e-49,
            1.4607012240706947e-32,
            9.303910575323185e-40,
            2.179690300748062e-45,
            1.7362110680478014e-38,
            9.170461555778119e-31,
            1.4225156347516573e-49
        ],
        "mean_vanilla_score": 0.4550622847162843,
        "mean_watermarked_score": 5.584032136021228e-28,
        "median_watermarked_score": 2.155034153859751e-40,
        "median_vanilla_score": 0.44583680479645454
    },
    "perplexity_metrics": {
        "vanilla": {
            "mean_perplexity": 6.782928466796875,
            "median_perplexity": 6.064453125,
            "perplexities": [
                4.73828125,
                4.59375,
                5.80078125,
                4.24609375,
                5.1640625,
                10.2421875,
                4.98828125,
                12.109375,
                9.8046875,
                4.93359375,
                8.3046875,
                10.8359375,
                3.76953125,
                2.05078125,
                7.94140625,
                9.75,
                10.6640625,
                5.94921875,
                7.4453125,
                5.59765625,
                8.40625,
                4.90234375,
                6.40625,
                5.40234375,
                6.1796875,
                8.1953125,
                2.181640625,
                4.6640625,
                7.7578125,
                13.9140625,
                1.6064453125,
                8.5078125
            ]
        },
        "watermarked": {
            "mean_perplexity": 222.751220703125,
            "median_perplexity": 226.75,
            "perplexities": [
                268.75,
                184.75,
                301.0,
                1.4140625,
                273.0,
                226.25,
                346.5,
                299.75,
                214.25,
                220.25,
                138.875,
                103.625,
                65.875,
                450.0,
                192.0,
                248.5,
                250.5,
                210.125,
                268.75,
                86.5625,
                289.5,
                94.3125,
                198.875,
                110.75,
                276.25,
                227.25,
                135.625,
                232.625,
                313.0,
                248.5,
                443.0,
                207.625
            ]
        }
    },
    "repetition_metrics": {
        "vanilla": {
            "median_seq_rep_3": 0.025252525252525304,
            "mean_seq_rep_3": 0.04577260549659028,
            "total_rep_3": 0.05698500394632988,
            "list_seq_rep_3": [
                0.04040404040404044,
                0.1262626262626263,
                0.16161616161616166,
                0.08080808080808077,
                0.0,
                0.005050505050505083,
                0.025252525252525304,
                0.0,
                0.025252525252525304,
                0.030303030303030276,
                0.005050505050505083,
                0.025252525252525304,
                0.015228426395939132,
                0.010101010101010055,
                0.02020202020202022,
                0.0,
                0.0,
                0.02020202020202022,
                0.025252525252525304,
                0.025252525252525304,
                0.005050505050505083,
                0.06060606060606055,
                0.005050505050505083,
                0.045454545454545414,
                0.010101010101010055,
                0.04040404040404044,
                0.297979797979798,
                0.10606060606060608,
                0.030303030303030276,
                0.0,
                0.21212121212121215,
                0.010101010101010055
            ]
        },
        "watermarked": {
            "median_seq_rep_3": 0.03282828282828282,
            "mean_seq_rep_3": 0.08541142356668956,
            "total_rep_3": 0.13031788707891823,
            "list_seq_rep_3": [
                0.06060606060606055,
                0.030303030303030276,
                0.010101010101010055,
                0.9646464646464646,
                0.055837563451776595,
                0.03535353535353536,
                0.030303030303030276,
                0.055837563451776595,
                0.025510204081632626,
                0.02020202020202022,
                0.08080808080808077,
                0.101010101010101,
                0.26262626262626265,
                0.0,
                0.0505050505050505,
                0.015228426395939132,
                0.04040404040404044,
                0.025252525252525304,
                0.015306122448979553,
                0.1725888324873096,
                0.005050505050505083,
                0.1785714285714286,
                0.015151515151515138,
                0.15816326530612246,
                0.025252525252525304,
                0.015151515151515138,
                0.13705583756345174,
                0.05025125628140703,
                0.015151515151515138,
                0.05555555555555558,
                0.0,
                0.025380710659898442
            ]
        }
    },
    "metadata": {
        "detection_method": "kgw",
        "num_samples": 32,
        "ppl_model": "/mnt/lustrenew/mllm_safety-shared/models/huggingface/meta-llama/Meta-Llama-3.1-8B"
    }
}