{
    "detection_scores": {
        "vanilla_scores": [
            0.38250743933112885,
            0.21681740584472967,
            0.10358208597462179,
            0.10358208597462179,
            0.6392026174713024,
            0.7544485191610798,
            0.44583680479645454,
            0.6392026174713024,
            0.21681740584472967,
            0.8836160351862405,
            0.32242573363325705,
            0.8471148436929272,
            0.026491784932231744,
            0.029291323400813283,
            0.6991775254935335,
            0.9375246722719879,
            0.38250743933112885,
            0.38250743933112885,
            0.21681740584472967,
            0.44583680479645454,
            0.1351159725207279,
            0.05734712978019507,
            0.26687849628994026,
            0.5758957701145038,
            0.5758957701145038,
            0.5758957701145038,
            0.8471148436929272,
            0.44583680479645454,
            0.9136074600438041,
            0.8471148436929272,
            0.5108662874554788,
            0.1351159725207279
        ],
        "watermarked_scores": [
            0.020305707993592128,
            0.005984616771209155,
            1.850289616547429e-07,
            4.004543805359876e-07,
            0.0002992415380524399,
            8.380496965030422e-08,
            0.0014671279285978405,
            8.380496965030422e-08,
            1.4083981957400238e-05,
            0.009178679390778589,
            0.00016911265119370079,
            5.0819502902761e-05,
            0.21681740584472967,
            1.185855146094052e-09,
            1.185855146094052e-09,
            1.4083981957400238e-05,
            5.0819502902761e-05,
            0.0008814169940861691,
            7.267101730688786e-11,
            0.0023926406266429954,
            5.0819502902761e-05,
            0.0023926406266429954,
            0.0005188340346265688,
            0.0414023702540248,
            1.4083981957400238e-05,
            0.0005188340346265688,
            9.364978073223926e-05,
            0.009178679390778589,
            0.0414023702540248,
            3.6008151398279957e-06,
            0.17282432636257503,
            7.193361071692652e-06
        ],
        "mean_vanilla_score": 0.4550622847162843,
        "mean_watermarked_score": 0.016438559832667784,
        "median_watermarked_score": 0.44583680479645454,
        "median_vanilla_score": 0.00013138121596297002
    },
    "perplexity_metrics": {
        "vanilla": {
            "mean_perplexity": 6.782928466796875,
            "median_perplexity": 6.064453125,
            "perplexities": [
                4.73828125,
                4.59375,
                5.80078125,
                4.24609375,
                5.1640625,
                10.2421875,
                4.98828125,
                12.109375,
                9.8046875,
                4.93359375,
                8.3046875,
                10.8359375,
                3.76953125,
                2.05078125,
                7.94140625,
                9.75,
                10.6640625,
                5.94921875,
                7.4453125,
                5.59765625,
                8.40625,
                4.90234375,
                6.40625,
                5.40234375,
                6.1796875,
                8.1953125,
                2.181640625,
                4.6640625,
                7.7578125,
                13.9140625,
                1.6064453125,
                8.5078125
            ]
        },
        "watermarked": {
            "mean_perplexity": 9.47381591796875,
            "median_perplexity": 8.74609375,
            "perplexities": [
                8.96875,
                8.96875,
                8.0859375,
                4.83984375,
                5.76171875,
                11.1171875,
                6.1484375,
                15.953125,
                16.625,
                15.734375,
                9.3984375,
                12.59375,
                7.89453125,
                3.841796875,
                10.140625,
                9.2109375,
                14.7265625,
                9.84375,
                6.78125,
                10.984375,
                5.99609375,
                6.828125,
                6.87890625,
                4.24609375,
                7.98828125,
                8.5234375,
                7.63671875,
                5.359375,
                10.0234375,
                23.625,
                6.765625,
                11.671875
            ]
        }
    },
    "repetition_metrics": {
        "vanilla": {
            "median_seq_rep_3": 0.025252525252525304,
            "mean_seq_rep_3": 0.04577260549659028,
            "total_rep_3": 0.05698500394632988,
            "list_seq_rep_3": [
                0.04040404040404044,
                0.1262626262626263,
                0.16161616161616166,
                0.08080808080808077,
                0.0,
                0.005050505050505083,
                0.025252525252525304,
                0.0,
                0.025252525252525304,
                0.030303030303030276,
                0.005050505050505083,
                0.025252525252525304,
                0.015228426395939132,
                0.010101010101010055,
                0.02020202020202022,
                0.0,
                0.0,
                0.02020202020202022,
                0.025252525252525304,
                0.025252525252525304,
                0.005050505050505083,
                0.06060606060606055,
                0.005050505050505083,
                0.045454545454545414,
                0.010101010101010055,
                0.04040404040404044,
                0.297979797979798,
                0.10606060606060608,
                0.030303030303030276,
                0.0,
                0.21212121212121215,
                0.010101010101010055
            ]
        },
        "watermarked": {
            "median_seq_rep_3": 0.025252525252525304,
            "mean_seq_rep_3": 0.04198232323232324,
            "total_rep_3": 0.04876893939393945,
            "list_seq_rep_3": [
                0.010101010101010055,
                0.025252525252525304,
                0.005050505050505083,
                0.0505050505050505,
                0.030303030303030276,
                0.025252525252525304,
                0.02020202020202022,
                0.010101010101010055,
                0.005050505050505083,
                0.0,
                0.005050505050505083,
                0.06565656565656564,
                0.025252525252525304,
                0.0757575757575758,
                0.03535353535353536,
                0.06565656565656564,
                0.025252525252525304,
                0.005050505050505083,
                0.09090909090909094,
                0.005050505050505083,
                0.015151515151515138,
                0.025252525252525304,
                0.02020202020202022,
                0.3535353535353535,
                0.010101010101010055,
                0.030303030303030276,
                0.11616161616161613,
                0.0505050505050505,
                0.015151515151515138,
                0.0,
                0.101010101010101,
                0.025252525252525304
            ]
        }
    },
    "metadata": {
        "detection_method": "kgw",
        "num_samples": 32,
        "ppl_model": "/mnt/lustrenew/mllm_safety-shared/models/huggingface/meta-llama/Meta-Llama-3.1-8B"
    }
}