{
    "detection_scores": {
        "vanilla_scores": [
            0.38250743933112885,
            0.21681740584472967,
            0.10358208597462179,
            0.10358208597462179,
            0.6392026174713024,
            0.7544485191610798,
            0.44583680479645454,
            0.6392026174713024,
            0.21681740584472967,
            0.8836160351862405,
            0.32242573363325705,
            0.8471148436929272,
            0.026491784932231744,
            0.029291323400813283,
            0.6991775254935335,
            0.9375246722719879,
            0.38250743933112885,
            0.38250743933112885,
            0.21681740584472967,
            0.44583680479645454,
            0.1351159725207279,
            0.05734712978019507,
            0.26687849628994026,
            0.5758957701145038,
            0.5758957701145038,
            0.5758957701145038,
            0.8471148436929272,
            0.44583680479645454,
            0.9136074600438041,
            0.8471148436929272,
            0.5108662874554788,
            0.1351159725207279
        ],
        "watermarked_scores": [
            6.417595140328996e-26,
            2.469713844916831e-29,
            2.787241995807037e-35,
            1.0119042559603408e-42,
            5.593652455987735e-24,
            5.369211233986705e-41,
            2.787241995807037e-35,
            1.2878606109634313e-24,
            3.207189137152643e-47,
            5.5809499869590474e-33,
            1.2413159516351698e-28,
            1.0119042559603408e-42,
            2.9432309769801617e-27,
            1.6672599345026213e-34,
            9.923906683417619e-23,
            3.1240755536899586e-32,
            9.923906683417619e-23,
            9.753438626106413e-34,
            7.192104585134415e-39,
            9.170461555778119e-31,
            4.810247106298303e-30,
            6.217243620583226e-29,
            9.753438626106413e-34,
            1.3188290333392563e-23,
            1.3395210011940047e-43,
            5.369211233986705e-41,
            6.367535581220604e-21,
            2.9432309769801617e-27,
            6.217243620583226e-29,
            1.228918809211306e-35,
            2.787241995807037e-35,
            6.217243620583226e-29
        ],
        "mean_vanilla_score": 0.4550622847162843,
        "mean_watermarked_score": 2.0581731005671962e-22,
        "median_watermarked_score": 4.741434555573557e-31,
        "median_vanilla_score": 0.44583680479645454
    },
    "perplexity_metrics": {
        "vanilla": {
            "mean_perplexity": 6.782928466796875,
            "median_perplexity": 6.064453125,
            "perplexities": [
                4.73828125,
                4.59375,
                5.80078125,
                4.24609375,
                5.1640625,
                10.2421875,
                4.98828125,
                12.109375,
                9.8046875,
                4.93359375,
                8.3046875,
                10.8359375,
                3.76953125,
                2.05078125,
                7.94140625,
                9.75,
                10.6640625,
                5.94921875,
                7.4453125,
                5.59765625,
                8.40625,
                4.90234375,
                6.40625,
                5.40234375,
                6.1796875,
                8.1953125,
                2.181640625,
                4.6640625,
                7.7578125,
                13.9140625,
                1.6064453125,
                8.5078125
            ]
        },
        "watermarked": {
            "mean_perplexity": 121.673828125,
            "median_perplexity": 104.625,
            "perplexities": [
                108.5625,
                60.90625,
                102.375,
                29.96875,
                291.75,
                154.875,
                74.625,
                215.125,
                62.59375,
                92.125,
                178.375,
                60.1875,
                38.1875,
                90.75,
                61.875,
                62.34375,
                202.125,
                85.5625,
                71.75,
                61.875,
                136.25,
                239.0,
                35.875,
                174.875,
                118.8125,
                106.875,
                264.5,
                112.4375,
                141.625,
                297.5,
                51.6875,
                108.1875
            ]
        }
    },
    "repetition_metrics": {
        "vanilla": {
            "median_seq_rep_3": 0.025252525252525304,
            "mean_seq_rep_3": 0.04577260549659028,
            "total_rep_3": 0.05698500394632988,
            "list_seq_rep_3": [
                0.04040404040404044,
                0.1262626262626263,
                0.16161616161616166,
                0.08080808080808077,
                0.0,
                0.005050505050505083,
                0.025252525252525304,
                0.0,
                0.025252525252525304,
                0.030303030303030276,
                0.005050505050505083,
                0.025252525252525304,
                0.015228426395939132,
                0.010101010101010055,
                0.02020202020202022,
                0.0,
                0.0,
                0.02020202020202022,
                0.025252525252525304,
                0.025252525252525304,
                0.005050505050505083,
                0.06060606060606055,
                0.005050505050505083,
                0.045454545454545414,
                0.010101010101010055,
                0.04040404040404044,
                0.297979797979798,
                0.10606060606060608,
                0.030303030303030276,
                0.0,
                0.21212121212121215,
                0.010101010101010055
            ]
        },
        "watermarked": {
            "median_seq_rep_3": 0.015151515151515138,
            "mean_seq_rep_3": 0.04294451494641849,
            "total_rep_3": 0.0661927330173776,
            "list_seq_rep_3": [
                0.06565656565656564,
                0.09595959595959591,
                0.015151515151515138,
                0.202020202020202,
                0.0,
                0.015151515151515138,
                0.0,
                0.0,
                0.101010101010101,
                0.09090909090909094,
                0.045454545454545414,
                0.005050505050505083,
                0.025252525252525304,
                0.0757575757575758,
                0.030303030303030276,
                0.010101010101010055,
                0.010101010101010055,
                0.015151515151515138,
                0.060913705583756306,
                0.010101010101010055,
                0.010101010101010055,
                0.010152284263959421,
                0.2222222222222222,
                0.0,
                0.06060606060606055,
                0.12121212121212122,
                0.0,
                0.005050505050505083,
                0.02030456852791873,
                0.0,
                0.045454545454545414,
                0.005076142131979711
            ]
        }
    },
    "metadata": {
        "detection_method": "kgw",
        "num_samples": 32,
        "ppl_model": "/mnt/lustrenew/mllm_safety-shared/models/huggingface/meta-llama/Meta-Llama-3.1-8B"
    }
}