{
    "detection_scores": {
        "vanilla_scores": [
            0.38250743933112885,
            0.21681740584472967,
            0.10358208597462179,
            0.10358208597462179,
            0.6392026174713024,
            0.7544485191610798,
            0.44583680479645454,
            0.6392026174713024,
            0.21681740584472967,
            0.8836160351862405,
            0.32242573363325705,
            0.8471148436929272,
            0.026491784932231744,
            0.029291323400813283,
            0.6991775254935335,
            0.9375246722719879,
            0.38250743933112885,
            0.38250743933112885,
            0.21681740584472967,
            0.44583680479645454,
            0.1351159725207279,
            0.05734712978019507,
            0.26687849628994026,
            0.5758957701145038,
            0.5758957701145038,
            0.5758957701145038,
            0.8471148436929272,
            0.44583680479645454,
            0.9136074600438041,
            0.8471148436929272,
            0.5108662874554788,
            0.1351159725207279
        ],
        "watermarked_scores": [
            5.694866599381179e-16,
            6.127177033937559e-10,
            1.2338456690107672e-18,
            7.161570374319398e-12,
            1.711047660696746e-31,
            3.40789231276129e-19,
            1.9453668232063174e-11,
            6.417595140328996e-26,
            5.593652455987735e-24,
            9.226282199829347e-20,
            4.05422848158939e-22,
            3.1240755536899586e-32,
            6.417595140328996e-26,
            3.40789231276129e-19,
            4.810247106298303e-30,
            4.556155737577618e-36,
            3.0621064968528603e-24,
            1.2878606109634313e-24,
            4.810247106298303e-30,
            2.380248302952419e-23,
            3.1240755536899586e-32,
            5.766690882776088e-15,
            1.2338456690107672e-18,
            1.82748023197006e-23,
            2.448289219524794e-20,
            3.3851281654431553e-26,
            7.491718234060429e-19,
            1.850289616547429e-07,
            9.452228268395175e-18,
            6.417595140328996e-26,
            5.5809499869590474e-33,
            6.1083709381796425e-28
        ],
        "mean_vanilla_score": 0.4550622847162843,
        "mean_watermarked_score": 5.802134404574639e-09,
        "median_watermarked_score": 2.1038642674612395e-23,
        "median_vanilla_score": 0.44583680479645454
    },
    "perplexity_metrics": {
        "vanilla": {
            "mean_perplexity": 6.782928466796875,
            "median_perplexity": 6.064453125,
            "perplexities": [
                4.73828125,
                4.59375,
                5.80078125,
                4.24609375,
                5.1640625,
                10.2421875,
                4.98828125,
                12.109375,
                9.8046875,
                4.93359375,
                8.3046875,
                10.8359375,
                3.76953125,
                2.05078125,
                7.94140625,
                9.75,
                10.6640625,
                5.94921875,
                7.4453125,
                5.59765625,
                8.40625,
                4.90234375,
                6.40625,
                5.40234375,
                6.1796875,
                8.1953125,
                2.181640625,
                4.6640625,
                7.7578125,
                13.9140625,
                1.6064453125,
                8.5078125
            ]
        },
        "watermarked": {
            "mean_perplexity": 58.5933837890625,
            "median_perplexity": 59.09375,
            "perplexities": [
                69.3125,
                17.140625,
                25.296875,
                15.828125,
                132.5,
                32.59375,
                4.00390625,
                82.625,
                66.875,
                95.4375,
                27.890625,
                63.59375,
                33.78125,
                42.6875,
                46.0625,
                85.5625,
                67.6875,
                54.59375,
                21.84375,
                125.0,
                68.5,
                6.34375,
                141.125,
                65.0625,
                48.46875,
                70.375,
                78.1875,
                6.609375,
                82.625,
                121.625,
                35.1875,
                40.5625
            ]
        }
    },
    "repetition_metrics": {
        "vanilla": {
            "median_seq_rep_3": 0.025252525252525304,
            "mean_seq_rep_3": 0.04577260549659028,
            "total_rep_3": 0.05698500394632988,
            "list_seq_rep_3": [
                0.04040404040404044,
                0.1262626262626263,
                0.16161616161616166,
                0.08080808080808077,
                0.0,
                0.005050505050505083,
                0.025252525252525304,
                0.0,
                0.025252525252525304,
                0.030303030303030276,
                0.005050505050505083,
                0.025252525252525304,
                0.015228426395939132,
                0.010101010101010055,
                0.02020202020202022,
                0.0,
                0.0,
                0.02020202020202022,
                0.025252525252525304,
                0.025252525252525304,
                0.005050505050505083,
                0.06060606060606055,
                0.005050505050505083,
                0.045454545454545414,
                0.010101010101010055,
                0.04040404040404044,
                0.297979797979798,
                0.10606060606060608,
                0.030303030303030276,
                0.0,
                0.21212121212121215,
                0.010101010101010055
            ]
        },
        "watermarked": {
            "median_seq_rep_3": 0.03535353535353536,
            "mean_seq_rep_3": 0.10322358657489655,
            "total_rep_3": 0.12059427848901538,
            "list_seq_rep_3": [
                0.0505050505050505,
                0.2642487046632125,
                0.31313131313131315,
                0.18781725888324874,
                0.015151515151515138,
                0.08585858585858586,
                0.6700507614213198,
                0.03535353535353536,
                0.010101010101010055,
                0.03535353535353536,
                0.0505050505050505,
                0.015151515151515138,
                0.05555555555555558,
                0.045454545454545414,
                0.02020202020202022,
                0.015151515151515138,
                0.010152284263959421,
                0.010101010101010055,
                0.16161616161616166,
                0.03535353535353536,
                0.02020202020202022,
                0.601010101010101,
                0.0,
                0.09499999999999997,
                0.005050505050505083,
                0.010152284263959421,
                0.010152284263959421,
                0.3787878787878788,
                0.005076142131979711,
                0.015151515151515138,
                0.06565656565656564,
                0.010101010101010055
            ]
        }
    },
    "metadata": {
        "detection_method": "kgw",
        "num_samples": 32,
        "ppl_model": "/mnt/lustrenew/mllm_safety-shared/models/huggingface/meta-llama/Meta-Llama-3.1-8B"
    }
}