{"train/epoch":0.0002,"train/loss":0.0744,"train/learning_rate":0,"_step":0,"_timestamp":1.7564028057403536e+09,"train/grad_norm":0.7514688968658447,"_runtime":8.206132312,"train/global_step":1,"_wandb":{"runtime":13}}