{
    "detection_scores": {
        "vanilla_scores": [
            0.38250743933112885,
            0.21681740584472967,
            0.10358208597462179,
            0.10358208597462179,
            0.6392026174713024,
            0.7544485191610798,
            0.44583680479645454,
            0.6392026174713024,
            0.21681740584472967,
            0.8836160351862405,
            0.32242573363325705,
            0.8471148436929272,
            0.026491784932231744,
            0.029291323400813283,
            0.6991775254935335,
            0.9375246722719879,
            0.38250743933112885,
            0.38250743933112885,
            0.21681740584472967,
            0.44583680479645454,
            0.1351159725207279,
            0.05734712978019507,
            0.26687849628994026,
            0.5758957701145038,
            0.5758957701145038,
            0.5758957701145038,
            0.8471148436929272,
            0.44583680479645454,
            0.9136074600438041,
            0.8471148436929272,
            0.5108662874554788,
            0.1351159725207279
        ],
        "watermarked_scores": [
            5.1959296764365686e-17,
            7.267101730688786e-11,
            4.05422848158939e-22,
            4.768531402796335e-10,
            4.665963805281391e-13,
            4.556155737577618e-36,
            1.83019461498296e-15,
            9.452228268395175e-18,
            9.923906683417619e-23,
            5.1959296764365686e-17,
            1.7814755217536783e-14,
            2.9432309769801617e-27,
            4.768531402796335e-10,
            2.7542100548833858e-11,
            5.1959296764365686e-17,
            4.378957471467549e-18,
            5.1959296764365686e-17,
            1.2878606109634313e-24,
            1.3887540736433585e-26,
            5.3958948221818666e-14,
            5.593652455987735e-24,
            1.7814755217536783e-14,
            4.05422848158939e-22,
            5.694866599381179e-16,
            5.3958948221818666e-14,
            4.05422848158939e-22,
            3.4621625478619577e-10,
            4.378957471467549e-18,
            1.6196290272301364e-08,
            1.2338456690107672e-18,
            1.7666461197620142e-06,
            5.593652455987735e-24
        ],
        "mean_vanilla_score": 0.4550622847162843,
        "mean_watermarked_score": 5.5757598701820874e-08,
        "median_watermarked_score": 5.1959296764365686e-17,
        "median_vanilla_score": 0.44583680479645454
    },
    "perplexity_metrics": {
        "vanilla": {
            "mean_perplexity": 6.782928466796875,
            "median_perplexity": 6.064453125,
            "perplexities": [
                4.73828125,
                4.59375,
                5.80078125,
                4.24609375,
                5.1640625,
                10.2421875,
                4.98828125,
                12.109375,
                9.8046875,
                4.93359375,
                8.3046875,
                10.8359375,
                3.76953125,
                2.05078125,
                7.94140625,
                9.75,
                10.6640625,
                5.94921875,
                7.4453125,
                5.59765625,
                8.40625,
                4.90234375,
                6.40625,
                5.40234375,
                6.1796875,
                8.1953125,
                2.181640625,
                4.6640625,
                7.7578125,
                13.9140625,
                1.6064453125,
                8.5078125
            ]
        },
        "watermarked": {
            "mean_perplexity": 15.2760009765625,
            "median_perplexity": 13.60546875,
            "perplexities": [
                12.2578125,
                15.3125,
                8.984375,
                4.92578125,
                13.59375,
                17.828125,
                8.0390625,
                12.84375,
                19.921875,
                19.390625,
                16.71875,
                20.078125,
                7.8046875,
                8.671875,
                15.28125,
                15.1640625,
                11.0703125,
                17.859375,
                10.7734375,
                9.4296875,
                30.328125,
                13.5390625,
                12.28125,
                13.828125,
                13.6171875,
                17.25,
                10.15625,
                34.5625,
                12.421875,
                38.25,
                9.8046875,
                16.84375
            ]
        }
    },
    "repetition_metrics": {
        "vanilla": {
            "median_seq_rep_3": 0.025252525252525304,
            "mean_seq_rep_3": 0.04577260549659028,
            "total_rep_3": 0.05698500394632988,
            "list_seq_rep_3": [
                0.04040404040404044,
                0.1262626262626263,
                0.16161616161616166,
                0.08080808080808077,
                0.0,
                0.005050505050505083,
                0.025252525252525304,
                0.0,
                0.025252525252525304,
                0.030303030303030276,
                0.005050505050505083,
                0.025252525252525304,
                0.015228426395939132,
                0.010101010101010055,
                0.02020202020202022,
                0.0,
                0.0,
                0.02020202020202022,
                0.025252525252525304,
                0.025252525252525304,
                0.005050505050505083,
                0.06060606060606055,
                0.005050505050505083,
                0.045454545454545414,
                0.010101010101010055,
                0.04040404040404044,
                0.297979797979798,
                0.10606060606060608,
                0.030303030303030276,
                0.0,
                0.21212121212121215,
                0.010101010101010055
            ]
        },
        "watermarked": {
            "median_seq_rep_3": 0.025252525252525304,
            "mean_seq_rep_3": 0.03633976183151309,
            "total_rep_3": 0.053836438269655784,
            "list_seq_rep_3": [
                0.03535353535353536,
                0.07070707070707072,
                0.0505050505050505,
                0.11616161616161613,
                0.0,
                0.025252525252525304,
                0.03535353535353536,
                0.18781725888324874,
                0.010101010101010055,
                0.015151515151515138,
                0.010101010101010055,
                0.015151515151515138,
                0.005050505050505083,
                0.015151515151515138,
                0.005050505050505083,
                0.025252525252525304,
                0.0505050505050505,
                0.04040404040404044,
                0.07070707070707072,
                0.015151515151515138,
                0.030303030303030276,
                0.010101010101010055,
                0.0505050505050505,
                0.05555555555555558,
                0.0,
                0.010101010101010055,
                0.060913705583756306,
                0.030303030303030276,
                0.09595959595959591,
                0.0,
                0.02020202020202022,
                0.0
            ]
        }
    },
    "metadata": {
        "detection_method": "kgw",
        "num_samples": 32,
        "ppl_model": "/mnt/lustrenew/mllm_safety-shared/models/huggingface/meta-llama/Meta-Llama-3.1-8B"
    }
}