{
    "detection_scores": {
        "vanilla_scores": [
            0.38250743933112885,
            0.21681740584472967,
            0.10358208597462179,
            0.10358208597462179,
            0.6392026174713024,
            0.7544485191610798,
            0.44583680479645454,
            0.6392026174713024,
            0.21681740584472967,
            0.8836160351862405,
            0.32242573363325705,
            0.8471148436929272,
            0.026491784932231744,
            0.029291323400813283,
            0.6991775254935335,
            0.9375246722719879,
            0.38250743933112885,
            0.38250743933112885,
            0.21681740584472967,
            0.44583680479645454,
            0.1351159725207279,
            0.05734712978019507,
            0.26687849628994026,
            0.5758957701145038,
            0.5758957701145038,
            0.5758957701145038,
            0.8471148436929272,
            0.44583680479645454,
            0.9136074600438041,
            0.8471148436929272,
            0.5108662874554788,
            0.1351159725207279
        ],
        "watermarked_scores": [
            8.502019604883155e-37,
            7.865942802032404e-46,
            1.1373502558397022e-37,
            1.1373502558397022e-37,
            2.9432309769801617e-27,
            1.1798534124116248e-70,
            1.3395210011940047e-43,
            4.2526428379339534e-40,
            2.5896200748330102e-39,
            9.170461555778119e-31,
            5.369211233986705e-41,
            2.5896200748330102e-39,
            2.469713844916831e-29,
            7.281123580937401e-37,
            5.4440730842594115e-53,
            6.35897836238259e-45,
            1.1373502558397022e-37,
            1.7362110680478014e-38,
            1.0119042559603408e-42,
            4.256772933855766e-49,
            7.46031146955063e-42,
            3.773147184320832e-40,
            5.5809499869590474e-33,
            3.854258331994654e-43,
            3.9304242475857884e-58,
            5.4440730842594115e-53,
            1.730111437829851e-44,
            1.1373502558397022e-37,
            1.1798534124116248e-70,
            1.0119042559603408e-42,
            7.281123580937401e-37,
            2.179690300748062e-45
        ],
        "mean_vanilla_score": 0.4550622847162843,
        "mean_watermarked_score": 9.277658579123967e-29,
        "median_watermarked_score": 2.155034153859751e-40,
        "median_vanilla_score": 0.44583680479645454
    },
    "perplexity_metrics": {
        "vanilla": {
            "mean_perplexity": 6.782928466796875,
            "median_perplexity": 6.064453125,
            "perplexities": [
                4.73828125,
                4.59375,
                5.80078125,
                4.24609375,
                5.1640625,
                10.2421875,
                4.98828125,
                12.109375,
                9.8046875,
                4.93359375,
                8.3046875,
                10.8359375,
                3.76953125,
                2.05078125,
                7.94140625,
                9.75,
                10.6640625,
                5.94921875,
                7.4453125,
                5.59765625,
                8.40625,
                4.90234375,
                6.40625,
                5.40234375,
                6.1796875,
                8.1953125,
                2.181640625,
                4.6640625,
                7.7578125,
                13.9140625,
                1.6064453125,
                8.5078125
            ]
        },
        "watermarked": {
            "mean_perplexity": 68.929931640625,
            "median_perplexity": 64.109375,
            "perplexities": [
                158.625,
                88.625,
                112.4375,
                21.96875,
                53.4375,
                43.53125,
                76.375,
                30.203125,
                79.75,
                125.9375,
                77.625,
                104.4375,
                65.375,
                56.5625,
                66.375,
                81.9375,
                88.25,
                14.8984375,
                50.0,
                59.03125,
                51.1875,
                61.375,
                59.5,
                43.78125,
                62.84375,
                35.53125,
                41.6875,
                117.875,
                36.65625,
                69.0,
                100.8125,
                70.125
            ]
        }
    },
    "repetition_metrics": {
        "vanilla": {
            "median_seq_rep_3": 0.025252525252525304,
            "mean_seq_rep_3": 0.04577260549659028,
            "total_rep_3": 0.05698500394632988,
            "list_seq_rep_3": [
                0.04040404040404044,
                0.1262626262626263,
                0.16161616161616166,
                0.08080808080808077,
                0.0,
                0.005050505050505083,
                0.025252525252525304,
                0.0,
                0.025252525252525304,
                0.030303030303030276,
                0.005050505050505083,
                0.025252525252525304,
                0.015228426395939132,
                0.010101010101010055,
                0.02020202020202022,
                0.0,
                0.0,
                0.02020202020202022,
                0.025252525252525304,
                0.025252525252525304,
                0.005050505050505083,
                0.06060606060606055,
                0.005050505050505083,
                0.045454545454545414,
                0.010101010101010055,
                0.04040404040404044,
                0.297979797979798,
                0.10606060606060608,
                0.030303030303030276,
                0.0,
                0.21212121212121215,
                0.010101010101010055
            ]
        },
        "watermarked": {
            "median_seq_rep_3": 0.0505050505050505,
            "mean_seq_rep_3": 0.09322721118519704,
            "total_rep_3": 0.11597408753357563,
            "list_seq_rep_3": [
                0.005102040816326481,
                0.030456852791878153,
                0.0,
                0.202020202020202,
                0.04040404040404044,
                0.14646464646464652,
                0.0505050505050505,
                0.22448979591836737,
                0.025252525252525304,
                0.015151515151515138,
                0.045454545454545414,
                0.0505050505050505,
                0.015151515151515138,
                0.10606060606060608,
                0.1515151515151515,
                0.005076142131979711,
                0.010101010101010055,
                0.4444444444444444,
                0.06565656565656564,
                0.030303030303030276,
                0.030303030303030276,
                0.13636363636363635,
                0.015151515151515138,
                0.19289340101522845,
                0.11616161616161613,
                0.21212121212121215,
                0.16161616161616166,
                0.04040404040404044,
                0.18686868686868685,
                0.1262626262626263,
                0.045454545454545414,
                0.05555555555555558
            ]
        }
    },
    "metadata": {
        "detection_method": "kgw",
        "num_samples": 32,
        "ppl_model": "/mnt/lustrenew/mllm_safety-shared/models/huggingface/meta-llama/Meta-Llama-3.1-8B"
    }
}