{
    "detection_scores": {
        "vanilla_scores": [
            0.38250743933112885,
            0.21681740584472967,
            0.10358208597462179,
            0.10358208597462179,
            0.6392026174713024,
            0.7544485191610798,
            0.44583680479645454,
            0.6392026174713024,
            0.21681740584472967,
            0.8836160351862405,
            0.32242573363325705,
            0.8471148436929272,
            0.026491784932231744,
            0.029291323400813283,
            0.6991775254935335,
            0.9375246722719879,
            0.38250743933112885,
            0.38250743933112885,
            0.21681740584472967,
            0.44583680479645454,
            0.1351159725207279,
            0.05734712978019507,
            0.26687849628994026,
            0.5758957701145038,
            0.5758957701145038,
            0.5758957701145038,
            0.8471148436929272,
            0.44583680479645454,
            0.9136074600438041,
            0.8471148436929272,
            0.5108662874554788,
            0.1351159725207279
        ],
        "watermarked_scores": [
            3.3851281654431553e-26,
            3.773147184320832e-40,
            5.451420888034785e-103,
            1.5604994977808247e-28,
            2.6778610703480543e-46,
            2.726694957649365e-16,
            6.367535581220604e-21,
            3.1240755536899586e-32,
            3.773147184320832e-40,
            6.417595140328996e-26,
            9.170461555778119e-31,
            1.3395210011940047e-43,
            1.730111437829851e-44,
            2.448289219524794e-20,
            3.1240755536899586e-32,
            7.46031146955063e-42,
            2.7994120780485463e-60,
            1.6672599345026213e-34,
            2.904737994041419e-25,
            4.955575262775508e-29,
            1.6672599345026213e-34,
            0.7811624119432923,
            1.228918809211306e-35,
            1.1334339044757873e-30,
            2.254153727876388e-61,
            4.556155737577618e-36,
            2.5896200748330102e-39,
            1.2216016680254068e-19,
            1.3395210011940047e-43,
            5.012752242604624e-44,
            9.170461555778119e-31,
            2.1167227305473695e-41
        ],
        "mean_vanilla_score": 0.4550622847162843,
        "mean_watermarked_score": 0.02441132537322789,
        "median_watermarked_score": 0.44583680479645454,
        "median_vanilla_score": 1.6672599345026213e-34
    },
    "perplexity_metrics": {
        "vanilla": {
            "mean_perplexity": 6.782928466796875,
            "median_perplexity": 6.064453125,
            "perplexities": [
                4.73828125,
                4.59375,
                5.80078125,
                4.24609375,
                5.1640625,
                10.2421875,
                4.98828125,
                12.109375,
                9.8046875,
                4.93359375,
                8.3046875,
                10.8359375,
                3.76953125,
                2.05078125,
                7.94140625,
                9.75,
                10.6640625,
                5.94921875,
                7.4453125,
                5.59765625,
                8.40625,
                4.90234375,
                6.40625,
                5.40234375,
                6.1796875,
                8.1953125,
                2.181640625,
                4.6640625,
                7.7578125,
                13.9140625,
                1.6064453125,
                8.5078125
            ]
        },
        "watermarked": {
            "mean_perplexity": 178.4661865234375,
            "median_perplexity": 156.875,
            "perplexities": [
                240.0,
                163.625,
                2.60546875,
                91.8125,
                140.5,
                564.5,
                451.75,
                286.0,
                142.125,
                247.625,
                252.5,
                169.5,
                88.9375,
                94.0,
                181.875,
                117.375,
                98.125,
                233.5,
                191.25,
                269.75,
                174.875,
                16.453125,
                138.875,
                150.125,
                31.296875,
                272.0,
                42.78125,
                214.25,
                98.5,
                55.03125,
                341.0,
                148.375
            ]
        }
    },
    "repetition_metrics": {
        "vanilla": {
            "median_seq_rep_3": 0.025252525252525304,
            "mean_seq_rep_3": 0.04577260549659028,
            "total_rep_3": 0.05698500394632988,
            "list_seq_rep_3": [
                0.04040404040404044,
                0.1262626262626263,
                0.16161616161616166,
                0.08080808080808077,
                0.0,
                0.005050505050505083,
                0.025252525252525304,
                0.0,
                0.025252525252525304,
                0.030303030303030276,
                0.005050505050505083,
                0.025252525252525304,
                0.015228426395939132,
                0.010101010101010055,
                0.02020202020202022,
                0.0,
                0.0,
                0.02020202020202022,
                0.025252525252525304,
                0.025252525252525304,
                0.005050505050505083,
                0.06060606060606055,
                0.005050505050505083,
                0.045454545454545414,
                0.010101010101010055,
                0.04040404040404044,
                0.297979797979798,
                0.10606060606060608,
                0.030303030303030276,
                0.0,
                0.21212121212121215,
                0.010101010101010055
            ]
        },
        "watermarked": {
            "median_seq_rep_3": 0.045454545454545414,
            "mean_seq_rep_3": 0.09319185342903234,
            "total_rep_3": 0.11381599747075566,
            "list_seq_rep_3": [
                0.015228426395939132,
                0.025252525252525304,
                0.8484848484848485,
                0.06632653061224492,
                0.030303030303030276,
                0.01005025125628145,
                0.045454545454545414,
                0.02020202020202022,
                0.010101010101010055,
                0.06060606060606055,
                0.010101010101010055,
                0.05555555555555558,
                0.09090909090909094,
                0.06565656565656564,
                0.010101010101010055,
                0.08080808080808077,
                0.06565656565656564,
                0.0505050505050505,
                0.045454545454545414,
                0.01005025125628145,
                0.015151515151515138,
                0.5102040816326531,
                0.050761421319796995,
                0.0357142857142857,
                0.31818181818181823,
                0.0,
                0.19191919191919193,
                0.030612244897959218,
                0.030303030303030276,
                0.13197969543147203,
                0.0505050505050505,
                0.0
            ]
        }
    },
    "metadata": {
        "detection_method": "kgw",
        "num_samples": 32,
        "ppl_model": "/mnt/lustrenew/mllm_safety-shared/models/huggingface/meta-llama/Meta-Llama-3.1-8B"
    }
}