{
    "detection_scores": {
        "vanilla_scores": [
            0.38250743933112885,
            0.21681740584472967,
            0.10358208597462179,
            0.10358208597462179,
            0.6392026174713024,
            0.7544485191610798,
            0.44583680479645454,
            0.6392026174713024,
            0.21681740584472967,
            0.8836160351862405,
            0.32242573363325705,
            0.8471148436929272,
            0.026491784932231744,
            0.029291323400813283,
            0.6991775254935335,
            0.9375246722719879,
            0.38250743933112885,
            0.38250743933112885,
            0.21681740584472967,
            0.44583680479645454,
            0.1351159725207279,
            0.05734712978019507,
            0.26687849628994026,
            0.5758957701145038,
            0.5758957701145038,
            0.5758957701145038,
            0.8471148436929272,
            0.44583680479645454,
            0.9136074600438041,
            0.8471148436929272,
            0.5108662874554788,
            0.1351159725207279
        ],
        "watermarked_scores": [
            2.380248302952419e-23,
            6.1083709381796425e-28,
            1.711047660696746e-31,
            6.417595140328996e-26,
            9.923906683417619e-23,
            5.369211233986705e-41,
            1.0234594838755463e-11,
            9.452495562371704e-23,
            1.7362110680478014e-38,
            1.83019461498296e-15,
            9.923906683417619e-23,
            9.753438626106413e-34,
            2.380248302952419e-23,
            5.3958948221818666e-14,
            2.380248302952419e-23,
            2.904737994041419e-25,
            1.0119042559603408e-42,
            8.114198542547791e-32,
            1.2878606109634313e-24,
            5.593652455987735e-24,
            7.46031146955063e-42,
            1.523466595091507e-17,
            1.7373044104054395e-16,
            1.1760451531727382e-14,
            9.753438626106413e-34,
            1.6672599345026213e-34,
            1.6230374204039128e-21,
            2.469713844916831e-29,
            6.367535581220604e-21,
            5.5809499869590474e-33,
            2.7542100548833858e-11,
            4.8871352226551435e-56
        ],
        "mean_vanilla_score": 0.4550622847162843,
        "mean_watermarked_score": 1.1826385611070956e-12,
        "median_watermarked_score": 0.44583680479645454,
        "median_vanilla_score": 3.4407565334755834e-24
    },
    "perplexity_metrics": {
        "vanilla": {
            "mean_perplexity": 6.782928466796875,
            "median_perplexity": 6.064453125,
            "perplexities": [
                4.73828125,
                4.59375,
                5.80078125,
                4.24609375,
                5.1640625,
                10.2421875,
                4.98828125,
                12.109375,
                9.8046875,
                4.93359375,
                8.3046875,
                10.8359375,
                3.76953125,
                2.05078125,
                7.94140625,
                9.75,
                10.6640625,
                5.94921875,
                7.4453125,
                5.59765625,
                8.40625,
                4.90234375,
                6.40625,
                5.40234375,
                6.1796875,
                8.1953125,
                2.181640625,
                4.6640625,
                7.7578125,
                13.9140625,
                1.6064453125,
                8.5078125
            ]
        },
        "watermarked": {
            "mean_perplexity": 30.4716796875,
            "median_perplexity": 24.375,
            "perplexities": [
                54.0625,
                16.875,
                20.046875,
                10.921875,
                20.796875,
                39.71875,
                21.96875,
                15.1640625,
                28.828125,
                18.390625,
                43.375,
                31.65625,
                28.9375,
                16.171875,
                7.2109375,
                27.296875,
                15.046875,
                98.125,
                17.71875,
                21.25,
                24.234375,
                24.515625,
                25.234375,
                31.046875,
                26.203125,
                22.796875,
                12.28125,
                75.1875,
                42.59375,
                45.4375,
                71.75,
                20.25
            ]
        }
    },
    "repetition_metrics": {
        "vanilla": {
            "median_seq_rep_3": 0.025252525252525304,
            "mean_seq_rep_3": 0.04577260549659028,
            "total_rep_3": 0.05698500394632988,
            "list_seq_rep_3": [
                0.04040404040404044,
                0.1262626262626263,
                0.16161616161616166,
                0.08080808080808077,
                0.0,
                0.005050505050505083,
                0.025252525252525304,
                0.0,
                0.025252525252525304,
                0.030303030303030276,
                0.005050505050505083,
                0.025252525252525304,
                0.015228426395939132,
                0.010101010101010055,
                0.02020202020202022,
                0.0,
                0.0,
                0.02020202020202022,
                0.025252525252525304,
                0.025252525252525304,
                0.005050505050505083,
                0.06060606060606055,
                0.005050505050505083,
                0.045454545454545414,
                0.010101010101010055,
                0.04040404040404044,
                0.297979797979798,
                0.10606060606060608,
                0.030303030303030276,
                0.0,
                0.21212121212121215,
                0.010101010101010055
            ]
        },
        "watermarked": {
            "median_seq_rep_3": 0.0505050505050505,
            "mean_seq_rep_3": 0.0790307328499216,
            "total_rep_3": 0.10017380312845636,
            "list_seq_rep_3": [
                0.08080808080808077,
                0.18686868686868685,
                0.0505050505050505,
                0.11111111111111116,
                0.0757575757575758,
                0.0505050505050505,
                0.11616161616161613,
                0.3264248704663213,
                0.0,
                0.0505050505050505,
                0.0,
                0.025252525252525304,
                0.015151515151515138,
                0.0505050505050505,
                0.398989898989899,
                0.08080808080808077,
                0.18181818181818177,
                0.030456852791878153,
                0.025252525252525304,
                0.010101010101010055,
                0.04040404040404044,
                0.02020202020202022,
                0.030303030303030276,
                0.07614213197969544,
                0.10606060606060608,
                0.08080808080808077,
                0.06565656565656564,
                0.05555555555555558,
                0.04040404040404044,
                0.0,
                0.025252525252525304,
                0.12121212121212122
            ]
        }
    },
    "metadata": {
        "detection_method": "kgw",
        "num_samples": 32,
        "ppl_model": "/mnt/lustrenew/mllm_safety-shared/models/huggingface/meta-llama/Meta-Llama-3.1-8B"
    }
}