{
    "detection_scores": {
        "vanilla_scores": [
            0.38250743933112885,
            0.21681740584472967,
            0.10358208597462179,
            0.10358208597462179,
            0.6392026174713024,
            0.7544485191610798,
            0.44583680479645454,
            0.6392026174713024,
            0.21681740584472967,
            0.8836160351862405,
            0.32242573363325705,
            0.8471148436929272,
            0.026491784932231744,
            0.029291323400813283,
            0.6991775254935335,
            0.9375246722719879,
            0.38250743933112885,
            0.38250743933112885,
            0.21681740584472967,
            0.44583680479645454,
            0.1351159725207279,
            0.05734712978019507,
            0.26687849628994026,
            0.5758957701145038,
            0.5758957701145038,
            0.5758957701145038,
            0.8471148436929272,
            0.44583680479645454,
            0.9136074600438041,
            0.8471148436929272,
            0.5108662874554788,
            0.1351159725207279
        ],
        "watermarked_scores": [
            5.369211233986705e-41,
            1.6738992774809722e-53,
            4.8871352226551435e-56,
            3.3687372541179135e-59,
            1.2888592694655586e-48,
            4.648683044733669e-67,
            1.0119042559603408e-42,
            6.826461570384585e-66,
            1.757712950570242e-62,
            3.7434255435132964e-48,
            3.3687372541179135e-59,
            4.8871352226551435e-56,
            2.7994120780485463e-60,
            4.256772933855766e-49,
            9.327943138915117e-39,
            2.7542100548833858e-11,
            1.02566510434872e-67,
            5.213676766424362e-55,
            5.213676766424362e-55,
            7.46031146955063e-42,
            3.7434255435132964e-48,
            3.7434255435132964e-48,
            5.077223386513875e-81,
            2.5902526327760896e-78,
            3.207189137152643e-47,
            9.485004931199938e-47,
            6.826461570384585e-66,
            1.6230374204039128e-21,
            2.179690300748062e-45,
            1.3395210011940047e-43,
            3.3687372541179135e-59,
            1.757712950570242e-62
        ],
        "mean_vanilla_score": 0.4550622847162843,
        "mean_watermarked_score": 8.60690642201778e-13,
        "median_watermarked_score": 8.630180225726079e-54,
        "median_vanilla_score": 0.44583680479645454
    },
    "perplexity_metrics": {
        "vanilla": {
            "mean_perplexity": 6.782928466796875,
            "median_perplexity": 6.064453125,
            "perplexities": [
                4.73828125,
                4.59375,
                5.80078125,
                4.24609375,
                5.1640625,
                10.2421875,
                4.98828125,
                12.109375,
                9.8046875,
                4.93359375,
                8.3046875,
                10.8359375,
                3.76953125,
                2.05078125,
                7.94140625,
                9.75,
                10.6640625,
                5.94921875,
                7.4453125,
                5.59765625,
                8.40625,
                4.90234375,
                6.40625,
                5.40234375,
                6.1796875,
                8.1953125,
                2.181640625,
                4.6640625,
                7.7578125,
                13.9140625,
                1.6064453125,
                8.5078125
            ]
        },
        "watermarked": {
            "mean_perplexity": 179.813232421875,
            "median_perplexity": 171.5,
            "perplexities": [
                206.0,
                189.875,
                151.875,
                118.8125,
                528.0,
                178.375,
                76.6875,
                191.25,
                141.125,
                158.625,
                146.125,
                354.75,
                212.625,
                261.5,
                184.75,
                7.8671875,
                211.0,
                158.625,
                187.625,
                174.875,
                138.875,
                257.5,
                91.4375,
                22.53125,
                235.375,
                125.4375,
                157.375,
                156.125,
                193.625,
                168.125,
                242.75,
                124.5
            ]
        }
    },
    "repetition_metrics": {
        "vanilla": {
            "median_seq_rep_3": 0.025252525252525304,
            "mean_seq_rep_3": 0.04577260549659028,
            "total_rep_3": 0.05698500394632988,
            "list_seq_rep_3": [
                0.04040404040404044,
                0.1262626262626263,
                0.16161616161616166,
                0.08080808080808077,
                0.0,
                0.005050505050505083,
                0.025252525252525304,
                0.0,
                0.025252525252525304,
                0.030303030303030276,
                0.005050505050505083,
                0.025252525252525304,
                0.015228426395939132,
                0.010101010101010055,
                0.02020202020202022,
                0.0,
                0.0,
                0.02020202020202022,
                0.025252525252525304,
                0.025252525252525304,
                0.005050505050505083,
                0.06060606060606055,
                0.005050505050505083,
                0.045454545454545414,
                0.010101010101010055,
                0.04040404040404044,
                0.297979797979798,
                0.10606060606060608,
                0.030303030303030276,
                0.0,
                0.21212121212121215,
                0.010101010101010055
            ]
        },
        "watermarked": {
            "median_seq_rep_3": 0.0631313131313131,
            "mean_seq_rep_3": 0.09732242518687839,
            "total_rep_3": 0.13517786561264822,
            "list_seq_rep_3": [
                0.09090909090909094,
                0.025380710659898442,
                0.10606060606060608,
                0.05555555555555558,
                0.0,
                0.025252525252525304,
                0.16161616161616166,
                0.04040404040404044,
                0.0757575757575758,
                0.1262626262626263,
                0.0505050505050505,
                0.015151515151515138,
                0.06565656565656564,
                0.03535353535353536,
                0.10362694300518138,
                0.6717171717171717,
                0.040609137055837574,
                0.06060606060606055,
                0.0757575757575758,
                0.11616161616161613,
                0.045454545454545414,
                0.07070707070707072,
                0.11616161616161613,
                0.41414141414141414,
                0.030303030303030276,
                0.050761421319796995,
                0.14646464646464652,
                0.101010101010101,
                0.005050505050505083,
                0.14141414141414144,
                0.005050505050505083,
                0.045454545454545414
            ]
        }
    },
    "metadata": {
        "detection_method": "kgw",
        "num_samples": 32,
        "ppl_model": "/mnt/lustrenew/mllm_safety-shared/models/huggingface/meta-llama/Meta-Llama-3.1-8B"
    }
}