{
    "detection_scores": {
        "vanilla_scores": [
            0.38250743933112885,
            0.21681740584472967,
            0.10358208597462179,
            0.10358208597462179,
            0.6392026174713024,
            0.7544485191610798,
            0.44583680479645454,
            0.6392026174713024,
            0.21681740584472967,
            0.8836160351862405,
            0.32242573363325705,
            0.8471148436929272,
            0.026491784932231744,
            0.029291323400813283,
            0.6991775254935335,
            0.9375246722719879,
            0.38250743933112885,
            0.38250743933112885,
            0.21681740584472967,
            0.44583680479645454,
            0.1351159725207279,
            0.05734712978019507,
            0.26687849628994026,
            0.5758957701145038,
            0.5758957701145038,
            0.5758957701145038,
            0.8471148436929272,
            0.44583680479645454,
            0.9136074600438041,
            0.8471148436929272,
            0.5108662874554788,
            0.1351159725207279
        ],
        "watermarked_scores": [
            1.850289616547429e-07,
            5.3958948221818666e-14,
            5.1959296764365686e-17,
            1.6196290272301364e-08,
            1.7666461197620142e-06,
            2.7542100548833858e-11,
            1.185855146094052e-09,
            9.923906683417619e-23,
            1.332115231257131e-12,
            1.7666461197620142e-06,
            5.694866599381179e-16,
            5.694866599381179e-16,
            1.7814755217536783e-14,
            5.215020119767877e-07,
            0.9295007942789575,
            1.332115231257131e-12,
            1.523466595091507e-17,
            3.0621064968528603e-24,
            1.7373044104054395e-16,
            2.8234179538166053e-08,
            5.766690882776088e-15,
            1.0234594838755463e-11,
            1.8800047124413736e-10,
            1.0234594838755463e-11,
            3.728936664045115e-12,
            5.766690882776088e-15,
            4.004543805359876e-07,
            4.004543805359876e-07,
            1.6196290272301364e-08,
            4.05422848158939e-22,
            2.8726776896510243e-06,
            1.7373044104054395e-16
        ],
        "mean_vanilla_score": 0.4550622847162843,
        "mean_watermarked_score": 0.02904714905449145,
        "median_watermarked_score": 6.981765751400289e-12,
        "median_vanilla_score": 0.44583680479645454
    },
    "perplexity_metrics": {
        "vanilla": {
            "mean_perplexity": 6.782928466796875,
            "median_perplexity": 6.064453125,
            "perplexities": [
                4.73828125,
                4.59375,
                5.80078125,
                4.24609375,
                5.1640625,
                10.2421875,
                4.98828125,
                12.109375,
                9.8046875,
                4.93359375,
                8.3046875,
                10.8359375,
                3.76953125,
                2.05078125,
                7.94140625,
                9.75,
                10.6640625,
                5.94921875,
                7.4453125,
                5.59765625,
                8.40625,
                4.90234375,
                6.40625,
                5.40234375,
                6.1796875,
                8.1953125,
                2.181640625,
                4.6640625,
                7.7578125,
                13.9140625,
                1.6064453125,
                8.5078125
            ]
        },
        "watermarked": {
            "mean_perplexity": 14.785400390625,
            "median_perplexity": 14.5234375,
            "perplexities": [
                17.421875,
                15.828125,
                8.828125,
                7.0703125,
                8.40625,
                16.59375,
                8.1171875,
                10.421875,
                26.65625,
                16.59375,
                10.984375,
                26.921875,
                8.8125,
                8.8984375,
                4.03125,
                14.578125,
                19.015625,
                8.5390625,
                11.8046875,
                11.8984375,
                21.125,
                15.828125,
                14.8984375,
                10.359375,
                18.1875,
                17.046875,
                6.1875,
                14.8125,
                14.46875,
                34.90625,
                31.171875,
                12.71875
            ]
        }
    },
    "repetition_metrics": {
        "vanilla": {
            "median_seq_rep_3": 0.025252525252525304,
            "mean_seq_rep_3": 0.04577260549659028,
            "total_rep_3": 0.05698500394632988,
            "list_seq_rep_3": [
                0.04040404040404044,
                0.1262626262626263,
                0.16161616161616166,
                0.08080808080808077,
                0.0,
                0.005050505050505083,
                0.025252525252525304,
                0.0,
                0.025252525252525304,
                0.030303030303030276,
                0.005050505050505083,
                0.025252525252525304,
                0.015228426395939132,
                0.010101010101010055,
                0.02020202020202022,
                0.0,
                0.0,
                0.02020202020202022,
                0.025252525252525304,
                0.025252525252525304,
                0.005050505050505083,
                0.06060606060606055,
                0.005050505050505083,
                0.045454545454545414,
                0.010101010101010055,
                0.04040404040404044,
                0.297979797979798,
                0.10606060606060608,
                0.030303030303030276,
                0.0,
                0.21212121212121215,
                0.010101010101010055
            ]
        },
        "watermarked": {
            "median_seq_rep_3": 0.02785468902220173,
            "mean_seq_rep_3": 0.0656148967131365,
            "total_rep_3": 0.07699604743083,
            "list_seq_rep_3": [
                0.025252525252525304,
                0.02020202020202022,
                0.03535353535353536,
                0.14141414141414144,
                0.010101010101010055,
                0.08585858585858586,
                0.08080808080808077,
                0.25757575757575757,
                0.010101010101010055,
                0.06060606060606055,
                0.015151515151515138,
                0.0,
                0.08585858585858586,
                0.010204081632653073,
                0.5989583333333333,
                0.04040404040404044,
                0.005050505050505083,
                0.08629441624365486,
                0.02020202020202022,
                0.030456852791878153,
                0.010101010101010055,
                0.0505050505050505,
                0.025252525252525304,
                0.04040404040404044,
                0.010101010101010055,
                0.015151515151515138,
                0.13636363636363635,
                0.045454545454545414,
                0.11616161616161613,
                0.005050505050505083,
                0.005076142131979711,
                0.02020202020202022
            ]
        }
    },
    "metadata": {
        "detection_method": "kgw",
        "num_samples": 32,
        "ppl_model": "/mnt/lustrenew/mllm_safety-shared/models/huggingface/meta-llama/Meta-Llama-3.1-8B"
    }
}