{
    "detection_scores": {
        "vanilla_scores": [
            0.38250743933112885,
            0.21681740584472967,
            0.10358208597462179,
            0.10358208597462179,
            0.6392026174713024,
            0.7544485191610798,
            0.44583680479645454,
            0.6392026174713024,
            0.21681740584472967,
            0.8836160351862405,
            0.32242573363325705,
            0.8471148436929272,
            0.026491784932231744,
            0.029291323400813283,
            0.6991775254935335,
            0.9375246722719879,
            0.38250743933112885,
            0.38250743933112885,
            0.21681740584472967,
            0.44583680479645454,
            0.1351159725207279,
            0.05734712978019507,
            0.26687849628994026,
            0.5758957701145038,
            0.5758957701145038,
            0.5758957701145038,
            0.8471148436929272,
            0.44583680479645454,
            0.9136074600438041,
            0.8471148436929272,
            0.5108662874554788,
            0.1351159725207279
        ],
        "watermarked_scores": [
            3.6008151398279957e-06,
            2.448289219524794e-20,
            5.766690882776088e-15,
            1.4083981957400238e-05,
            2.7542100548833858e-11,
            5.5809499869590474e-33,
            1.7373044104054395e-16,
            5.593652455987735e-24,
            9.753438626106413e-34,
            0.00016911265119370079,
            2.448289219524794e-20,
            1.2878606109634313e-24,
            1.3887540736433585e-26,
            4.665963805281391e-13,
            1.2878606109634313e-24,
            5.3958948221818666e-14,
            2.134380521090323e-08,
            1.7373044104054395e-16,
            1.6230374204039128e-21,
            2.7024904108606995e-05,
            1.83019461498296e-15,
            1.332115231257131e-12,
            5.694866599381179e-16,
            1.7373044104054395e-16,
            1.8800047124413736e-10,
            5.593652455987735e-24,
            1.850289616547429e-07,
            4.810247106298303e-30,
            2.9432309769801617e-27,
            9.31628140686927e-22,
            1.9453668232063174e-11,
            4.378957471467549e-18
        ],
        "mean_vanilla_score": 0.4550622847162843,
        "mean_watermarked_score": 6.688405063250133e-06,
        "median_watermarked_score": 1.7373044104054395e-16,
        "median_vanilla_score": 0.44583680479645454
    },
    "perplexity_metrics": {
        "vanilla": {
            "mean_perplexity": 6.782928466796875,
            "median_perplexity": 6.064453125,
            "perplexities": [
                4.73828125,
                4.59375,
                5.80078125,
                4.24609375,
                5.1640625,
                10.2421875,
                4.98828125,
                12.109375,
                9.8046875,
                4.93359375,
                8.3046875,
                10.8359375,
                3.76953125,
                2.05078125,
                7.94140625,
                9.75,
                10.6640625,
                5.94921875,
                7.4453125,
                5.59765625,
                8.40625,
                4.90234375,
                6.40625,
                5.40234375,
                6.1796875,
                8.1953125,
                2.181640625,
                4.6640625,
                7.7578125,
                13.9140625,
                1.6064453125,
                8.5078125
            ]
        },
        "watermarked": {
            "mean_perplexity": 19.6785888671875,
            "median_perplexity": 18.90625,
            "perplexities": [
                10.21875,
                27.609375,
                16.421875,
                11.2265625,
                16.90625,
                17.3125,
                18.109375,
                24.421875,
                25.59375,
                25.484375,
                21.796875,
                20.40625,
                18.28125,
                11.8984375,
                10.9453125,
                8.5234375,
                26.34375,
                25.640625,
                10.421875,
                22.53125,
                21.375,
                14.1875,
                4.24609375,
                14.78125,
                15.015625,
                25.296875,
                21.015625,
                26.203125,
                26.65625,
                53.03125,
                19.203125,
                18.609375
            ]
        }
    },
    "repetition_metrics": {
        "vanilla": {
            "median_seq_rep_3": 0.025252525252525304,
            "mean_seq_rep_3": 0.04577260549659028,
            "total_rep_3": 0.05698500394632988,
            "list_seq_rep_3": [
                0.04040404040404044,
                0.1262626262626263,
                0.16161616161616166,
                0.08080808080808077,
                0.0,
                0.005050505050505083,
                0.025252525252525304,
                0.0,
                0.025252525252525304,
                0.030303030303030276,
                0.005050505050505083,
                0.025252525252525304,
                0.015228426395939132,
                0.010101010101010055,
                0.02020202020202022,
                0.0,
                0.0,
                0.02020202020202022,
                0.025252525252525304,
                0.025252525252525304,
                0.005050505050505083,
                0.06060606060606055,
                0.005050505050505083,
                0.045454545454545414,
                0.010101010101010055,
                0.04040404040404044,
                0.297979797979798,
                0.10606060606060608,
                0.030303030303030276,
                0.0,
                0.21212121212121215,
                0.010101010101010055
            ]
        },
        "watermarked": {
            "median_seq_rep_3": 0.03030303030303033,
            "mean_seq_rep_3": 0.0696263074911552,
            "total_rep_3": 0.08812381554011373,
            "list_seq_rep_3": [
                0.03535353535353536,
                0.010101010101010055,
                0.010101010101010055,
                0.12121212121212122,
                0.07070707070707072,
                0.05555555555555558,
                0.005050505050505083,
                0.015151515151515138,
                0.06060606060606055,
                0.03535353535353536,
                0.015151515151515138,
                0.045454545454545414,
                0.025252525252525304,
                0.005050505050505083,
                0.4545454545454546,
                0.03535353535353536,
                0.0,
                0.025252525252525304,
                0.005050505050505083,
                0.08080808080808077,
                0.005050505050505083,
                0.09090909090909094,
                0.702020202020202,
                0.06060606060606055,
                0.010101010101010055,
                0.0,
                0.015151515151515138,
                0.005050505050505083,
                0.02020202020202022,
                0.050761421319796995,
                0.10152284263959388,
                0.05555555555555558
            ]
        }
    },
    "metadata": {
        "detection_method": "kgw",
        "num_samples": 32,
        "ppl_model": "/mnt/lustrenew/mllm_safety-shared/models/huggingface/meta-llama/Meta-Llama-3.1-8B"
    }
}