{
    "detection_scores": {
        "vanilla_scores": [
            0.38250743933112885,
            0.21681740584472967,
            0.10358208597462179,
            0.10358208597462179,
            0.6392026174713024,
            0.7544485191610798,
            0.44583680479645454,
            0.6392026174713024,
            0.21681740584472967,
            0.8836160351862405,
            0.32242573363325705,
            0.8471148436929272,
            0.026491784932231744,
            0.029291323400813283,
            0.6991775254935335,
            0.9375246722719879,
            0.38250743933112885,
            0.38250743933112885,
            0.21681740584472967,
            0.44583680479645454,
            0.1351159725207279,
            0.05734712978019507,
            0.26687849628994026,
            0.5758957701145038,
            0.5758957701145038,
            0.5758957701145038,
            0.8471148436929272,
            0.44583680479645454,
            0.9136074600438041,
            0.8471148436929272,
            0.5108662874554788,
            0.1351159725207279
        ],
        "watermarked_scores": [
            1.7666461197620142e-06,
            1.7814755217536783e-14,
            7.267101730688786e-11,
            4.768531402796335e-10,
            4.768531402796335e-10,
            2.787241995807037e-35,
            5.766690882776088e-15,
            1.7814755217536783e-14,
            2.448289219524794e-20,
            1.6196290272301364e-08,
            2.891292403323301e-09,
            7.267101730688786e-11,
            1.7666461197620142e-06,
            2.891292403323301e-09,
            3.7209798727626364e-08,
            1.7666461197620142e-06,
            1.7814755217536783e-14,
            7.267101730688786e-11,
            9.226282199829347e-20,
            6.91125165250654e-09,
            3.40789231276129e-19,
            4.004543805359876e-07,
            1.185855146094052e-09,
            5.766690882776088e-15,
            3.40789231276129e-19,
            5.3958948221818666e-14,
            2.891292403323301e-09,
            3.7209798727626364e-08,
            5.3958948221818666e-14,
            4.768531402796335e-10,
            6.91125165250654e-09,
            1.83019461498296e-15
        ],
        "mean_vanilla_score": 0.4550622847162843,
        "mean_watermarked_score": 1.817606128253112e-07,
        "median_watermarked_score": 2.747620787932607e-10,
        "median_vanilla_score": 0.44583680479645454
    },
    "perplexity_metrics": {
        "vanilla": {
            "mean_perplexity": 6.782928466796875,
            "median_perplexity": 6.064453125,
            "perplexities": [
                4.73828125,
                4.59375,
                5.80078125,
                4.24609375,
                5.1640625,
                10.2421875,
                4.98828125,
                12.109375,
                9.8046875,
                4.93359375,
                8.3046875,
                10.8359375,
                3.76953125,
                2.05078125,
                7.94140625,
                9.75,
                10.6640625,
                5.94921875,
                7.4453125,
                5.59765625,
                8.40625,
                4.90234375,
                6.40625,
                5.40234375,
                6.1796875,
                8.1953125,
                2.181640625,
                4.6640625,
                7.7578125,
                13.9140625,
                1.6064453125,
                8.5078125
            ]
        },
        "watermarked": {
            "mean_perplexity": 11.178955078125,
            "median_perplexity": 10.08984375,
            "perplexities": [
                10.0234375,
                8.1796875,
                8.625,
                5.328125,
                9.921875,
                10.421875,
                9.25,
                26.71875,
                17.828125,
                8.8125,
                10.15625,
                13.671875,
                6.21484375,
                4.1484375,
                10.5859375,
                8.703125,
                18.359375,
                8.1171875,
                10.8359375,
                12.640625,
                13.1171875,
                6.64453125,
                9.109375,
                15.1015625,
                8.859375,
                14.4375,
                7.4921875,
                10.3359375,
                10.921875,
                22.0625,
                9.015625,
                12.0859375
            ]
        }
    },
    "repetition_metrics": {
        "vanilla": {
            "median_seq_rep_3": 0.025252525252525304,
            "mean_seq_rep_3": 0.04577260549659028,
            "total_rep_3": 0.05698500394632988,
            "list_seq_rep_3": [
                0.04040404040404044,
                0.1262626262626263,
                0.16161616161616166,
                0.08080808080808077,
                0.0,
                0.005050505050505083,
                0.025252525252525304,
                0.0,
                0.025252525252525304,
                0.030303030303030276,
                0.005050505050505083,
                0.025252525252525304,
                0.015228426395939132,
                0.010101010101010055,
                0.02020202020202022,
                0.0,
                0.0,
                0.02020202020202022,
                0.025252525252525304,
                0.025252525252525304,
                0.005050505050505083,
                0.06060606060606055,
                0.005050505050505083,
                0.045454545454545414,
                0.010101010101010055,
                0.04040404040404044,
                0.297979797979798,
                0.10606060606060608,
                0.030303030303030276,
                0.0,
                0.21212121212121215,
                0.010101010101010055
            ]
        },
        "watermarked": {
            "median_seq_rep_3": 0.025252525252525304,
            "mean_seq_rep_3": 0.041824494949494945,
            "total_rep_3": 0.05429292929292928,
            "list_seq_rep_3": [
                0.030303030303030276,
                0.05555555555555558,
                0.015151515151515138,
                0.18181818181818177,
                0.025252525252525304,
                0.09595959595959591,
                0.025252525252525304,
                0.010101010101010055,
                0.0,
                0.030303030303030276,
                0.010101010101010055,
                0.010101010101010055,
                0.10606060606060608,
                0.045454545454545414,
                0.045454545454545414,
                0.010101010101010055,
                0.005050505050505083,
                0.010101010101010055,
                0.0757575757575758,
                0.010101010101010055,
                0.0,
                0.10606060606060608,
                0.005050505050505083,
                0.025252525252525304,
                0.1767676767676768,
                0.010101010101010055,
                0.07070707070707072,
                0.030303030303030276,
                0.0,
                0.0,
                0.06565656565656564,
                0.0505050505050505
            ]
        }
    },
    "metadata": {
        "detection_method": "kgw",
        "num_samples": 32,
        "ppl_model": "/mnt/lustrenew/mllm_safety-shared/models/huggingface/meta-llama/Meta-Llama-3.1-8B"
    }
}