{
    "detection_scores": {
        "vanilla_scores": [
            0.38250743933112885,
            0.21681740584472967,
            0.10358208597462179,
            0.10358208597462179,
            0.6392026174713024,
            0.7544485191610798,
            0.44583680479645454,
            0.6392026174713024,
            0.21681740584472967,
            0.8836160351862405,
            0.32242573363325705,
            0.8471148436929272,
            0.026491784932231744,
            0.029291323400813283,
            0.6991775254935335,
            0.9375246722719879,
            0.38250743933112885,
            0.38250743933112885,
            0.21681740584472967,
            0.44583680479645454,
            0.1351159725207279,
            0.05734712978019507,
            0.26687849628994026,
            0.5758957701145038,
            0.5758957701145038,
            0.5758957701145038,
            0.8471148436929272,
            0.44583680479645454,
            0.9136074600438041,
            0.8471148436929272,
            0.5108662874554788,
            0.1351159725207279
        ],
        "watermarked_scores": [
            3.728936664045115e-12,
            1.2878606109634313e-24,
            5.694866599381179e-16,
            5.766690882776088e-15,
            2.7542100548833858e-11,
            1.730111437829851e-44,
            1.7373044104054395e-16,
            5.593652455987735e-24,
            5.593652455987735e-24,
            1.185855146094052e-09,
            9.226282199829347e-20,
            5.593652455987735e-24,
            8.380496965030422e-08,
            7.267101730688786e-11,
            2.380248302952419e-23,
            6.367535581220604e-21,
            3.7209798727626364e-08,
            9.226282199829347e-20,
            5.766690882776088e-15,
            4.768531402796335e-10,
            5.694866599381179e-16,
            6.367535581220604e-21,
            5.3958948221818666e-14,
            5.694866599381179e-16,
            7.491718234060429e-19,
            9.923906683417619e-23,
            3.728936664045115e-12,
            1.6230374204039128e-21,
            1.850289616547429e-07,
            1.2338456690107672e-18,
            3.7209798727626364e-08,
            5.766690882776088e-15
        ],
        "mean_vanilla_score": 0.4550622847162843,
        "mean_watermarked_score": 1.0781999411914083e-08,
        "median_watermarked_score": 0.44583680479645454,
        "median_vanilla_score": 5.694866599381179e-16
    },
    "perplexity_metrics": {
        "vanilla": {
            "mean_perplexity": 6.782928466796875,
            "median_perplexity": 6.064453125,
            "perplexities": [
                4.73828125,
                4.59375,
                5.80078125,
                4.24609375,
                5.1640625,
                10.2421875,
                4.98828125,
                12.109375,
                9.8046875,
                4.93359375,
                8.3046875,
                10.8359375,
                3.76953125,
                2.05078125,
                7.94140625,
                9.75,
                10.6640625,
                5.94921875,
                7.4453125,
                5.59765625,
                8.40625,
                4.90234375,
                6.40625,
                5.40234375,
                6.1796875,
                8.1953125,
                2.181640625,
                4.6640625,
                7.7578125,
                13.9140625,
                1.6064453125,
                8.5078125
            ]
        },
        "watermarked": {
            "mean_perplexity": 14.164794921875,
            "median_perplexity": 11.90234375,
            "perplexities": [
                9.8671875,
                9.3203125,
                18.46875,
                9.921875,
                11.2890625,
                26.40625,
                13.015625,
                26.0,
                23.578125,
                11.6484375,
                14.46875,
                23.953125,
                7.53515625,
                3.6875,
                9.140625,
                12.15625,
                14.75,
                18.90625,
                11.3359375,
                7.8046875,
                15.1328125,
                10.875,
                20.765625,
                13.9375,
                10.078125,
                16.515625,
                7.59375,
                8.7734375,
                8.421875,
                39.625,
                3.16796875,
                15.1328125
            ]
        }
    },
    "repetition_metrics": {
        "vanilla": {
            "median_seq_rep_3": 0.025252525252525304,
            "mean_seq_rep_3": 0.04577260549659028,
            "total_rep_3": 0.05698500394632988,
            "list_seq_rep_3": [
                0.04040404040404044,
                0.1262626262626263,
                0.16161616161616166,
                0.08080808080808077,
                0.0,
                0.005050505050505083,
                0.025252525252525304,
                0.0,
                0.025252525252525304,
                0.030303030303030276,
                0.005050505050505083,
                0.025252525252525304,
                0.015228426395939132,
                0.010101010101010055,
                0.02020202020202022,
                0.0,
                0.0,
                0.02020202020202022,
                0.025252525252525304,
                0.025252525252525304,
                0.005050505050505083,
                0.06060606060606055,
                0.005050505050505083,
                0.045454545454545414,
                0.010101010101010055,
                0.04040404040404044,
                0.297979797979798,
                0.10606060606060608,
                0.030303030303030276,
                0.0,
                0.21212121212121215,
                0.010101010101010055
            ]
        },
        "watermarked": {
            "median_seq_rep_3": 0.03535353535353536,
            "mean_seq_rep_3": 0.054296935086909706,
            "total_rep_3": 0.07119179163378053,
            "list_seq_rep_3": [
                0.045454545454545414,
                0.0505050505050505,
                0.06060606060606055,
                0.04040404040404044,
                0.005050505050505083,
                0.05555555555555558,
                0.045454545454545414,
                0.0,
                0.02020202020202022,
                0.005050505050505083,
                0.03535353535353536,
                0.0,
                0.03535353535353536,
                0.1262626262626263,
                0.05555555555555558,
                0.02020202020202022,
                0.18181818181818177,
                0.010101010101010055,
                0.02020202020202022,
                0.015151515151515138,
                0.0,
                0.03535353535353536,
                0.03535353535353536,
                0.11111111111111116,
                0.025380710659898442,
                0.010101010101010055,
                0.11111111111111116,
                0.045454545454545414,
                0.005050505050505083,
                0.005050505050505083,
                0.4949494949494949,
                0.030303030303030276
            ]
        }
    },
    "metadata": {
        "detection_method": "kgw",
        "num_samples": 32,
        "ppl_model": "/mnt/lustrenew/mllm_safety-shared/models/huggingface/meta-llama/Meta-Llama-3.1-8B"
    }
}