{
    "detection_scores": {
        "vanilla_scores": [
            0.38250743933112885,
            0.21681740584472967,
            0.10358208597462179,
            0.10358208597462179,
            0.6392026174713024,
            0.7544485191610798,
            0.44583680479645454,
            0.6392026174713024,
            0.21681740584472967,
            0.8836160351862405,
            0.32242573363325705,
            0.8471148436929272,
            0.026491784932231744,
            0.029291323400813283,
            0.6991775254935335,
            0.9375246722719879,
            0.38250743933112885,
            0.38250743933112885,
            0.21681740584472967,
            0.44583680479645454,
            0.1351159725207279,
            0.05734712978019507,
            0.26687849628994026,
            0.5758957701145038,
            0.5758957701145038,
            0.5758957701145038,
            0.8471148436929272,
            0.44583680479645454,
            0.9136074600438041,
            0.8471148436929272,
            0.5108662874554788,
            0.1351159725207279
        ],
        "watermarked_scores": [
            0.5758957701145038,
            0.00016911265119370079,
            0.0414023702540248,
            0.005984616771209155,
            0.020305707993592128,
            9.364978073223926e-05,
            5.0819502902761e-05,
            0.8471148436929272,
            0.0005188340346265688,
            0.0414023702540248,
            0.0014671279285978405,
            0.0014671279285978405,
            0.5108662874554788,
            0.17282432636257503,
            0.0023926406266429954,
            0.10358208597462179,
            0.020305707993592128,
            0.013792325396823218,
            0.1351159725207279,
            0.0002992415380524399,
            0.17282432636257503,
            0.26687849628994026,
            0.029291323400813283,
            0.8471148436929272,
            0.07784753488527126,
            0.21681740584472967,
            0.0002992415380524399,
            0.44583680479645454,
            0.38250743933112885,
            9.364978073223926e-05,
            0.8836160351862405,
            0.38250743933112885
        ],
        "mean_vanilla_score": 0.4550622847162843,
        "mean_watermarked_score": 0.19377142122548255,
        "median_watermarked_score": 0.0414023702540248,
        "median_vanilla_score": 0.44583680479645454
    },
    "perplexity_metrics": {
        "vanilla": {
            "mean_perplexity": 6.782928466796875,
            "median_perplexity": 6.064453125,
            "perplexities": [
                4.73828125,
                4.59375,
                5.80078125,
                4.24609375,
                5.1640625,
                10.2421875,
                4.98828125,
                12.109375,
                9.8046875,
                4.93359375,
                8.3046875,
                10.8359375,
                3.76953125,
                2.05078125,
                7.94140625,
                9.75,
                10.6640625,
                5.94921875,
                7.4453125,
                5.59765625,
                8.40625,
                4.90234375,
                6.40625,
                5.40234375,
                6.1796875,
                8.1953125,
                2.181640625,
                4.6640625,
                7.7578125,
                13.9140625,
                1.6064453125,
                8.5078125
            ]
        },
        "watermarked": {
            "mean_perplexity": 7.10076904296875,
            "median_perplexity": 7.0,
            "perplexities": [
                7.53515625,
                6.9765625,
                8.375,
                3.357421875,
                4.21875,
                8.671875,
                5.46484375,
                15.1875,
                11.2890625,
                5.5234375,
                8.7265625,
                11.375,
                4.23046875,
                3.263671875,
                10.3984375,
                9.734375,
                8.0078125,
                7.0234375,
                7.0859375,
                5.8515625,
                7.609375,
                5.09765625,
                5.52734375,
                5.9609375,
                5.546875,
                9.6953125,
                5.34765625,
                3.23828125,
                4.4453125,
                10.984375,
                2.130859375,
                9.34375
            ]
        }
    },
    "repetition_metrics": {
        "vanilla": {
            "median_seq_rep_3": 0.025252525252525304,
            "mean_seq_rep_3": 0.04577260549659028,
            "total_rep_3": 0.05698500394632988,
            "list_seq_rep_3": [
                0.04040404040404044,
                0.1262626262626263,
                0.16161616161616166,
                0.08080808080808077,
                0.0,
                0.005050505050505083,
                0.025252525252525304,
                0.0,
                0.025252525252525304,
                0.030303030303030276,
                0.005050505050505083,
                0.025252525252525304,
                0.015228426395939132,
                0.010101010101010055,
                0.02020202020202022,
                0.0,
                0.0,
                0.02020202020202022,
                0.025252525252525304,
                0.025252525252525304,
                0.005050505050505083,
                0.06060606060606055,
                0.005050505050505083,
                0.045454545454545414,
                0.010101010101010055,
                0.04040404040404044,
                0.297979797979798,
                0.10606060606060608,
                0.030303030303030276,
                0.0,
                0.21212121212121215,
                0.010101010101010055
            ]
        },
        "watermarked": {
            "median_seq_rep_3": 0.025252525252525304,
            "mean_seq_rep_3": 0.0377209595959596,
            "total_rep_3": 0.04703282828282829,
            "list_seq_rep_3": [
                0.030303030303030276,
                0.02020202020202022,
                0.02020202020202022,
                0.045454545454545414,
                0.015151515151515138,
                0.05555555555555558,
                0.0,
                0.005050505050505083,
                0.0,
                0.13131313131313127,
                0.010101010101010055,
                0.030303030303030276,
                0.015151515151515138,
                0.12121212121212122,
                0.030303030303030276,
                0.005050505050505083,
                0.025252525252525304,
                0.005050505050505083,
                0.010101010101010055,
                0.02020202020202022,
                0.0,
                0.0505050505050505,
                0.0,
                0.02020202020202022,
                0.025252525252525304,
                0.030303030303030276,
                0.06565656565656564,
                0.0757575757575758,
                0.05555555555555558,
                0.030303030303030276,
                0.19696969696969702,
                0.06060606060606055
            ]
        }
    },
    "metadata": {
        "detection_method": "kgw",
        "num_samples": 32,
        "ppl_model": "/mnt/lustrenew/mllm_safety-shared/models/huggingface/meta-llama/Meta-Llama-3.1-8B"
    }
}