{
    "detection_scores": {
        "vanilla_scores": [
            0.38250743933112885,
            0.21681740584472967,
            0.10358208597462179,
            0.10358208597462179,
            0.6392026174713024,
            0.7544485191610798,
            0.44583680479645454,
            0.6392026174713024,
            0.21681740584472967,
            0.8836160351862405,
            0.32242573363325705,
            0.8471148436929272,
            0.026491784932231744,
            0.029291323400813283,
            0.6991775254935335,
            0.9375246722719879,
            0.38250743933112885,
            0.38250743933112885,
            0.21681740584472967,
            0.44583680479645454,
            0.1351159725207279,
            0.05734712978019507,
            0.26687849628994026,
            0.5758957701145038,
            0.5758957701145038,
            0.5758957701145038,
            0.8471148436929272,
            0.44583680479645454,
            0.9136074600438041,
            0.8471148436929272,
            0.5108662874554788,
            0.1351159725207279
        ],
        "watermarked_scores": [
            5.0819502902761e-05,
            0.0002992415380524399,
            9.364978073223926e-05,
            7.193361071692652e-06,
            0.013792325396823218,
            4.004543805359876e-07,
            0.0002992415380524399,
            0.0023926406266429954,
            8.380496965030422e-08,
            0.0414023702540248,
            1.4083981957400238e-05,
            3.728936664045115e-12,
            0.0005188340346265688,
            5.0819502902761e-05,
            4.004543805359876e-07,
            3.6008151398279957e-06,
            0.0414023702540248,
            7.193361071692652e-06,
            2.7024904108606995e-05,
            5.0819502902761e-05,
            0.005984616771209155,
            9.364978073223926e-05,
            0.020305707993592128,
            0.10358208597462179,
            1.4083981957400238e-05,
            0.009178679390778589,
            8.380496965030422e-08,
            0.005984616771209155,
            0.0038229784327127665,
            6.91125165250654e-09,
            0.0005188340346265688,
            1.6196290272301364e-08
        ],
        "mean_vanilla_score": 0.4550622847162843,
        "mean_watermarked_score": 0.007809327284889001,
        "median_watermarked_score": 7.223464181750013e-05,
        "median_vanilla_score": 0.44583680479645454
    },
    "perplexity_metrics": {
        "vanilla": {
            "mean_perplexity": 6.782928466796875,
            "median_perplexity": 6.064453125,
            "perplexities": [
                4.73828125,
                4.59375,
                5.80078125,
                4.24609375,
                5.1640625,
                10.2421875,
                4.98828125,
                12.109375,
                9.8046875,
                4.93359375,
                8.3046875,
                10.8359375,
                3.76953125,
                2.05078125,
                7.94140625,
                9.75,
                10.6640625,
                5.94921875,
                7.4453125,
                5.59765625,
                8.40625,
                4.90234375,
                6.40625,
                5.40234375,
                6.1796875,
                8.1953125,
                2.181640625,
                4.6640625,
                7.7578125,
                13.9140625,
                1.6064453125,
                8.5078125
            ]
        },
        "watermarked": {
            "mean_perplexity": 8.944580078125,
            "median_perplexity": 7.759765625,
            "perplexities": [
                7.18359375,
                6.265625,
                8.640625,
                4.140625,
                3.86328125,
                8.7890625,
                6.89453125,
                18.875,
                12.15625,
                11.8046875,
                11.71875,
                12.328125,
                6.2421875,
                4.125,
                9.8671875,
                12.7890625,
                13.5078125,
                9.7734375,
                7.51953125,
                7.41796875,
                6.49609375,
                7.8671875,
                11.96875,
                7.50390625,
                5.99609375,
                8.7265625,
                6.84765625,
                4.7109375,
                7.0234375,
                17.546875,
                7.65234375,
                9.984375
            ]
        }
    },
    "repetition_metrics": {
        "vanilla": {
            "median_seq_rep_3": 0.025252525252525304,
            "mean_seq_rep_3": 0.04577260549659028,
            "total_rep_3": 0.05698500394632988,
            "list_seq_rep_3": [
                0.04040404040404044,
                0.1262626262626263,
                0.16161616161616166,
                0.08080808080808077,
                0.0,
                0.005050505050505083,
                0.025252525252525304,
                0.0,
                0.025252525252525304,
                0.030303030303030276,
                0.005050505050505083,
                0.025252525252525304,
                0.015228426395939132,
                0.010101010101010055,
                0.02020202020202022,
                0.0,
                0.0,
                0.02020202020202022,
                0.025252525252525304,
                0.025252525252525304,
                0.005050505050505083,
                0.06060606060606055,
                0.005050505050505083,
                0.045454545454545414,
                0.010101010101010055,
                0.04040404040404044,
                0.297979797979798,
                0.10606060606060608,
                0.030303030303030276,
                0.0,
                0.21212121212121215,
                0.010101010101010055
            ]
        },
        "watermarked": {
            "median_seq_rep_3": 0.025252525252525304,
            "mean_seq_rep_3": 0.03093434343434344,
            "total_rep_3": 0.04356060606060608,
            "list_seq_rep_3": [
                0.045454545454545414,
                0.08080808080808077,
                0.02020202020202022,
                0.09595959595959591,
                0.025252525252525304,
                0.030303030303030276,
                0.010101010101010055,
                0.0757575757575758,
                0.015151515151515138,
                0.010101010101010055,
                0.010101010101010055,
                0.015151515151515138,
                0.010101010101010055,
                0.13636363636363635,
                0.025252525252525304,
                0.0,
                0.005050505050505083,
                0.005050505050505083,
                0.04040404040404044,
                0.025252525252525304,
                0.005050505050505083,
                0.03535353535353536,
                0.005050505050505083,
                0.06060606060606055,
                0.025252525252525304,
                0.005050505050505083,
                0.05555555555555558,
                0.030303030303030276,
                0.015151515151515138,
                0.025252525252525304,
                0.025252525252525304,
                0.02020202020202022
            ]
        }
    },
    "metadata": {
        "detection_method": "kgw",
        "num_samples": 32,
        "ppl_model": "/mnt/lustrenew/mllm_safety-shared/models/huggingface/meta-llama/Meta-Llama-3.1-8B"
    }
}