{
    "detection_scores": {
        "vanilla_scores": [
            0.38250743933112885,
            0.21681740584472967,
            0.10358208597462179,
            0.10358208597462179,
            0.6392026174713024,
            0.7544485191610798,
            0.44583680479645454,
            0.6392026174713024,
            0.21681740584472967,
            0.8836160351862405,
            0.32242573363325705,
            0.8471148436929272,
            0.026491784932231744,
            0.029291323400813283,
            0.6991775254935335,
            0.9375246722719879,
            0.38250743933112885,
            0.38250743933112885,
            0.21681740584472967,
            0.44583680479645454,
            0.1351159725207279,
            0.05734712978019507,
            0.26687849628994026,
            0.5758957701145038,
            0.5758957701145038,
            0.5758957701145038,
            0.8471148436929272,
            0.44583680479645454,
            0.9136074600438041,
            0.8471148436929272,
            0.5108662874554788,
            0.1351159725207279
        ],
        "watermarked_scores": [
            4.448620871212126e-57,
            1.757712950570242e-62,
            3.7434255435132964e-48,
            1.1373502558397022e-37,
            2.179690300748062e-45,
            4.648683044733669e-67,
            4.448620871212126e-57,
            4.648683044733669e-67,
            5.213676766424362e-55,
            3.3687372541179135e-59,
            4.256772933855766e-49,
            1.326402664727969e-63,
            4.448620871212126e-57,
            5.213676766424362e-55,
            1.6754594504594915e-52,
            4.256772933855766e-49,
            1.174761542295389e-79,
            4.7142258136105125e-50,
            4.8871352226551435e-56,
            5.4440730842594115e-53,
            2.254153727876388e-61,
            5.333330207674378e-52,
            4.648683044733669e-67,
            2.1137410814770143e-74,
            3.3687372541179135e-59,
            9.753438626106413e-34,
            1.1145838724702722e-47,
            2.7994120780485463e-60,
            1.5133211591621492e-27,
            5.0828097750534414e-51,
            1.757712950570242e-62,
            2.1137410814770143e-74
        ],
        "mean_vanilla_score": 0.4550622847162843,
        "mean_watermarked_score": 4.729131670686709e-29,
        "median_watermarked_score": 2.665998654888178e-56,
        "median_vanilla_score": 0.44583680479645454
    },
    "perplexity_metrics": {
        "vanilla": {
            "mean_perplexity": 6.782928466796875,
            "median_perplexity": 6.064453125,
            "perplexities": [
                4.73828125,
                4.59375,
                5.80078125,
                4.24609375,
                5.1640625,
                10.2421875,
                4.98828125,
                12.109375,
                9.8046875,
                4.93359375,
                8.3046875,
                10.8359375,
                3.76953125,
                2.05078125,
                7.94140625,
                9.75,
                10.6640625,
                5.94921875,
                7.4453125,
                5.59765625,
                8.40625,
                4.90234375,
                6.40625,
                5.40234375,
                6.1796875,
                8.1953125,
                2.181640625,
                4.6640625,
                7.7578125,
                13.9140625,
                1.6064453125,
                8.5078125
            ]
        },
        "watermarked": {
            "mean_perplexity": 89.3121337890625,
            "median_perplexity": 85.5625,
            "perplexities": [
                64.0625,
                73.75,
                112.9375,
                55.46875,
                73.1875,
                91.0625,
                128.5,
                153.75,
                187.625,
                159.25,
                107.75,
                119.75,
                118.3125,
                44.03125,
                84.875,
                126.9375,
                6.30078125,
                143.875,
                66.875,
                73.1875,
                70.9375,
                28.21875,
                98.5,
                47.53125,
                17.515625,
                81.0,
                122.5625,
                31.359375,
                112.9375,
                86.25,
                105.625,
                64.0625
            ]
        }
    },
    "repetition_metrics": {
        "vanilla": {
            "median_seq_rep_3": 0.025252525252525304,
            "mean_seq_rep_3": 0.04577260549659028,
            "total_rep_3": 0.05698500394632988,
            "list_seq_rep_3": [
                0.04040404040404044,
                0.1262626262626263,
                0.16161616161616166,
                0.08080808080808077,
                0.0,
                0.005050505050505083,
                0.025252525252525304,
                0.0,
                0.025252525252525304,
                0.030303030303030276,
                0.005050505050505083,
                0.025252525252525304,
                0.015228426395939132,
                0.010101010101010055,
                0.02020202020202022,
                0.0,
                0.0,
                0.02020202020202022,
                0.025252525252525304,
                0.025252525252525304,
                0.005050505050505083,
                0.06060606060606055,
                0.005050505050505083,
                0.045454545454545414,
                0.010101010101010055,
                0.04040404040404044,
                0.297979797979798,
                0.10606060606060608,
                0.030303030303030276,
                0.0,
                0.21212121212121215,
                0.010101010101010055
            ]
        },
        "watermarked": {
            "median_seq_rep_3": 0.0378787878787879,
            "mean_seq_rep_3": 0.09630329308311543,
            "total_rep_3": 0.12142744354966051,
            "list_seq_rep_3": [
                0.1262626262626263,
                0.19191919191919193,
                0.015151515151515138,
                0.06565656565656564,
                0.005050505050505083,
                0.03535353535353536,
                0.025252525252525304,
                0.025252525252525304,
                0.010101010101010055,
                0.010101010101010055,
                0.11111111111111116,
                0.06060606060606055,
                0.02020202020202022,
                0.24242424242424243,
                0.07106598984771573,
                0.03535353535353536,
                0.4949494949494949,
                0.045454545454545414,
                0.005050505050505083,
                0.010101010101010055,
                0.0,
                0.38383838383838387,
                0.030303030303030276,
                0.04040404040404044,
                0.4040404040404041,
                0.015151515151515138,
                0.08629441624365486,
                0.33333333333333337,
                0.02030456852791873,
                0.030303030303030276,
                0.07070707070707072,
                0.06060606060606055
            ]
        }
    },
    "metadata": {
        "detection_method": "kgw",
        "num_samples": 32,
        "ppl_model": "/mnt/lustrenew/mllm_safety-shared/models/huggingface/meta-llama/Meta-Llama-3.1-8B"
    }
}