{
    "detection_scores": {
        "vanilla_scores": [
            0.38250743933112885,
            0.21681740584472967,
            0.10358208597462179,
            0.10358208597462179,
            0.6392026174713024,
            0.7544485191610798,
            0.44583680479645454,
            0.6392026174713024,
            0.21681740584472967,
            0.8836160351862405,
            0.32242573363325705,
            0.8471148436929272,
            0.026491784932231744,
            0.029291323400813283,
            0.6991775254935335,
            0.9375246722719879,
            0.38250743933112885,
            0.38250743933112885,
            0.21681740584472967,
            0.44583680479645454,
            0.1351159725207279,
            0.05734712978019507,
            0.26687849628994026,
            0.5758957701145038,
            0.5758957701145038,
            0.5758957701145038,
            0.8471148436929272,
            0.44583680479645454,
            0.9136074600438041,
            0.8471148436929272,
            0.5108662874554788,
            0.1351159725207279
        ],
        "watermarked_scores": [
            1.4378346546217588e-20,
            1.7814755217536783e-14,
            4.810247106298303e-30,
            4.004543805359876e-07,
            3.646480139760594e-16,
            1.0119042559603408e-42,
            9.923906683417619e-23,
            3.854258331994654e-43,
            1.711047660696746e-31,
            1.7814755217536783e-14,
            2.448289219524794e-20,
            3.1240755536899586e-32,
            9.923906683417619e-23,
            1.83019461498296e-15,
            9.170461555778119e-31,
            4.409931080022654e-31,
            1.0119042559603408e-42,
            2.787241995807037e-35,
            1.711047660696746e-31,
            2.904737994041419e-25,
            3.1240755536899586e-32,
            5.1959296764365686e-17,
            1.3887540736433585e-26,
            1.6230374204039128e-21,
            2.9432309769801617e-27,
            4.556155737577618e-36,
            5.593652455987735e-24,
            0.0414023702540248,
            4.378957471467549e-18,
            5.369211233986705e-41,
            4.810247106298303e-30,
            1.2413159516351698e-28
        ],
        "mean_vanilla_score": 0.4550622847162843,
        "mean_watermarked_score": 0.0012938365846388506,
        "median_watermarked_score": 8.415385856706874e-27,
        "median_vanilla_score": 0.44583680479645454
    },
    "perplexity_metrics": {
        "vanilla": {
            "mean_perplexity": 6.782928466796875,
            "median_perplexity": 6.064453125,
            "perplexities": [
                4.73828125,
                4.59375,
                5.80078125,
                4.24609375,
                5.1640625,
                10.2421875,
                4.98828125,
                12.109375,
                9.8046875,
                4.93359375,
                8.3046875,
                10.8359375,
                3.76953125,
                2.05078125,
                7.94140625,
                9.75,
                10.6640625,
                5.94921875,
                7.4453125,
                5.59765625,
                8.40625,
                4.90234375,
                6.40625,
                5.40234375,
                6.1796875,
                8.1953125,
                2.181640625,
                4.6640625,
                7.7578125,
                13.9140625,
                1.6064453125,
                8.5078125
            ]
        },
        "watermarked": {
            "mean_perplexity": 23.98211669921875,
            "median_perplexity": 23.6484375,
            "perplexities": [
                23.203125,
                11.046875,
                9.109375,
                5.58203125,
                33.0625,
                18.109375,
                29.96875,
                39.40625,
                20.515625,
                25.9375,
                20.078125,
                50.90625,
                22.796875,
                6.93359375,
                28.15625,
                29.21875,
                34.96875,
                24.09375,
                24.140625,
                20.609375,
                38.625,
                16.90625,
                29.96875,
                11.625,
                34.96875,
                42.09375,
                15.4296875,
                2.357421875,
                15.578125,
                33.5,
                17.421875,
                31.109375
            ]
        }
    },
    "repetition_metrics": {
        "vanilla": {
            "median_seq_rep_3": 0.025252525252525304,
            "mean_seq_rep_3": 0.04577260549659028,
            "total_rep_3": 0.05698500394632988,
            "list_seq_rep_3": [
                0.04040404040404044,
                0.1262626262626263,
                0.16161616161616166,
                0.08080808080808077,
                0.0,
                0.005050505050505083,
                0.025252525252525304,
                0.0,
                0.025252525252525304,
                0.030303030303030276,
                0.005050505050505083,
                0.025252525252525304,
                0.015228426395939132,
                0.010101010101010055,
                0.02020202020202022,
                0.0,
                0.0,
                0.02020202020202022,
                0.025252525252525304,
                0.025252525252525304,
                0.005050505050505083,
                0.06060606060606055,
                0.005050505050505083,
                0.045454545454545414,
                0.010101010101010055,
                0.04040404040404044,
                0.297979797979798,
                0.10606060606060608,
                0.030303030303030276,
                0.0,
                0.21212121212121215,
                0.010101010101010055
            ]
        },
        "watermarked": {
            "median_seq_rep_3": 0.02785468902220173,
            "mean_seq_rep_3": 0.07388526765113061,
            "total_rep_3": 0.09080859128237528,
            "list_seq_rep_3": [
                0.015228426395939132,
                0.14646464646464652,
                0.101010101010101,
                0.28787878787878785,
                0.015228426395939132,
                0.10606060606060608,
                0.015151515151515138,
                0.07614213197969544,
                0.0505050505050505,
                0.025252525252525304,
                0.015151515151515138,
                0.02020202020202022,
                0.03535353535353536,
                0.09090909090909094,
                0.010101010101010055,
                0.030456852791878153,
                0.005050505050505083,
                0.015151515151515138,
                0.02020202020202022,
                0.02020202020202022,
                0.005050505050505083,
                0.010101010101010055,
                0.010101010101010055,
                0.14646464646464652,
                0.010101010101010055,
                0.04040404040404044,
                0.025252525252525304,
                0.6717171717171717,
                0.13131313131313127,
                0.05555555555555558,
                0.10606060606060608,
                0.0505050505050505
            ]
        }
    },
    "metadata": {
        "detection_method": "kgw",
        "num_samples": 32,
        "ppl_model": "/mnt/lustrenew/mllm_safety-shared/models/huggingface/meta-llama/Meta-Llama-3.1-8B"
    }
}