{
    "detection_scores": {
        "vanilla_scores": [
            0.38250743933112885,
            0.21681740584472967,
            0.10358208597462179,
            0.10358208597462179,
            0.6392026174713024,
            0.7544485191610798,
            0.44583680479645454,
            0.6392026174713024,
            0.21681740584472967,
            0.8836160351862405,
            0.32242573363325705,
            0.8471148436929272,
            0.026491784932231744,
            0.029291323400813283,
            0.6991775254935335,
            0.9375246722719879,
            0.38250743933112885,
            0.38250743933112885,
            0.21681740584472967,
            0.44583680479645454,
            0.1351159725207279,
            0.05734712978019507,
            0.26687849628994026,
            0.5758957701145038,
            0.5758957701145038,
            0.5758957701145038,
            0.8471148436929272,
            0.44583680479645454,
            0.9136074600438041,
            0.8471148436929272,
            0.5108662874554788,
            0.1351159725207279
        ],
        "watermarked_scores": [
            1.5133211591621492e-27,
            2.3002108398294445e-22,
            1.0119042559603408e-42,
            4.05422848158939e-22,
            9.170461555778119e-31,
            4.256772933855766e-49,
            1.2338456690107672e-18,
            2.6778610703480543e-46,
            1.1373502558397022e-37,
            2.904737994041419e-25,
            2.904737994041419e-25,
            1.6672599345026213e-34,
            5.5809499869590474e-33,
            1.2413159516351698e-28,
            4.768531402796335e-10,
            6.1083709381796425e-28,
            1.7362110680478014e-38,
            2.9432309769801617e-27,
            1.3188290333392563e-23,
            2.448289219524794e-20,
            1.3188290333392563e-23,
            1.6230374204039128e-21,
            2.380248302952419e-23,
            1.6672599345026213e-34,
            7.46031146955063e-42,
            1.711047660696746e-31,
            9.923906683417619e-23,
            9.923906683417619e-23,
            2.380248302952419e-23,
            4.409931080022654e-31,
            5.1959296764365686e-17,
            2.5896200748330102e-39
        ],
        "mean_vanilla_score": 0.4550622847162843,
        "mean_watermarked_score": 1.4901662296868444e-11,
        "median_watermarked_score": 2.2282760680711553e-27,
        "median_vanilla_score": 0.44583680479645454
    },
    "perplexity_metrics": {
        "vanilla": {
            "mean_perplexity": 6.782928466796875,
            "median_perplexity": 6.064453125,
            "perplexities": [
                4.73828125,
                4.59375,
                5.80078125,
                4.24609375,
                5.1640625,
                10.2421875,
                4.98828125,
                12.109375,
                9.8046875,
                4.93359375,
                8.3046875,
                10.8359375,
                3.76953125,
                2.05078125,
                7.94140625,
                9.75,
                10.6640625,
                5.94921875,
                7.4453125,
                5.59765625,
                8.40625,
                4.90234375,
                6.40625,
                5.40234375,
                6.1796875,
                8.1953125,
                2.181640625,
                4.6640625,
                7.7578125,
                13.9140625,
                1.6064453125,
                8.5078125
            ]
        },
        "watermarked": {
            "mean_perplexity": 76.3984375,
            "median_perplexity": 68.21875,
            "perplexities": [
                87.25,
                63.09375,
                31.65625,
                40.25,
                135.625,
                44.65625,
                28.15625,
                79.125,
                192.0,
                70.125,
                64.3125,
                122.5625,
                46.78125,
                117.875,
                18.546875,
                43.03125,
                77.875,
                22.28125,
                49.53125,
                73.5,
                110.3125,
                65.625,
                25.046875,
                135.125,
                63.09375,
                67.9375,
                100.8125,
                69.3125,
                165.625,
                124.0,
                41.125,
                68.5
            ]
        }
    },
    "repetition_metrics": {
        "vanilla": {
            "median_seq_rep_3": 0.025252525252525304,
            "mean_seq_rep_3": 0.04577260549659028,
            "total_rep_3": 0.05698500394632988,
            "list_seq_rep_3": [
                0.04040404040404044,
                0.1262626262626263,
                0.16161616161616166,
                0.08080808080808077,
                0.0,
                0.005050505050505083,
                0.025252525252525304,
                0.0,
                0.025252525252525304,
                0.030303030303030276,
                0.005050505050505083,
                0.025252525252525304,
                0.015228426395939132,
                0.010101010101010055,
                0.02020202020202022,
                0.0,
                0.0,
                0.02020202020202022,
                0.025252525252525304,
                0.025252525252525304,
                0.005050505050505083,
                0.06060606060606055,
                0.005050505050505083,
                0.045454545454545414,
                0.010101010101010055,
                0.04040404040404044,
                0.297979797979798,
                0.10606060606060608,
                0.030303030303030276,
                0.0,
                0.21212121212121215,
                0.010101010101010055
            ]
        },
        "watermarked": {
            "median_seq_rep_3": 0.03796851766394915,
            "mean_seq_rep_3": 0.06172688176178025,
            "total_rep_3": 0.08087190017374823,
            "list_seq_rep_3": [
                0.005076142131979711,
                0.045685279187817285,
                0.03535353535353536,
                0.13131313131313127,
                0.005050505050505083,
                0.030303030303030276,
                0.04040404040404044,
                0.010101010101010055,
                0.025252525252525304,
                0.030303030303030276,
                0.05555555555555558,
                0.015151515151515138,
                0.08080808080808077,
                0.005050505050505083,
                0.3939393939393939,
                0.04040404040404044,
                0.0505050505050505,
                0.19696969696969702,
                0.015228426395939132,
                0.0505050505050505,
                0.0,
                0.16666666666666663,
                0.16161616161616166,
                0.005050505050505083,
                0.10606060606060608,
                0.0,
                0.045454545454545414,
                0.005050505050505083,
                0.045454545454545414,
                0.035532994923857864,
                0.13636363636363635,
                0.005050505050505083
            ]
        }
    },
    "metadata": {
        "detection_method": "kgw",
        "num_samples": 32,
        "ppl_model": "/mnt/lustrenew/mllm_safety-shared/models/huggingface/meta-llama/Meta-Llama-3.1-8B"
    }
}