{
    "detection_scores": {
        "vanilla_scores": [
            0.38250743933112885,
            0.21681740584472967,
            0.10358208597462179,
            0.10358208597462179,
            0.6392026174713024,
            0.7544485191610798,
            0.44583680479645454,
            0.6392026174713024,
            0.21681740584472967,
            0.8836160351862405,
            0.32242573363325705,
            0.8471148436929272,
            0.026491784932231744,
            0.029291323400813283,
            0.6991775254935335,
            0.9375246722719879,
            0.38250743933112885,
            0.38250743933112885,
            0.21681740584472967,
            0.44583680479645454,
            0.1351159725207279,
            0.05734712978019507,
            0.26687849628994026,
            0.5758957701145038,
            0.5758957701145038,
            0.5758957701145038,
            0.8471148436929272,
            0.44583680479645454,
            0.9136074600438041,
            0.8471148436929272,
            0.5108662874554788,
            0.1351159725207279
        ],
        "watermarked_scores": [
            0.956286379288943,
            1.993029403788785e-38,
            6.258581333111755e-35,
            3.1240755536899586e-32,
            9.145784992471524e-13,
            7.46031146955063e-42,
            1.2338456690107672e-18,
            2.891292403323301e-09,
            4.498951622794132e-06,
            2.6778610703480543e-46,
            2.4580796982712777e-28,
            0.00044048696298454207,
            0.8649585790248491,
            1.7547686177058476e-33,
            0.015420671046015444,
            9.31628140686927e-22,
            2.1167227305473695e-41,
            0.0012640422276867533,
            0.589119847800579,
            3.773147184320832e-40,
            0.00013479784198780012,
            0.12198758925457225,
            2.904737994041419e-25,
            2.787241995807037e-35,
            1.7989051861918995e-05,
            2.9432309769801617e-27,
            5.766690882776088e-15,
            4.810247106298303e-30,
            1.7814755217536783e-14,
            1.0234594838755463e-11,
            1.6196290272301364e-08,
            0.0007538752495526407
        ],
        "mean_vanilla_score": 0.4550622847162843,
        "mean_watermarked_score": 0.07969964924373157,
        "median_watermarked_score": 1.1790723050156435e-14,
        "median_vanilla_score": 0.44583680479645454
    },
    "perplexity_metrics": {
        "vanilla": {
            "mean_perplexity": 6.782928466796875,
            "median_perplexity": 6.064453125,
            "perplexities": [
                4.73828125,
                4.59375,
                5.80078125,
                4.24609375,
                5.1640625,
                10.2421875,
                4.98828125,
                12.109375,
                9.8046875,
                4.93359375,
                8.3046875,
                10.8359375,
                3.76953125,
                2.05078125,
                7.94140625,
                9.75,
                10.6640625,
                5.94921875,
                7.4453125,
                5.59765625,
                8.40625,
                4.90234375,
                6.40625,
                5.40234375,
                6.1796875,
                8.1953125,
                2.181640625,
                4.6640625,
                7.7578125,
                13.9140625,
                1.6064453125,
                8.5078125
            ]
        },
        "watermarked": {
            "mean_perplexity": Infinity,
            "median_perplexity": 399.75,
            "perplexities": [
                Infinity,
                768.5,
                386.5,
                413.0,
                90.375,
                615.0,
                69.5625,
                243.75,
                13.40625,
                189.125,
                492.25,
                150.75,
                230.75,
                971.5,
                52416.0,
                166.25,
                434.5,
                490.5,
                Infinity,
                490.5,
                2122.0,
                Infinity,
                854.0,
                260.5,
                267.75,
                730.5,
                74.625,
                702.5,
                189.125,
                126.9375,
                135.125,
                68.5
            ]
        }
    },
    "repetition_metrics": {
        "vanilla": {
            "median_seq_rep_3": 0.025252525252525304,
            "mean_seq_rep_3": 0.04577260549659028,
            "total_rep_3": 0.05698500394632988,
            "list_seq_rep_3": [
                0.04040404040404044,
                0.1262626262626263,
                0.16161616161616166,
                0.08080808080808077,
                0.0,
                0.005050505050505083,
                0.025252525252525304,
                0.0,
                0.025252525252525304,
                0.030303030303030276,
                0.005050505050505083,
                0.025252525252525304,
                0.015228426395939132,
                0.010101010101010055,
                0.02020202020202022,
                0.0,
                0.0,
                0.02020202020202022,
                0.025252525252525304,
                0.025252525252525304,
                0.005050505050505083,
                0.06060606060606055,
                0.005050505050505083,
                0.045454545454545414,
                0.010101010101010055,
                0.04040404040404044,
                0.297979797979798,
                0.10606060606060608,
                0.030303030303030276,
                0.0,
                0.21212121212121215,
                0.010101010101010055
            ]
        },
        "watermarked": {
            "median_seq_rep_3": 0.08605086396964567,
            "mean_seq_rep_3": 0.12427941210801587,
            "total_rep_3": 0.15506677140612724,
            "list_seq_rep_3": [
                0.0,
                0.1071428571428571,
                0.06030150753768848,
                0.045454545454545414,
                0.12182741116751272,
                0.02020202020202022,
                0.33333333333333337,
                0.1767676767676768,
                0.6281407035175879,
                0.1262626262626263,
                0.13567839195979903,
                0.10659898477157359,
                0.03500000000000003,
                0.014925373134328401,
                0.0,
                0.24365482233502533,
                0.030456852791878153,
                0.07614213197969544,
                0.0,
                0.030303030303030276,
                0.0,
                0.0,
                0.005050505050505083,
                0.20707070707070707,
                0.15816326530612246,
                0.025252525252525304,
                0.2777777777777778,
                0.02020202020202022,
                0.23232323232323238,
                0.398989898989899,
                0.09595959595959591,
                0.2639593908629442
            ]
        }
    },
    "metadata": {
        "detection_method": "kgw",
        "num_samples": 32,
        "ppl_model": "/mnt/lustrenew/mllm_safety-shared/models/huggingface/meta-llama/Meta-Llama-3.1-8B"
    }
}