{
    "detection_scores": {
        "vanilla_scores": [
            0.38250743933112885,
            0.21681740584472967,
            0.10358208597462179,
            0.10358208597462179,
            0.6392026174713024,
            0.7544485191610798,
            0.44583680479645454,
            0.6392026174713024,
            0.21681740584472967,
            0.8836160351862405,
            0.32242573363325705,
            0.8471148436929272,
            0.026491784932231744,
            0.029291323400813283,
            0.6991775254935335,
            0.9375246722719879,
            0.38250743933112885,
            0.38250743933112885,
            0.21681740584472967,
            0.44583680479645454,
            0.1351159725207279,
            0.05734712978019507,
            0.26687849628994026,
            0.5758957701145038,
            0.5758957701145038,
            0.5758957701145038,
            0.8471148436929272,
            0.44583680479645454,
            0.9136074600438041,
            0.8471148436929272,
            0.5108662874554788,
            0.1351159725207279
        ],
        "watermarked_scores": [
            0.013792325396823218,
            0.013792325396823218,
            0.029291323400813283,
            0.0038229784327127665,
            0.009178679390778589,
            1.4083981957400238e-05,
            0.0414023702540248,
            0.21681740584472967,
            0.03768993880655806,
            0.1351159725207279,
            0.05734712978019507,
            0.0414023702540248,
            0.5108662874554788,
            0.009178679390778589,
            0.05734712978019507,
            0.38250743933112885,
            0.05734712978019507,
            0.17282432636257503,
            0.1351159725207279,
            0.029291323400813283,
            0.17282432636257503,
            0.10358208597462179,
            0.5758957701145038,
            0.0008814169940861691,
            0.1351159725207279,
            0.1351159725207279,
            0.0014671279285978405,
            0.0005188340346265688,
            0.10358208597462179,
            0.17282432636257503,
            0.21681740584472967,
            0.0414023702540248
        ],
        "mean_vanilla_score": 0.4550622847162843,
        "mean_watermarked_score": 0.112942902699015,
        "median_watermarked_score": 0.05734712978019507,
        "median_vanilla_score": 0.44583680479645454
    },
    "perplexity_metrics": {
        "vanilla": {
            "mean_perplexity": 6.782928466796875,
            "median_perplexity": 6.064453125,
            "perplexities": [
                4.73828125,
                4.59375,
                5.80078125,
                4.24609375,
                5.1640625,
                10.2421875,
                4.98828125,
                12.109375,
                9.8046875,
                4.93359375,
                8.3046875,
                10.8359375,
                3.76953125,
                2.05078125,
                7.94140625,
                9.75,
                10.6640625,
                5.94921875,
                7.4453125,
                5.59765625,
                8.40625,
                4.90234375,
                6.40625,
                5.40234375,
                6.1796875,
                8.1953125,
                2.181640625,
                4.6640625,
                7.7578125,
                13.9140625,
                1.6064453125,
                8.5078125
            ]
        },
        "watermarked": {
            "mean_perplexity": 6.9307861328125,
            "median_perplexity": 6.439453125,
            "perplexities": [
                5.68359375,
                4.3203125,
                8.0078125,
                3.517578125,
                4.265625,
                9.140625,
                6.1796875,
                11.09375,
                10.625,
                4.9609375,
                8.0390625,
                9.84375,
                4.28515625,
                2.6328125,
                6.64453125,
                8.640625,
                7.09375,
                9.984375,
                6.13671875,
                5.72265625,
                4.98828125,
                6.234375,
                7.25390625,
                6.36328125,
                6.515625,
                6.74609375,
                3.279296875,
                3.21875,
                11.3984375,
                16.203125,
                2.859375,
                9.90625
            ]
        }
    },
    "repetition_metrics": {
        "vanilla": {
            "median_seq_rep_3": 0.025252525252525304,
            "mean_seq_rep_3": 0.04577260549659028,
            "total_rep_3": 0.05698500394632988,
            "list_seq_rep_3": [
                0.04040404040404044,
                0.1262626262626263,
                0.16161616161616166,
                0.08080808080808077,
                0.0,
                0.005050505050505083,
                0.025252525252525304,
                0.0,
                0.025252525252525304,
                0.030303030303030276,
                0.005050505050505083,
                0.025252525252525304,
                0.015228426395939132,
                0.010101010101010055,
                0.02020202020202022,
                0.0,
                0.0,
                0.02020202020202022,
                0.025252525252525304,
                0.025252525252525304,
                0.005050505050505083,
                0.06060606060606055,
                0.005050505050505083,
                0.045454545454545414,
                0.010101010101010055,
                0.04040404040404044,
                0.297979797979798,
                0.10606060606060608,
                0.030303030303030276,
                0.0,
                0.21212121212121215,
                0.010101010101010055
            ]
        },
        "watermarked": {
            "median_seq_rep_3": 0.017715223298979677,
            "mean_seq_rep_3": 0.031252403476388246,
            "total_rep_3": 0.04404104183109703,
            "list_seq_rep_3": [
                0.0505050505050505,
                0.13131313131313127,
                0.04040404040404044,
                0.07070707070707072,
                0.04040404040404044,
                0.015151515151515138,
                0.0,
                0.005050505050505083,
                0.015228426395939132,
                0.08585858585858586,
                0.02020202020202022,
                0.0,
                0.030303030303030276,
                0.0757575757575758,
                0.03535353535353536,
                0.0,
                0.05555555555555558,
                0.030303030303030276,
                0.0,
                0.010101010101010055,
                0.0,
                0.015151515151515138,
                0.010101010101010055,
                0.02020202020202022,
                0.005050505050505083,
                0.015151515151515138,
                0.08080808080808077,
                0.0505050505050505,
                0.010101010101010055,
                0.010101010101010055,
                0.06060606060606055,
                0.010101010101010055
            ]
        }
    },
    "metadata": {
        "detection_method": "kgw",
        "num_samples": 32,
        "ppl_model": "/mnt/lustrenew/mllm_safety-shared/models/huggingface/meta-llama/Meta-Llama-3.1-8B"
    }
}