{
    "detection_scores": {
        "vanilla_scores": [
            0.38250743933112885,
            0.21681740584472967,
            0.10358208597462179,
            0.10358208597462179,
            0.6392026174713024,
            0.7544485191610798,
            0.44583680479645454,
            0.6392026174713024,
            0.21681740584472967,
            0.8836160351862405,
            0.32242573363325705,
            0.8471148436929272,
            0.026491784932231744,
            0.029291323400813283,
            0.6991775254935335,
            0.9375246722719879,
            0.38250743933112885,
            0.38250743933112885,
            0.21681740584472967,
            0.44583680479645454,
            0.1351159725207279,
            0.05734712978019507,
            0.26687849628994026,
            0.5758957701145038,
            0.5758957701145038,
            0.5758957701145038,
            0.8471148436929272,
            0.44583680479645454,
            0.9136074600438041,
            0.8471148436929272,
            0.5108662874554788,
            0.1351159725207279
        ],
        "watermarked_scores": [
            6.1083709381796425e-28,
            2.5896200748330102e-39,
            4.448620871212126e-57,
            1.711047660696746e-31,
            4.810247106298303e-30,
            4.8871352226551435e-56,
            4.7142258136105125e-50,
            4.256772933855766e-49,
            3.3687372541179135e-59,
            5.3958948221818666e-14,
            4.556155737577618e-36,
            1.0119042559603408e-42,
            1.1373502558397022e-37,
            2.3002108398294445e-22,
            5.403829695606577e-54,
            4.256772933855766e-49,
            1.1373502558397022e-37,
            2.6778610703480543e-46,
            5.0828097750534414e-51,
            1.1373502558397022e-37,
            3.7434255435132964e-48,
            1.1373502558397022e-37,
            1.3395210011940047e-43,
            3.7434255435132964e-48,
            3.7434255435132964e-48,
            1.0772534812365856e-58,
            2.179690300748062e-45,
            5.5809499869590474e-33,
            5.369211233986705e-41,
            1.3395210011940047e-43,
            1.3169763375236824e-37,
            4.7142258136105125e-50
        ],
        "mean_vanilla_score": 0.4550622847162843,
        "mean_watermarked_score": 1.6862171391200114e-15,
        "median_watermarked_score": 1.3395210011940047e-43,
        "median_vanilla_score": 0.44583680479645454
    },
    "perplexity_metrics": {
        "vanilla": {
            "mean_perplexity": 6.782928466796875,
            "median_perplexity": 6.064453125,
            "perplexities": [
                4.73828125,
                4.59375,
                5.80078125,
                4.24609375,
                5.1640625,
                10.2421875,
                4.98828125,
                12.109375,
                9.8046875,
                4.93359375,
                8.3046875,
                10.8359375,
                3.76953125,
                2.05078125,
                7.94140625,
                9.75,
                10.6640625,
                5.94921875,
                7.4453125,
                5.59765625,
                8.40625,
                4.90234375,
                6.40625,
                5.40234375,
                6.1796875,
                8.1953125,
                2.181640625,
                4.6640625,
                7.7578125,
                13.9140625,
                1.6064453125,
                8.5078125
            ]
        },
        "watermarked": {
            "mean_perplexity": 46.34912109375,
            "median_perplexity": 44.9375,
            "perplexities": [
                27.40625,
                40.90625,
                56.5625,
                43.03125,
                28.109375,
                19.890625,
                13.671875,
                84.5625,
                46.25,
                20.25,
                25.046875,
                91.0625,
                67.6875,
                32.53125,
                61.625,
                51.375,
                40.71875,
                39.09375,
                50.78125,
                55.90625,
                43.625,
                48.0,
                24.75,
                55.25,
                77.625,
                25.4375,
                54.1875,
                23.578125,
                43.09375,
                57.65625,
                79.4375,
                54.0625
            ]
        }
    },
    "repetition_metrics": {
        "vanilla": {
            "median_seq_rep_3": 0.025252525252525304,
            "mean_seq_rep_3": 0.04577260549659028,
            "total_rep_3": 0.05698500394632988,
            "list_seq_rep_3": [
                0.04040404040404044,
                0.1262626262626263,
                0.16161616161616166,
                0.08080808080808077,
                0.0,
                0.005050505050505083,
                0.025252525252525304,
                0.0,
                0.025252525252525304,
                0.030303030303030276,
                0.005050505050505083,
                0.025252525252525304,
                0.015228426395939132,
                0.010101010101010055,
                0.02020202020202022,
                0.0,
                0.0,
                0.02020202020202022,
                0.025252525252525304,
                0.025252525252525304,
                0.005050505050505083,
                0.06060606060606055,
                0.005050505050505083,
                0.045454545454545414,
                0.010101010101010055,
                0.04040404040404044,
                0.297979797979798,
                0.10606060606060608,
                0.030303030303030276,
                0.0,
                0.21212121212121215,
                0.010101010101010055
            ]
        },
        "watermarked": {
            "median_seq_rep_3": 0.03282828282828282,
            "mean_seq_rep_3": 0.049313874526891205,
            "total_rep_3": 0.06933038534428304,
            "list_seq_rep_3": [
                0.04040404040404044,
                0.06060606060606055,
                0.025252525252525304,
                0.09090909090909094,
                0.045454545454545414,
                0.0757575757575758,
                0.19191919191919193,
                0.0,
                0.05555555555555558,
                0.13131313131313127,
                0.04040404040404044,
                0.0,
                0.010101010101010055,
                0.1624365482233503,
                0.010101010101010055,
                0.03535353535353536,
                0.02020202020202022,
                0.030303030303030276,
                0.02020202020202022,
                0.005050505050505083,
                0.0,
                0.045454545454545414,
                0.010101010101010055,
                0.07070707070707072,
                0.010101010101010055,
                0.10659898477157359,
                0.015151515151515138,
                0.13636363636363635,
                0.005050505050505083,
                0.015151515151515138,
                0.09183673469387754,
                0.02020202020202022
            ]
        }
    },
    "metadata": {
        "detection_method": "kgw",
        "num_samples": 32,
        "ppl_model": "/mnt/lustrenew/mllm_safety-shared/models/huggingface/meta-llama/Meta-Llama-3.1-8B"
    }
}