{
    "detection_scores": {
        "vanilla_scores": [
            0.38250743933112885,
            0.21681740584472967,
            0.10358208597462179,
            0.10358208597462179,
            0.6392026174713024,
            0.7544485191610798,
            0.44583680479645454,
            0.6392026174713024,
            0.21681740584472967,
            0.8836160351862405,
            0.32242573363325705,
            0.8471148436929272,
            0.026491784932231744,
            0.029291323400813283,
            0.6991775254935335,
            0.9375246722719879,
            0.38250743933112885,
            0.38250743933112885,
            0.21681740584472967,
            0.44583680479645454,
            0.1351159725207279,
            0.05734712978019507,
            0.26687849628994026,
            0.5758957701145038,
            0.5758957701145038,
            0.5758957701145038,
            0.8471148436929272,
            0.44583680479645454,
            0.9136074600438041,
            0.8471148436929272,
            0.5108662874554788,
            0.1351159725207279
        ],
        "watermarked_scores": [
            1.332115231257131e-12,
            1.2338456690107672e-18,
            5.593652455987735e-24,
            0.05734712978019507,
            4.004543805359876e-07,
            2.5896200748330102e-39,
            5.694866599381179e-16,
            2.380248302952419e-23,
            6.91125165250654e-09,
            2.7542100548833858e-11,
            1.2338456690107672e-18,
            4.378957471467549e-18,
            8.380496965030422e-08,
            1.7814755217536783e-14,
            1.6196290272301364e-08,
            5.694866599381179e-16,
            1.1840025978243055e-15,
            2.380248302952419e-23,
            4.05422848158939e-22,
            2.7542100548833858e-11,
            1.6230374204039128e-21,
            4.768531402796335e-10,
            5.3958948221818666e-14,
            9.226282199829347e-20,
            2.448289219524794e-20,
            6.417595140328996e-26,
            7.193361071692652e-06,
            3.40789231276129e-19,
            5.3958948221818666e-14,
            1.711047660696746e-31,
            0.0002992415380524399,
            1.7814755217536783e-14
        ],
        "mean_vanilla_score": 0.4550622847162843,
        "mean_watermarked_score": 0.0018016897681133331,
        "median_watermarked_score": 8.767446288812117e-16,
        "median_vanilla_score": 0.44583680479645454
    },
    "perplexity_metrics": {
        "vanilla": {
            "mean_perplexity": 6.782928466796875,
            "median_perplexity": 6.064453125,
            "perplexities": [
                4.73828125,
                4.59375,
                5.80078125,
                4.24609375,
                5.1640625,
                10.2421875,
                4.98828125,
                12.109375,
                9.8046875,
                4.93359375,
                8.3046875,
                10.8359375,
                3.76953125,
                2.05078125,
                7.94140625,
                9.75,
                10.6640625,
                5.94921875,
                7.4453125,
                5.59765625,
                8.40625,
                4.90234375,
                6.40625,
                5.40234375,
                6.1796875,
                8.1953125,
                2.181640625,
                4.6640625,
                7.7578125,
                13.9140625,
                1.6064453125,
                8.5078125
            ]
        },
        "watermarked": {
            "mean_perplexity": 21.303985595703125,
            "median_perplexity": 20.4921875,
            "perplexities": [
                19.703125,
                26.5625,
                6.28515625,
                7.23046875,
                18.828125,
                21.171875,
                9.734375,
                29.515625,
                21.015625,
                13.8046875,
                24.234375,
                24.5625,
                10.8125,
                9.4296875,
                34.71875,
                22.28125,
                19.578125,
                16.453125,
                13.5078125,
                19.5,
                14.6640625,
                12.015625,
                30.5625,
                52.09375,
                26.609375,
                34.625,
                29.0,
                37.09375,
                25.890625,
                1.8369140625,
                28.4375,
                19.96875
            ]
        }
    },
    "repetition_metrics": {
        "vanilla": {
            "median_seq_rep_3": 0.025252525252525304,
            "mean_seq_rep_3": 0.04577260549659028,
            "total_rep_3": 0.05698500394632988,
            "list_seq_rep_3": [
                0.04040404040404044,
                0.1262626262626263,
                0.16161616161616166,
                0.08080808080808077,
                0.0,
                0.005050505050505083,
                0.025252525252525304,
                0.0,
                0.025252525252525304,
                0.030303030303030276,
                0.005050505050505083,
                0.025252525252525304,
                0.015228426395939132,
                0.010101010101010055,
                0.02020202020202022,
                0.0,
                0.0,
                0.02020202020202022,
                0.025252525252525304,
                0.025252525252525304,
                0.005050505050505083,
                0.06060606060606055,
                0.005050505050505083,
                0.045454545454545414,
                0.010101010101010055,
                0.04040404040404044,
                0.297979797979798,
                0.10606060606060608,
                0.030303030303030276,
                0.0,
                0.21212121212121215,
                0.010101010101010055
            ]
        },
        "watermarked": {
            "median_seq_rep_3": 0.025252525252525304,
            "mean_seq_rep_3": 0.06581599625698611,
            "total_rep_3": 0.07892659826361481,
            "list_seq_rep_3": [
                0.025252525252525304,
                0.04040404040404044,
                0.2272727272727273,
                0.28787878787878785,
                0.010101010101010055,
                0.045454545454545414,
                0.05555555555555558,
                0.005050505050505083,
                0.101010101010101,
                0.07070707070707072,
                0.015151515151515138,
                0.010101010101010055,
                0.02020202020202022,
                0.025252525252525304,
                0.030303030303030276,
                0.005050505050505083,
                0.010152284263959421,
                0.04040404040404044,
                0.015151515151515138,
                0.030303030303030276,
                0.005050505050505083,
                0.03535353535353536,
                0.015151515151515138,
                0.025252525252525304,
                0.005050505050505083,
                0.0,
                0.030303030303030276,
                0.04040404040404044,
                0.005050505050505083,
                0.8282828282828283,
                0.015151515151515138,
                0.030303030303030276
            ]
        }
    },
    "metadata": {
        "detection_method": "kgw",
        "num_samples": 32,
        "ppl_model": "/mnt/lustrenew/mllm_safety-shared/models/huggingface/meta-llama/Meta-Llama-3.1-8B"
    }
}