{"train_loss":0.16949976366460323,"_timestamp":1.756440887506723e+09,"_step":5000,"_wandb":{"runtime":15264},"train/grad_norm":0.9942289590835571,"train/global_step":5000,"train/loss":0.1299,"train_steps_per_second":0.329,"train/learning_rate":4.3864844311847235e-11,"train/epoch":1,"train_runtime":15194.4978,"total_flos":4.6110257184768e+17,"_runtime":15193.412859018,"train_samples_per_second":21.06}