{
    "detection_scores": {
        "vanilla_scores": [
            0.38250743933112885,
            0.21681740584472967,
            0.10358208597462179,
            0.10358208597462179,
            0.6392026174713024,
            0.7544485191610798,
            0.44583680479645454,
            0.6392026174713024,
            0.21681740584472967,
            0.8836160351862405,
            0.32242573363325705,
            0.8471148436929272,
            0.026491784932231744,
            0.029291323400813283,
            0.6991775254935335,
            0.9375246722719879,
            0.38250743933112885,
            0.38250743933112885,
            0.21681740584472967,
            0.44583680479645454,
            0.1351159725207279,
            0.05734712978019507,
            0.26687849628994026,
            0.5758957701145038,
            0.5758957701145038,
            0.5758957701145038,
            0.8471148436929272,
            0.44583680479645454,
            0.9136074600438041,
            0.8471148436929272,
            0.5108662874554788,
            0.1351159725207279
        ],
        "watermarked_scores": [
            4.378957471467549e-18,
            1.6230374204039128e-21,
            1.2413159516351698e-28,
            3.40789231276129e-19,
            1.2338456690107672e-18,
            1.7362110680478014e-38,
            5.593652455987735e-24,
            7.462211555594298e-35,
            1.711047660696746e-31,
            4.378957471467549e-18,
            1.3887540736433585e-26,
            9.170461555778119e-31,
            1.7373044104054395e-16,
            0.0005188340346265688,
            1.0119042559603408e-42,
            6.367535581220604e-21,
            5.593652455987735e-24,
            1.3887540736433585e-26,
            5.593652455987735e-24,
            3.40789231276129e-19,
            2.380248302952419e-23,
            2.904737994041419e-25,
            7.267101730688786e-11,
            7.46031146955063e-42,
            1.757850121653677e-22,
            1.711047660696746e-31,
            1.332115231257131e-12,
            5.1959296764365686e-17,
            6.367535581220604e-21,
            6.417595140328996e-26,
            9.923906683417619e-23,
            2.904737994041419e-25
        ],
        "mean_vanilla_score": 0.4550622847162843,
        "mean_watermarked_score": 1.6213565894685555e-05,
        "median_watermarked_score": 0.44583680479645454,
        "median_vanilla_score": 1.4698067742755962e-23
    },
    "perplexity_metrics": {
        "vanilla": {
            "mean_perplexity": 6.782928466796875,
            "median_perplexity": 6.064453125,
            "perplexities": [
                4.73828125,
                4.59375,
                5.80078125,
                4.24609375,
                5.1640625,
                10.2421875,
                4.98828125,
                12.109375,
                9.8046875,
                4.93359375,
                8.3046875,
                10.8359375,
                3.76953125,
                2.05078125,
                7.94140625,
                9.75,
                10.6640625,
                5.94921875,
                7.4453125,
                5.59765625,
                8.40625,
                4.90234375,
                6.40625,
                5.40234375,
                6.1796875,
                8.1953125,
                2.181640625,
                4.6640625,
                7.7578125,
                13.9140625,
                1.6064453125,
                8.5078125
            ]
        },
        "watermarked": {
            "mean_perplexity": 18.543701171875,
            "median_perplexity": 16.375,
            "perplexities": [
                13.1953125,
                13.5625,
                25.390625,
                7.8828125,
                13.0703125,
                13.9375,
                17.015625,
                25.09375,
                16.296875,
                5.0234375,
                15.015625,
                24.609375,
                8.703125,
                5.7109375,
                9.9453125,
                19.78125,
                30.265625,
                21.421875,
                10.859375,
                16.453125,
                17.453125,
                10.7265625,
                11.5078125,
                42.59375,
                18.1875,
                16.515625,
                9.75,
                12.8203125,
                26.71875,
                72.625,
                19.5,
                21.765625
            ]
        }
    },
    "repetition_metrics": {
        "vanilla": {
            "median_seq_rep_3": 0.025252525252525304,
            "mean_seq_rep_3": 0.04577260549659028,
            "total_rep_3": 0.05698500394632988,
            "list_seq_rep_3": [
                0.04040404040404044,
                0.1262626262626263,
                0.16161616161616166,
                0.08080808080808077,
                0.0,
                0.005050505050505083,
                0.025252525252525304,
                0.0,
                0.025252525252525304,
                0.030303030303030276,
                0.005050505050505083,
                0.025252525252525304,
                0.015228426395939132,
                0.010101010101010055,
                0.02020202020202022,
                0.0,
                0.0,
                0.02020202020202022,
                0.025252525252525304,
                0.025252525252525304,
                0.005050505050505083,
                0.06060606060606055,
                0.005050505050505083,
                0.045454545454545414,
                0.010101010101010055,
                0.04040404040404044,
                0.297979797979798,
                0.10606060606060608,
                0.030303030303030276,
                0.0,
                0.21212121212121215,
                0.010101010101010055
            ]
        },
        "watermarked": {
            "median_seq_rep_3": 0.030303030303030276,
            "mean_seq_rep_3": 0.06313294765629408,
            "total_rep_3": 0.08207070707070707,
            "list_seq_rep_3": [
                0.045454545454545414,
                0.09090909090909094,
                0.06565656565656564,
                0.1767676767676768,
                0.005050505050505083,
                0.1515151515151515,
                0.005050505050505083,
                0.030456852791878153,
                0.030303030303030276,
                0.43434343434343436,
                0.010101010101010055,
                0.015151515151515138,
                0.015151515151515138,
                0.07070707070707072,
                0.28787878787878785,
                0.015151515151515138,
                0.015151515151515138,
                0.04040404040404044,
                0.025252525252525304,
                0.045454545454545414,
                0.010101010101010055,
                0.030303030303030276,
                0.02020202020202022,
                0.08585858585858586,
                0.02010050251256279,
                0.06565656565656564,
                0.005050505050505083,
                0.12121212121212122,
                0.030303030303030276,
                0.015151515151515138,
                0.03535353535353536,
                0.005050505050505083
            ]
        }
    },
    "metadata": {
        "detection_method": "kgw",
        "num_samples": 32,
        "ppl_model": "/mnt/lustrenew/mllm_safety-shared/models/huggingface/meta-llama/Meta-Llama-3.1-8B"
    }
}