{
    "detection_scores": {
        "vanilla_scores": [
            0.38250743933112885,
            0.21681740584472967,
            0.10358208597462179,
            0.10358208597462179,
            0.6392026174713024,
            0.7544485191610798,
            0.44583680479645454,
            0.6392026174713024,
            0.21681740584472967,
            0.8836160351862405,
            0.32242573363325705,
            0.8471148436929272,
            0.026491784932231744,
            0.029291323400813283,
            0.6991775254935335,
            0.9375246722719879,
            0.38250743933112885,
            0.38250743933112885,
            0.21681740584472967,
            0.44583680479645454,
            0.1351159725207279,
            0.05734712978019507,
            0.26687849628994026,
            0.5758957701145038,
            0.5758957701145038,
            0.5758957701145038,
            0.8471148436929272,
            0.44583680479645454,
            0.9136074600438041,
            0.8471148436929272,
            0.5108662874554788,
            0.1351159725207279
        ],
        "watermarked_scores": [
            4.556155737577618e-36,
            3.3687372541179135e-59,
            5.333330207674378e-52,
            5.5809499869590474e-33,
            1.2413159516351698e-28,
            5.4518558682253655e-77,
            3.1240755536899586e-32,
            2.1017950917776174e-31,
            7.46031146955063e-42,
            5.213676766424362e-55,
            9.170461555778119e-31,
            5.0828097750534414e-51,
            9.226282199829347e-20,
            9.170461555778119e-31,
            2.6778610703480543e-46,
            2.6778610703480543e-46,
            3.207189137152643e-47,
            5.333330207674378e-52,
            2.179690300748062e-45,
            4.05422848158939e-22,
            7.46031146955063e-42,
            1.7362110680478014e-38,
            3.728936664045115e-12,
            1.2878606109634313e-24,
            1.757712950570242e-62,
            4.556155737577618e-36,
            4.810247106298303e-30,
            2.891292403323301e-09,
            5.1959296764365686e-17,
            1.3887540736433585e-26,
            9.753438626106413e-34,
            2.5896200748330102e-39
        ],
        "mean_vanilla_score": 0.4550622847162843,
        "mean_watermarked_score": 9.04694185012285e-11,
        "median_watermarked_score": 4.556155737577618e-36,
        "median_vanilla_score": 0.44583680479645454
    },
    "perplexity_metrics": {
        "vanilla": {
            "mean_perplexity": 6.782928466796875,
            "median_perplexity": 6.064453125,
            "perplexities": [
                4.73828125,
                4.59375,
                5.80078125,
                4.24609375,
                5.1640625,
                10.2421875,
                4.98828125,
                12.109375,
                9.8046875,
                4.93359375,
                8.3046875,
                10.8359375,
                3.76953125,
                2.05078125,
                7.94140625,
                9.75,
                10.6640625,
                5.94921875,
                7.4453125,
                5.59765625,
                8.40625,
                4.90234375,
                6.40625,
                5.40234375,
                6.1796875,
                8.1953125,
                2.181640625,
                4.6640625,
                7.7578125,
                13.9140625,
                1.6064453125,
                8.5078125
            ]
        },
        "watermarked": {
            "mean_perplexity": 33.3011474609375,
            "median_perplexity": 28.7734375,
            "perplexities": [
                28.9375,
                4.60546875,
                1.998046875,
                8.7734375,
                21.21875,
                13.6953125,
                27.890625,
                28.609375,
                68.1875,
                5.08203125,
                34.03125,
                52.09375,
                10.984375,
                35.3125,
                27.140625,
                55.25,
                49.3125,
                40.34375,
                22.796875,
                36.65625,
                35.3125,
                63.59375,
                22.0625,
                22.796875,
                28.609375,
                54.8125,
                17.34375,
                1.966796875,
                49.90625,
                70.125,
                84.5625,
                41.625
            ]
        }
    },
    "repetition_metrics": {
        "vanilla": {
            "median_seq_rep_3": 0.025252525252525304,
            "mean_seq_rep_3": 0.04577260549659028,
            "total_rep_3": 0.05698500394632988,
            "list_seq_rep_3": [
                0.04040404040404044,
                0.1262626262626263,
                0.16161616161616166,
                0.08080808080808077,
                0.0,
                0.005050505050505083,
                0.025252525252525304,
                0.0,
                0.025252525252525304,
                0.030303030303030276,
                0.005050505050505083,
                0.025252525252525304,
                0.015228426395939132,
                0.010101010101010055,
                0.02020202020202022,
                0.0,
                0.0,
                0.02020202020202022,
                0.025252525252525304,
                0.025252525252525304,
                0.005050505050505083,
                0.06060606060606055,
                0.005050505050505083,
                0.045454545454545414,
                0.010101010101010055,
                0.04040404040404044,
                0.297979797979798,
                0.10606060606060608,
                0.030303030303030276,
                0.0,
                0.21212121212121215,
                0.010101010101010055
            ]
        },
        "watermarked": {
            "median_seq_rep_3": 0.04545454545454547,
            "mean_seq_rep_3": 0.14348684549577406,
            "total_rep_3": 0.16324597410798858,
            "list_seq_rep_3": [
                0.0757575757575758,
                0.505050505050505,
                0.803030303030303,
                0.43939393939393945,
                0.04040404040404044,
                0.31818181818181823,
                0.010101010101010055,
                0.06632653061224492,
                0.030303030303030276,
                0.5858585858585859,
                0.015151515151515138,
                0.025252525252525304,
                0.09595959595959591,
                0.005050505050505083,
                0.1262626262626263,
                0.05555555555555558,
                0.030303030303030276,
                0.05555555555555558,
                0.0505050505050505,
                0.0,
                0.06565656565656564,
                0.04040404040404044,
                0.025252525252525304,
                0.15656565656565657,
                0.05555555555555558,
                0.005050505050505083,
                0.025252525252525304,
                0.7878787878787878,
                0.03535353535353536,
                0.005050505050505083,
                0.04040404040404044,
                0.015151515151515138
            ]
        }
    },
    "metadata": {
        "detection_method": "kgw",
        "num_samples": 32,
        "ppl_model": "/mnt/lustrenew/mllm_safety-shared/models/huggingface/meta-llama/Meta-Llama-3.1-8B"
    }
}