{
    "detection_scores": {
        "vanilla_scores": [
            0.38250743933112885,
            0.21681740584472967,
            0.10358208597462179,
            0.10358208597462179,
            0.6392026174713024,
            0.7544485191610798,
            0.44583680479645454,
            0.6392026174713024,
            0.21681740584472967,
            0.8836160351862405,
            0.32242573363325705,
            0.8471148436929272,
            0.026491784932231744,
            0.029291323400813283,
            0.6991775254935335,
            0.9375246722719879,
            0.38250743933112885,
            0.38250743933112885,
            0.21681740584472967,
            0.44583680479645454,
            0.1351159725207279,
            0.05734712978019507,
            0.26687849628994026,
            0.5758957701145038,
            0.5758957701145038,
            0.5758957701145038,
            0.8471148436929272,
            0.44583680479645454,
            0.9136074600438041,
            0.8471148436929272,
            0.5108662874554788,
            0.1351159725207279
        ],
        "watermarked_scores": [
            5.0819502902761e-05,
            6.91125165250654e-09,
            2.891292403323301e-09,
            0.0038229784327127665,
            0.0008814169940861691,
            9.226282199829347e-20,
            8.495616097290753e-07,
            1.6196290272301364e-08,
            1.6196290272301364e-08,
            0.005984616771209155,
            2.7024904108606995e-05,
            1.185855146094052e-09,
            0.0023926406266429954,
            8.495616097290753e-07,
            6.91125165250654e-09,
            1.6196290272301364e-08,
            0.029291323400813283,
            1.523466595091507e-17,
            5.0819502902761e-05,
            1.850289616547429e-07,
            0.00016911265119370079,
            0.00016911265119370079,
            0.0038229784327127665,
            0.0002992415380524399,
            1.6024434745223355e-13,
            9.364978073223926e-05,
            4.004543805359876e-07,
            8.380496965030422e-08,
            0.07784753488527126,
            4.004543805359876e-07,
            9.364978073223926e-05,
            1.0234594838755463e-11
        ],
        "mean_vanilla_score": 0.4550622847162843,
        "mean_watermarked_score": 0.0039062423506279753,
        "median_watermarked_score": 8.495616097290753e-07,
        "median_vanilla_score": 0.44583680479645454
    },
    "perplexity_metrics": {
        "vanilla": {
            "mean_perplexity": 6.782928466796875,
            "median_perplexity": 6.064453125,
            "perplexities": [
                4.73828125,
                4.59375,
                5.80078125,
                4.24609375,
                5.1640625,
                10.2421875,
                4.98828125,
                12.109375,
                9.8046875,
                4.93359375,
                8.3046875,
                10.8359375,
                3.76953125,
                2.05078125,
                7.94140625,
                9.75,
                10.6640625,
                5.94921875,
                7.4453125,
                5.59765625,
                8.40625,
                4.90234375,
                6.40625,
                5.40234375,
                6.1796875,
                8.1953125,
                2.181640625,
                4.6640625,
                7.7578125,
                13.9140625,
                1.6064453125,
                8.5078125
            ]
        },
        "watermarked": {
            "mean_perplexity": 8.80303955078125,
            "median_perplexity": 8.125,
            "perplexities": [
                8.0390625,
                9.4296875,
                8.2578125,
                6.14453125,
                5.11328125,
                12.546875,
                8.2734375,
                7.5625,
                9.9609375,
                8.0859375,
                12.0390625,
                14.578125,
                5.23046875,
                4.484375,
                7.4765625,
                11.3125,
                7.359375,
                10.6640625,
                7.28125,
                7.296875,
                11.875,
                7.66796875,
                3.134765625,
                9.640625,
                9.8046875,
                12.5703125,
                8.1640625,
                4.55859375,
                7.2890625,
                16.953125,
                5.28515625,
                13.6171875
            ]
        }
    },
    "repetition_metrics": {
        "vanilla": {
            "median_seq_rep_3": 0.025252525252525304,
            "mean_seq_rep_3": 0.04577260549659028,
            "total_rep_3": 0.05698500394632988,
            "list_seq_rep_3": [
                0.04040404040404044,
                0.1262626262626263,
                0.16161616161616166,
                0.08080808080808077,
                0.0,
                0.005050505050505083,
                0.025252525252525304,
                0.0,
                0.025252525252525304,
                0.030303030303030276,
                0.005050505050505083,
                0.025252525252525304,
                0.015228426395939132,
                0.010101010101010055,
                0.02020202020202022,
                0.0,
                0.0,
                0.02020202020202022,
                0.025252525252525304,
                0.025252525252525304,
                0.005050505050505083,
                0.06060606060606055,
                0.005050505050505083,
                0.045454545454545414,
                0.010101010101010055,
                0.04040404040404044,
                0.297979797979798,
                0.10606060606060608,
                0.030303030303030276,
                0.0,
                0.21212121212121215,
                0.010101010101010055
            ]
        },
        "watermarked": {
            "median_seq_rep_3": 0.03535353535353536,
            "mean_seq_rep_3": 0.047506313131313135,
            "total_rep_3": 0.058238636363636354,
            "list_seq_rep_3": [
                0.005050505050505083,
                0.06060606060606055,
                0.0505050505050505,
                0.06060606060606055,
                0.025252525252525304,
                0.03535353535353536,
                0.015151515151515138,
                0.23737373737373735,
                0.010101010101010055,
                0.02020202020202022,
                0.015151515151515138,
                0.02020202020202022,
                0.0757575757575758,
                0.18181818181818177,
                0.0505050505050505,
                0.03535353535353536,
                0.03535353535353536,
                0.07070707070707072,
                0.0505050505050505,
                0.0,
                0.02020202020202022,
                0.02020202020202022,
                0.1262626262626263,
                0.0505050505050505,
                0.005050505050505083,
                0.0,
                0.015151515151515138,
                0.045454545454545414,
                0.03535353535353536,
                0.0,
                0.12121212121212122,
                0.025252525252525304
            ]
        }
    },
    "metadata": {
        "detection_method": "kgw",
        "num_samples": 32,
        "ppl_model": "/mnt/lustrenew/mllm_safety-shared/models/huggingface/meta-llama/Meta-Llama-3.1-8B"
    }
}