{
    "detection_scores": {
        "vanilla_scores": [
            0.38250743933112885,
            0.21681740584472967,
            0.10358208597462179,
            0.10358208597462179,
            0.6392026174713024,
            0.7544485191610798,
            0.44583680479645454,
            0.6392026174713024,
            0.21681740584472967,
            0.8836160351862405,
            0.32242573363325705,
            0.8471148436929272,
            0.026491784932231744,
            0.029291323400813283,
            0.6991775254935335,
            0.9375246722719879,
            0.38250743933112885,
            0.38250743933112885,
            0.21681740584472967,
            0.44583680479645454,
            0.1351159725207279,
            0.05734712978019507,
            0.26687849628994026,
            0.5758957701145038,
            0.5758957701145038,
            0.5758957701145038,
            0.8471148436929272,
            0.44583680479645454,
            0.9136074600438041,
            0.8471148436929272,
            0.5108662874554788,
            0.1351159725207279
        ],
        "watermarked_scores": [
            1.174761542295389e-79,
            2.787241995807037e-35,
            1.757712950570242e-62,
            6.217243620583226e-29,
            9.753438626106413e-34,
            3.441010397938687e-67,
            1.6754594504594915e-52,
            2.7994120780485463e-60,
            3.904520940793803e-73,
            1.7663054982353688e-53,
            1.1798534124116248e-70,
            4.828851889163258e-96,
            5.213676766424362e-55,
            5.479652914233887e-20,
            1.174286597082013e-33,
            5.403829695606577e-54,
            6.923501491139553e-72,
            1.730111437829851e-44,
            7.46031146955063e-42,
            5.4440730842594115e-53,
            6.826461570384585e-66,
            2.6778610703480543e-46,
            1.143443252400515e-90,
            3.3687372541179135e-59,
            9.679756633112897e-65,
            5.333330207674378e-52,
            2.179690300748062e-45,
            3.207189137152643e-47,
            4.448620871212126e-57,
            3.3687372541179135e-59,
            1.8635009615838105e-61,
            2.5902526327760896e-78
        ],
        "mean_vanilla_score": 0.4550622847162843,
        "mean_watermarked_score": 1.7123915376410464e-21,
        "median_watermarked_score": 2.6290814875682416e-55,
        "median_vanilla_score": 0.44583680479645454
    },
    "perplexity_metrics": {
        "vanilla": {
            "mean_perplexity": 6.782928466796875,
            "median_perplexity": 6.064453125,
            "perplexities": [
                4.73828125,
                4.59375,
                5.80078125,
                4.24609375,
                5.1640625,
                10.2421875,
                4.98828125,
                12.109375,
                9.8046875,
                4.93359375,
                8.3046875,
                10.8359375,
                3.76953125,
                2.05078125,
                7.94140625,
                9.75,
                10.6640625,
                5.94921875,
                7.4453125,
                5.59765625,
                8.40625,
                4.90234375,
                6.40625,
                5.40234375,
                6.1796875,
                8.1953125,
                2.181640625,
                4.6640625,
                7.7578125,
                13.9140625,
                1.6064453125,
                8.5078125
            ]
        },
        "watermarked": {
            "mean_perplexity": 157.1519775390625,
            "median_perplexity": 171.0625,
            "perplexities": [
                13.3828125,
                193.625,
                63.34375,
                331.75,
                210.125,
                211.75,
                148.375,
                106.875,
                206.0,
                44.5625,
                212.625,
                8.9296875,
                266.75,
                377.5,
                79.4375,
                325.5,
                94.0,
                161.75,
                14.21875,
                180.375,
                22.140625,
                55.6875,
                7.53515625,
                181.125,
                234.375,
                304.5,
                181.125,
                215.125,
                82.625,
                161.125,
                239.0,
                93.625
            ]
        }
    },
    "repetition_metrics": {
        "vanilla": {
            "median_seq_rep_3": 0.025252525252525304,
            "mean_seq_rep_3": 0.04577260549659028,
            "total_rep_3": 0.05698500394632988,
            "list_seq_rep_3": [
                0.04040404040404044,
                0.1262626262626263,
                0.16161616161616166,
                0.08080808080808077,
                0.0,
                0.005050505050505083,
                0.025252525252525304,
                0.0,
                0.025252525252525304,
                0.030303030303030276,
                0.005050505050505083,
                0.025252525252525304,
                0.015228426395939132,
                0.010101010101010055,
                0.02020202020202022,
                0.0,
                0.0,
                0.02020202020202022,
                0.025252525252525304,
                0.025252525252525304,
                0.005050505050505083,
                0.06060606060606055,
                0.005050505050505083,
                0.045454545454545414,
                0.010101010101010055,
                0.04040404040404044,
                0.297979797979798,
                0.10606060606060608,
                0.030303030303030276,
                0.0,
                0.21212121212121215,
                0.010101010101010055
            ]
        },
        "watermarked": {
            "median_seq_rep_3": 0.12121212121212122,
            "mean_seq_rep_3": 0.1779048322867799,
            "total_rep_3": 0.20104314841156945,
            "list_seq_rep_3": [
                0.505050505050505,
                0.1767676767676768,
                0.14646464646464652,
                0.0,
                0.15656565656565657,
                0.0714285714285714,
                0.08629441624365486,
                0.20707070707070707,
                0.03535353535353536,
                0.31155778894472363,
                0.030303030303030276,
                0.6060606060606061,
                0.025252525252525304,
                0.005076142131979711,
                0.2142857142857143,
                0.0505050505050505,
                0.1717171717171717,
                0.11111111111111116,
                0.5101010101010102,
                0.11111111111111116,
                0.4696969696969697,
                0.24747474747474751,
                0.6598984771573604,
                0.0505050505050505,
                0.02020202020202022,
                0.04040404040404044,
                0.12121212121212122,
                0.02020202020202022,
                0.18686868686868685,
                0.12121212121212122,
                0.09693877551020413,
                0.1262626262626263
            ]
        }
    },
    "metadata": {
        "detection_method": "kgw",
        "num_samples": 32,
        "ppl_model": "/mnt/lustrenew/mllm_safety-shared/models/huggingface/meta-llama/Meta-Llama-3.1-8B"
    }
}