{
    "detection_scores": {
        "vanilla_scores": [
            0.38250743933112885,
            0.21681740584472967,
            0.10358208597462179,
            0.10358208597462179,
            0.6392026174713024,
            0.7544485191610798,
            0.44583680479645454,
            0.6392026174713024,
            0.21681740584472967,
            0.8836160351862405,
            0.32242573363325705,
            0.8471148436929272,
            0.026491784932231744,
            0.029291323400813283,
            0.6991775254935335,
            0.9375246722719879,
            0.38250743933112885,
            0.38250743933112885,
            0.21681740584472967,
            0.44583680479645454,
            0.1351159725207279,
            0.05734712978019507,
            0.26687849628994026,
            0.5758957701145038,
            0.5758957701145038,
            0.5758957701145038,
            0.8471148436929272,
            0.44583680479645454,
            0.9136074600438041,
            0.8471148436929272,
            0.5108662874554788,
            0.1351159725207279
        ],
        "watermarked_scores": [
            6.91125165250654e-09,
            1.0234594838755463e-11,
            4.378957471467549e-18,
            6.91125165250654e-09,
            3.7209798727626364e-08,
            4.810247106298303e-30,
            8.380496965030422e-08,
            9.263765223312772e-17,
            1.7814755217536783e-14,
            2.7542100548833858e-11,
            4.378957471467549e-18,
            1.8800047124413736e-10,
            3.1726900762179065e-13,
            0.0008814169940861691,
            2.7542100548833858e-11,
            1.7814755217536783e-14,
            1.185855146094052e-09,
            2.0466170056615923e-19,
            3.40789231276129e-19,
            1.6024434745223355e-13,
            5.3958948221818666e-14,
            9.364978073223926e-05,
            8.380496965030422e-08,
            1.185855146094052e-09,
            5.766690882776088e-15,
            1.7814755217536783e-14,
            4.665963805281391e-13,
            1.8800047124413736e-10,
            1.6230374204039128e-21,
            2.904737994041419e-25,
            0.0008814169940861691,
            4.768531402796335e-10
        ],
        "mean_vanilla_score": 0.4550622847162843,
        "mean_watermarked_score": 5.802205319020198e-05,
        "median_watermarked_score": 5.350595609641801e-12,
        "median_vanilla_score": 0.44583680479645454
    },
    "perplexity_metrics": {
        "vanilla": {
            "mean_perplexity": 6.782928466796875,
            "median_perplexity": 6.064453125,
            "perplexities": [
                4.73828125,
                4.59375,
                5.80078125,
                4.24609375,
                5.1640625,
                10.2421875,
                4.98828125,
                12.109375,
                9.8046875,
                4.93359375,
                8.3046875,
                10.8359375,
                3.76953125,
                2.05078125,
                7.94140625,
                9.75,
                10.6640625,
                5.94921875,
                7.4453125,
                5.59765625,
                8.40625,
                4.90234375,
                6.40625,
                5.40234375,
                6.1796875,
                8.1953125,
                2.181640625,
                4.6640625,
                7.7578125,
                13.9140625,
                1.6064453125,
                8.5078125
            ]
        },
        "watermarked": {
            "mean_perplexity": 13.86199951171875,
            "median_perplexity": 14.4375,
            "perplexities": [
                11.671875,
                12.5703125,
                15.1875,
                14.78125,
                13.015625,
                16.875,
                11.4921875,
                21.71875,
                15.1015625,
                3.810546875,
                11.3984375,
                18.6875,
                14.3515625,
                5.52734375,
                22.53125,
                15.765625,
                14.5234375,
                20.6875,
                11.78125,
                16.65625,
                9.375,
                10.0234375,
                13.5625,
                19.015625,
                16.484375,
                10.8359375,
                15.28125,
                6.7890625,
                10.1953125,
                19.78125,
                7.68359375,
                16.421875
            ]
        }
    },
    "repetition_metrics": {
        "vanilla": {
            "median_seq_rep_3": 0.025252525252525304,
            "mean_seq_rep_3": 0.04577260549659028,
            "total_rep_3": 0.05698500394632988,
            "list_seq_rep_3": [
                0.04040404040404044,
                0.1262626262626263,
                0.16161616161616166,
                0.08080808080808077,
                0.0,
                0.005050505050505083,
                0.025252525252525304,
                0.0,
                0.025252525252525304,
                0.030303030303030276,
                0.005050505050505083,
                0.025252525252525304,
                0.015228426395939132,
                0.010101010101010055,
                0.02020202020202022,
                0.0,
                0.0,
                0.02020202020202022,
                0.025252525252525304,
                0.025252525252525304,
                0.005050505050505083,
                0.06060606060606055,
                0.005050505050505083,
                0.045454545454545414,
                0.010101010101010055,
                0.04040404040404044,
                0.297979797979798,
                0.10606060606060608,
                0.030303030303030276,
                0.0,
                0.21212121212121215,
                0.010101010101010055
            ]
        },
        "watermarked": {
            "median_seq_rep_3": 0.03282828282828282,
            "mean_seq_rep_3": 0.056831049915133325,
            "total_rep_3": 0.07361769352290681,
            "list_seq_rep_3": [
                0.015151515151515138,
                0.0505050505050505,
                0.02020202020202022,
                0.030303030303030276,
                0.005050505050505083,
                0.03535353535353536,
                0.025252525252525304,
                0.005154639175257714,
                0.0,
                0.5303030303030303,
                0.045454545454545414,
                0.015151515151515138,
                0.02030456852791873,
                0.10606060606060608,
                0.02020202020202022,
                0.0,
                0.06565656565656564,
                0.040609137055837574,
                0.005050505050505083,
                0.010101010101010055,
                0.03535353535353536,
                0.07070707070707072,
                0.06565656565656564,
                0.025252525252525304,
                0.02020202020202022,
                0.015151515151515138,
                0.06060606060606055,
                0.05555555555555558,
                0.06565656565656564,
                0.09595959595959591,
                0.19696969696969702,
                0.06565656565656564
            ]
        }
    },
    "metadata": {
        "detection_method": "kgw",
        "num_samples": 32,
        "ppl_model": "/mnt/lustrenew/mllm_safety-shared/models/huggingface/meta-llama/Meta-Llama-3.1-8B"
    }
}