{
    "detection_scores": {
        "vanilla_scores": [
            0.38250743933112885,
            0.21681740584472967,
            0.10358208597462179,
            0.10358208597462179,
            0.6392026174713024,
            0.7544485191610798,
            0.44583680479645454,
            0.6392026174713024,
            0.21681740584472967,
            0.8836160351862405,
            0.32242573363325705,
            0.8471148436929272,
            0.026491784932231744,
            0.029291323400813283,
            0.6991775254935335,
            0.9375246722719879,
            0.38250743933112885,
            0.38250743933112885,
            0.21681740584472967,
            0.44583680479645454,
            0.1351159725207279,
            0.05734712978019507,
            0.26687849628994026,
            0.5758957701145038,
            0.5758957701145038,
            0.5758957701145038,
            0.8471148436929272,
            0.44583680479645454,
            0.9136074600438041,
            0.8471148436929272,
            0.5108662874554788,
            0.1351159725207279
        ],
        "watermarked_scores": [
            0.00016911265119370079,
            1.523466595091507e-17,
            2.380248302952419e-23,
            3.1240755536899586e-32,
            5.1959296764365686e-17,
            1.1373502558397022e-37,
            4.556155737577618e-36,
            2.469713844916831e-29,
            2.9432309769801617e-27,
            6.91125165250654e-09,
            2.448289219524794e-20,
            1.2878606109634313e-24,
            2.469713844916831e-29,
            4.665963805281391e-13,
            5.694866599381179e-16,
            2.380248302952419e-23,
            1.3887540736433585e-26,
            1.6672599345026213e-34,
            9.170461555778119e-31,
            3.40789231276129e-19,
            1.6230374204039128e-21,
            2.469713844916831e-29,
            9.226282199829347e-20,
            5.1959296764365686e-17,
            1.2338456690107672e-18,
            1.1373502558397022e-37,
            1.2338456690107672e-18,
            0.00016911265119370079,
            1.2338456690107672e-18,
            6.1083709381796425e-28,
            1.83019461498296e-15,
            5.593652455987735e-24
        ],
        "mean_vanilla_score": 0.4550622847162843,
        "mean_watermarked_score": 1.0569756690880422e-05,
        "median_watermarked_score": 8.2341995171671855e-22,
        "median_vanilla_score": 0.44583680479645454
    },
    "perplexity_metrics": {
        "vanilla": {
            "mean_perplexity": 6.782928466796875,
            "median_perplexity": 6.064453125,
            "perplexities": [
                4.73828125,
                4.59375,
                5.80078125,
                4.24609375,
                5.1640625,
                10.2421875,
                4.98828125,
                12.109375,
                9.8046875,
                4.93359375,
                8.3046875,
                10.8359375,
                3.76953125,
                2.05078125,
                7.94140625,
                9.75,
                10.6640625,
                5.94921875,
                7.4453125,
                5.59765625,
                8.40625,
                4.90234375,
                6.40625,
                5.40234375,
                6.1796875,
                8.1953125,
                2.181640625,
                4.6640625,
                7.7578125,
                13.9140625,
                1.6064453125,
                8.5078125
            ]
        },
        "watermarked": {
            "mean_perplexity": 31.824462890625,
            "median_perplexity": 27.9140625,
            "perplexities": [
                41.6875,
                18.828125,
                51.59375,
                18.359375,
                22.765625,
                36.21875,
                25.234375,
                39.71875,
                42.78125,
                13.75,
                23.953125,
                34.625,
                24.328125,
                11.046875,
                29.75,
                49.03125,
                19.171875,
                37.8125,
                22.28125,
                19.890625,
                28.21875,
                16.8125,
                23.484375,
                31.71875,
                61.875,
                47.71875,
                10.8984375,
                65.375,
                27.609375,
                55.46875,
                39.03125,
                27.34375
            ]
        }
    },
    "repetition_metrics": {
        "vanilla": {
            "median_seq_rep_3": 0.025252525252525304,
            "mean_seq_rep_3": 0.04577260549659028,
            "total_rep_3": 0.05698500394632988,
            "list_seq_rep_3": [
                0.04040404040404044,
                0.1262626262626263,
                0.16161616161616166,
                0.08080808080808077,
                0.0,
                0.005050505050505083,
                0.025252525252525304,
                0.0,
                0.025252525252525304,
                0.030303030303030276,
                0.005050505050505083,
                0.025252525252525304,
                0.015228426395939132,
                0.010101010101010055,
                0.02020202020202022,
                0.0,
                0.0,
                0.02020202020202022,
                0.025252525252525304,
                0.025252525252525304,
                0.005050505050505083,
                0.06060606060606055,
                0.005050505050505083,
                0.045454545454545414,
                0.010101010101010055,
                0.04040404040404044,
                0.297979797979798,
                0.10606060606060608,
                0.030303030303030276,
                0.0,
                0.21212121212121215,
                0.010101010101010055
            ]
        },
        "watermarked": {
            "median_seq_rep_3": 0.03535353535353536,
            "mean_seq_rep_3": 0.051767676767676775,
            "total_rep_3": 0.07196969696969702,
            "list_seq_rep_3": [
                0.010101010101010055,
                0.0505050505050505,
                0.005050505050505083,
                0.12121212121212122,
                0.005050505050505083,
                0.015151515151515138,
                0.0505050505050505,
                0.030303030303030276,
                0.010101010101010055,
                0.19696969696969702,
                0.005050505050505083,
                0.005050505050505083,
                0.12121212121212122,
                0.11111111111111116,
                0.1262626262626263,
                0.0,
                0.025252525252525304,
                0.0505050505050505,
                0.09595959595959591,
                0.02020202020202022,
                0.005050505050505083,
                0.08080808080808077,
                0.0757575757575758,
                0.0757575757575758,
                0.04040404040404044,
                0.10606060606060608,
                0.06565656565656564,
                0.11616161616161613,
                0.005050505050505083,
                0.0,
                0.02020202020202022,
                0.010101010101010055
            ]
        }
    },
    "metadata": {
        "detection_method": "kgw",
        "num_samples": 32,
        "ppl_model": "/mnt/lustrenew/mllm_safety-shared/models/huggingface/meta-llama/Meta-Llama-3.1-8B"
    }
}