{
    "detection_scores": {
        "vanilla_scores": [
            0.38250743933112885,
            0.21681740584472967,
            0.10358208597462179,
            0.10358208597462179,
            0.6392026174713024,
            0.7544485191610798,
            0.44583680479645454,
            0.6392026174713024,
            0.21681740584472967,
            0.8836160351862405,
            0.32242573363325705,
            0.8471148436929272,
            0.026491784932231744,
            0.029291323400813283,
            0.6991775254935335,
            0.9375246722719879,
            0.38250743933112885,
            0.38250743933112885,
            0.21681740584472967,
            0.44583680479645454,
            0.1351159725207279,
            0.05734712978019507,
            0.26687849628994026,
            0.5758957701145038,
            0.5758957701145038,
            0.5758957701145038,
            0.8471148436929272,
            0.44583680479645454,
            0.9136074600438041,
            0.8471148436929272,
            0.5108662874554788,
            0.1351159725207279
        ],
        "watermarked_scores": [
            6.1083709381796425e-28,
            1.2413159516351698e-28,
            3.773147184320832e-40,
            1.2338456690107672e-18,
            9.170461555778119e-31,
            1.0119042559603408e-42,
            2.469713844916831e-29,
            7.462211555594298e-35,
            9.170461555778119e-31,
            1.2338456690107672e-18,
            1.3887540736433585e-26,
            9.753438626106413e-34,
            4.378957471467549e-18,
            2.448289219524794e-20,
            1.2878606109634313e-24,
            4.05422848158939e-22,
            1.2205372530280166e-29,
            6.417595140328996e-26,
            2.9432309769801617e-27,
            5.694866599381179e-16,
            4.810247106298303e-30,
            1.3887540736433585e-26,
            1.2413159516351698e-28,
            6.417595140328996e-26,
            1.83019461498296e-15,
            1.0119042559603408e-42,
            1.6230374204039128e-21,
            4.05422848158939e-22,
            6.367535581220604e-21,
            1.6230374204039128e-21,
            1.2878606109634313e-24,
            5.3958948221818666e-14
        ],
        "mean_vanilla_score": 0.4550622847162843,
        "mean_watermarked_score": 1.7614222204885387e-15,
        "median_watermarked_score": 3.903174606986177e-26,
        "median_vanilla_score": 0.44583680479645454
    },
    "perplexity_metrics": {
        "vanilla": {
            "mean_perplexity": 6.782928466796875,
            "median_perplexity": 6.064453125,
            "perplexities": [
                4.73828125,
                4.59375,
                5.80078125,
                4.24609375,
                5.1640625,
                10.2421875,
                4.98828125,
                12.109375,
                9.8046875,
                4.93359375,
                8.3046875,
                10.8359375,
                3.76953125,
                2.05078125,
                7.94140625,
                9.75,
                10.6640625,
                5.94921875,
                7.4453125,
                5.59765625,
                8.40625,
                4.90234375,
                6.40625,
                5.40234375,
                6.1796875,
                8.1953125,
                2.181640625,
                4.6640625,
                7.7578125,
                13.9140625,
                1.6064453125,
                8.5078125
            ]
        },
        "watermarked": {
            "mean_perplexity": 55.33740234375,
            "median_perplexity": 42.734375,
            "perplexities": [
                76.375,
                28.328125,
                20.796875,
                10.6640625,
                39.3125,
                27.609375,
                31.296875,
                46.15625,
                35.59375,
                69.3125,
                96.5625,
                59.71875,
                19.65625,
                30.15625,
                98.875,
                28.9375,
                81.9375,
                104.8125,
                20.84375,
                35.59375,
                62.59375,
                6.4375,
                65.875,
                36.15625,
                73.75,
                85.5625,
                28.21875,
                8.1015625,
                74.9375,
                158.625,
                88.25,
                119.75
            ]
        }
    },
    "repetition_metrics": {
        "vanilla": {
            "median_seq_rep_3": 0.025252525252525304,
            "mean_seq_rep_3": 0.04577260549659028,
            "total_rep_3": 0.05698500394632988,
            "list_seq_rep_3": [
                0.04040404040404044,
                0.1262626262626263,
                0.16161616161616166,
                0.08080808080808077,
                0.0,
                0.005050505050505083,
                0.025252525252525304,
                0.0,
                0.025252525252525304,
                0.030303030303030276,
                0.005050505050505083,
                0.025252525252525304,
                0.015228426395939132,
                0.010101010101010055,
                0.02020202020202022,
                0.0,
                0.0,
                0.02020202020202022,
                0.025252525252525304,
                0.025252525252525304,
                0.005050505050505083,
                0.06060606060606055,
                0.005050505050505083,
                0.045454545454545414,
                0.010101010101010055,
                0.04040404040404044,
                0.297979797979798,
                0.10606060606060608,
                0.030303030303030276,
                0.0,
                0.21212121212121215,
                0.010101010101010055
            ]
        },
        "watermarked": {
            "median_seq_rep_3": 0.025252525252525304,
            "mean_seq_rep_3": 0.06677498333589704,
            "total_rep_3": 0.08146510893590153,
            "list_seq_rep_3": [
                0.005050505050505083,
                0.025252525252525304,
                0.06060606060606055,
                0.3282828282828283,
                0.015151515151515138,
                0.11111111111111116,
                0.0,
                0.08629441624365486,
                0.005050505050505083,
                0.045454545454545414,
                0.0,
                0.03535353535353536,
                0.02020202020202022,
                0.005050505050505083,
                0.09595959595959591,
                0.015151515151515138,
                0.0,
                0.0,
                0.025252525252525304,
                0.015151515151515138,
                0.0,
                0.5353535353535354,
                0.045454545454545414,
                0.13131313131313127,
                0.030303030303030276,
                0.0,
                0.06060606060606055,
                0.3282828282828283,
                0.025252525252525304,
                0.030303030303030276,
                0.04040404040404044,
                0.015151515151515138
            ]
        }
    },
    "metadata": {
        "detection_method": "kgw",
        "num_samples": 32,
        "ppl_model": "/mnt/lustrenew/mllm_safety-shared/models/huggingface/meta-llama/Meta-Llama-3.1-8B"
    }
}