{
    "detection_scores": {
        "vanilla_scores": [
            0.38250743933112885,
            0.21681740584472967,
            0.10358208597462179,
            0.10358208597462179,
            0.6392026174713024,
            0.7544485191610798,
            0.44583680479645454,
            0.6392026174713024,
            0.21681740584472967,
            0.8836160351862405,
            0.32242573363325705,
            0.8471148436929272,
            0.026491784932231744,
            0.029291323400813283,
            0.6991775254935335,
            0.9375246722719879,
            0.38250743933112885,
            0.38250743933112885,
            0.21681740584472967,
            0.44583680479645454,
            0.1351159725207279,
            0.05734712978019507,
            0.26687849628994026,
            0.5758957701145038,
            0.5758957701145038,
            0.5758957701145038,
            0.8471148436929272,
            0.44583680479645454,
            0.9136074600438041,
            0.8471148436929272,
            0.5108662874554788,
            0.1351159725207279
        ],
        "watermarked_scores": [
            6.35897836238259e-45,
            1.3395210011940047e-43,
            5.213676766424362e-55,
            4.556155737577618e-36,
            1.0517215806183053e-63,
            4.648683044733669e-67,
            5.333330207674378e-52,
            0.0002707745400487398,
            1.326402664727969e-63,
            1.275954483116802e-48,
            4.4303762713320685e-34,
            1.0119042559603408e-42,
            1.0510905986210043e-86,
            1.6672599345026213e-34,
            4.256772933855766e-49,
            3.7434255435132964e-48,
            1.7666461197620142e-06,
            5.4440730842594115e-53,
            5.403829695606577e-54,
            6.29603751019397e-36,
            2.6778610703480543e-46,
            0.21681740584472967,
            1.6672599345026213e-34,
            7.048426279614111e-15,
            3.9304242475857884e-58,
            4.448620871212126e-57,
            5.333330207674378e-52,
            2.179690300748062e-45,
            5.213676766424362e-55,
            1.5207205219602647e-29,
            0.0023926406266429954,
            9.679756633112897e-65
        ],
        "mean_vanilla_score": 0.4550622847162843,
        "mean_watermarked_score": 0.006858830864298382,
        "median_watermarked_score": 1.3576476628915935e-46,
        "median_vanilla_score": 0.44583680479645454
    },
    "perplexity_metrics": {
        "vanilla": {
            "mean_perplexity": 6.782928466796875,
            "median_perplexity": 6.064453125,
            "perplexities": [
                4.73828125,
                4.59375,
                5.80078125,
                4.24609375,
                5.1640625,
                10.2421875,
                4.98828125,
                12.109375,
                9.8046875,
                4.93359375,
                8.3046875,
                10.8359375,
                3.76953125,
                2.05078125,
                7.94140625,
                9.75,
                10.6640625,
                5.94921875,
                7.4453125,
                5.59765625,
                8.40625,
                4.90234375,
                6.40625,
                5.40234375,
                6.1796875,
                8.1953125,
                2.181640625,
                4.6640625,
                7.7578125,
                13.9140625,
                1.6064453125,
                8.5078125
            ]
        },
        "watermarked": {
            "mean_perplexity": 193.5418701171875,
            "median_perplexity": 195.125,
            "perplexities": [
                195.125,
                49.21875,
                448.25,
                163.0,
                267.75,
                137.25,
                232.625,
                33.84375,
                229.875,
                143.875,
                229.0,
                520.0,
                14.5234375,
                526.0,
                146.125,
                221.875,
                2.40234375,
                256.5,
                163.625,
                205.25,
                240.875,
                8.2890625,
                124.0,
                374.5,
                209.25,
                136.75,
                237.125,
                173.5,
                85.875,
                195.125,
                24.5625,
                197.375
            ]
        }
    },
    "repetition_metrics": {
        "vanilla": {
            "median_seq_rep_3": 0.025252525252525304,
            "mean_seq_rep_3": 0.04577260549659028,
            "total_rep_3": 0.05698500394632988,
            "list_seq_rep_3": [
                0.04040404040404044,
                0.1262626262626263,
                0.16161616161616166,
                0.08080808080808077,
                0.0,
                0.005050505050505083,
                0.025252525252525304,
                0.0,
                0.025252525252525304,
                0.030303030303030276,
                0.005050505050505083,
                0.025252525252525304,
                0.015228426395939132,
                0.010101010101010055,
                0.02020202020202022,
                0.0,
                0.0,
                0.02020202020202022,
                0.025252525252525304,
                0.025252525252525304,
                0.005050505050505083,
                0.06060606060606055,
                0.005050505050505083,
                0.045454545454545414,
                0.010101010101010055,
                0.04040404040404044,
                0.297979797979798,
                0.10606060606060608,
                0.030303030303030276,
                0.0,
                0.21212121212121215,
                0.010101010101010055
            ]
        },
        "watermarked": {
            "median_seq_rep_3": 0.09922299922299921,
            "mean_seq_rep_3": 0.17328268495493368,
            "total_rep_3": 0.2002912150137518,
            "list_seq_rep_3": [
                0.040609137055837574,
                0.2727272727272727,
                0.015151515151515138,
                0.06565656565656564,
                0.04591836734693877,
                0.12121212121212122,
                0.03535353535353536,
                0.4033149171270718,
                0.03535353535353536,
                0.20812182741116747,
                0.035532994923857864,
                0.015151515151515138,
                0.5757575757575757,
                0.010101010101010055,
                0.14141414141414144,
                0.09090909090909094,
                0.8838383838383839,
                0.12121212121212122,
                0.14141414141414144,
                0.03608247422680411,
                0.0757575757575758,
                0.6818181818181819,
                0.18686868686868685,
                0.04166666666666663,
                0.101010101010101,
                0.08585858585858586,
                0.101010101010101,
                0.13131313131313127,
                0.18686868686868685,
                0.09743589743589742,
                0.5151515151515151,
                0.045454545454545414
            ]
        }
    },
    "metadata": {
        "detection_method": "kgw",
        "num_samples": 32,
        "ppl_model": "/mnt/lustrenew/mllm_safety-shared/models/huggingface/meta-llama/Meta-Llama-3.1-8B"
    }
}