{
    "detection_scores": {
        "vanilla_scores": [
            0.38250743933112885,
            0.21681740584472967,
            0.10358208597462179,
            0.10358208597462179,
            0.6392026174713024,
            0.7544485191610798,
            0.44583680479645454,
            0.6392026174713024,
            0.21681740584472967,
            0.8836160351862405,
            0.32242573363325705,
            0.8471148436929272,
            0.026491784932231744,
            0.029291323400813283,
            0.6991775254935335,
            0.9375246722719879,
            0.38250743933112885,
            0.38250743933112885,
            0.21681740584472967,
            0.44583680479645454,
            0.1351159725207279,
            0.05734712978019507,
            0.26687849628994026,
            0.5758957701145038,
            0.5758957701145038,
            0.5758957701145038,
            0.8471148436929272,
            0.44583680479645454,
            0.9136074600438041,
            0.8471148436929272,
            0.5108662874554788,
            0.1351159725207279
        ],
        "watermarked_scores": [
            0.1351159725207279,
            0.013792325396823218,
            0.5108662874554788,
            0.029291323400813283,
            0.7544485191610798,
            0.013792325396823218,
            0.013792325396823218,
            0.05734712978019507,
            0.0038229784327127665,
            0.10358208597462179,
            0.26687849628994026,
            2.7024904108606995e-05,
            0.17282432636257503,
            0.38250743933112885,
            0.05734712978019507,
            0.009178679390778589,
            0.38250743933112885,
            0.16221293030657816,
            0.17282432636257503,
            0.05734712978019507,
            0.0414023702540248,
            0.32242573363325705,
            0.0008814169940861691,
            0.6392026174713024,
            0.013792325396823218,
            0.05734712978019507,
            0.6392026174713024,
            0.07784753488527126,
            0.8836160351862405,
            0.0014671279285978405,
            0.020305707993592128,
            0.1351159725207279
        ],
        "mean_vanilla_score": 0.4550622847162843,
        "mean_watermarked_score": 0.1916285245084601,
        "median_watermarked_score": 0.06759733233273316,
        "median_vanilla_score": 0.44583680479645454
    },
    "perplexity_metrics": {
        "vanilla": {
            "mean_perplexity": 6.782928466796875,
            "median_perplexity": 6.064453125,
            "perplexities": [
                4.73828125,
                4.59375,
                5.80078125,
                4.24609375,
                5.1640625,
                10.2421875,
                4.98828125,
                12.109375,
                9.8046875,
                4.93359375,
                8.3046875,
                10.8359375,
                3.76953125,
                2.05078125,
                7.94140625,
                9.75,
                10.6640625,
                5.94921875,
                7.4453125,
                5.59765625,
                8.40625,
                4.90234375,
                6.40625,
                5.40234375,
                6.1796875,
                8.1953125,
                2.181640625,
                4.6640625,
                7.7578125,
                13.9140625,
                1.6064453125,
                8.5078125
            ]
        },
        "watermarked": {
            "mean_perplexity": 7.663299560546875,
            "median_perplexity": 7.58203125,
            "perplexities": [
                9.125,
                4.42578125,
                8.65625,
                4.11328125,
                3.5703125,
                8.1015625,
                4.83984375,
                15.5234375,
                10.8125,
                6.7734375,
                10.7734375,
                13.8046875,
                4.93359375,
                1.8896484375,
                9.265625,
                7.30859375,
                7.8359375,
                7.140625,
                8.1953125,
                8.0703125,
                7.8046875,
                5.4765625,
                12.7421875,
                5.25390625,
                5.6484375,
                7.359375,
                9.3046875,
                4.2421875,
                5.34765625,
                15.1328125,
                1.71484375,
                10.0390625
            ]
        }
    },
    "repetition_metrics": {
        "vanilla": {
            "median_seq_rep_3": 0.025252525252525304,
            "mean_seq_rep_3": 0.04577260549659028,
            "total_rep_3": 0.05698500394632988,
            "list_seq_rep_3": [
                0.04040404040404044,
                0.1262626262626263,
                0.16161616161616166,
                0.08080808080808077,
                0.0,
                0.005050505050505083,
                0.025252525252525304,
                0.0,
                0.025252525252525304,
                0.030303030303030276,
                0.005050505050505083,
                0.025252525252525304,
                0.015228426395939132,
                0.010101010101010055,
                0.02020202020202022,
                0.0,
                0.0,
                0.02020202020202022,
                0.025252525252525304,
                0.025252525252525304,
                0.005050505050505083,
                0.06060606060606055,
                0.005050505050505083,
                0.045454545454545414,
                0.010101010101010055,
                0.04040404040404044,
                0.297979797979798,
                0.10606060606060608,
                0.030303030303030276,
                0.0,
                0.21212121212121215,
                0.010101010101010055
            ]
        },
        "watermarked": {
            "median_seq_rep_3": 0.025252525252525304,
            "mean_seq_rep_3": 0.033145541711531556,
            "total_rep_3": 0.041515390686661435,
            "list_seq_rep_3": [
                0.030303030303030276,
                0.09595959595959591,
                0.030303030303030276,
                0.06060606060606055,
                0.005050505050505083,
                0.010101010101010055,
                0.04040404040404044,
                0.010101010101010055,
                0.010101010101010055,
                0.02020202020202022,
                0.005050505050505083,
                0.010101010101010055,
                0.0,
                0.0505050505050505,
                0.02020202020202022,
                0.015151515151515138,
                0.025252525252525304,
                0.010152284263959421,
                0.0,
                0.025252525252525304,
                0.0,
                0.045454545454545414,
                0.015151515151515138,
                0.08585858585858586,
                0.04040404040404044,
                0.04040404040404044,
                0.03535353535353536,
                0.04040404040404044,
                0.04040404040404044,
                0.0,
                0.202020202020202,
                0.04040404040404044
            ]
        }
    },
    "metadata": {
        "detection_method": "kgw",
        "num_samples": 32,
        "ppl_model": "/mnt/lustrenew/mllm_safety-shared/models/huggingface/meta-llama/Meta-Llama-3.1-8B"
    }
}