{
    "detection_scores": {
        "vanilla_scores": [
            0.38250743933112885,
            0.21681740584472967,
            0.10358208597462179,
            0.10358208597462179,
            0.6392026174713024,
            0.7544485191610798,
            0.44583680479645454,
            0.6392026174713024,
            0.21681740584472967,
            0.8836160351862405,
            0.32242573363325705,
            0.8471148436929272,
            0.026491784932231744,
            0.029291323400813283,
            0.6991775254935335,
            0.9375246722719879,
            0.38250743933112885,
            0.38250743933112885,
            0.21681740584472967,
            0.44583680479645454,
            0.1351159725207279,
            0.05734712978019507,
            0.26687849628994026,
            0.5758957701145038,
            0.5758957701145038,
            0.5758957701145038,
            0.8471148436929272,
            0.44583680479645454,
            0.9136074600438041,
            0.8471148436929272,
            0.5108662874554788,
            0.1351159725207279
        ],
        "watermarked_scores": [
            5.1959296764365686e-17,
            2.9432309769801617e-27,
            2.179690300748062e-45,
            4.810247106298303e-30,
            2.787241995807037e-35,
            3.904520940793803e-73,
            7.46031146955063e-42,
            1.2708514354159979e-41,
            5.4440730842594115e-53,
            2.469713844916831e-29,
            5.4440730842594115e-53,
            5.0828097750534414e-51,
            3.7434255435132964e-48,
            4.556155737577618e-36,
            6.367535581220604e-21,
            1.2413159516351698e-28,
            1.6254420025388752e-54,
            3.207189137152643e-47,
            1.0119042559603408e-42,
            1.6672599345026213e-34,
            3.207189137152643e-47,
            1.7362110680478014e-38,
            1.730111437829851e-44,
            4.828851889163258e-96,
            8.205124727739097e-39,
            2.5896200748330102e-39,
            7.225491891861508e-43,
            1.730111437829851e-44,
            5.369211233986705e-41,
            9.679756633112897e-65,
            1.3395210011940047e-43,
            5.369211233986705e-41
        ],
        "mean_vanilla_score": 0.4550622847162843,
        "mean_watermarked_score": 1.6239270094701182e-18,
        "median_watermarked_score": 4.236107862755485e-42,
        "median_vanilla_score": 0.44583680479645454
    },
    "perplexity_metrics": {
        "vanilla": {
            "mean_perplexity": 6.782928466796875,
            "median_perplexity": 6.064453125,
            "perplexities": [
                4.73828125,
                4.59375,
                5.80078125,
                4.24609375,
                5.1640625,
                10.2421875,
                4.98828125,
                12.109375,
                9.8046875,
                4.93359375,
                8.3046875,
                10.8359375,
                3.76953125,
                2.05078125,
                7.94140625,
                9.75,
                10.6640625,
                5.94921875,
                7.4453125,
                5.59765625,
                8.40625,
                4.90234375,
                6.40625,
                5.40234375,
                6.1796875,
                8.1953125,
                2.181640625,
                4.6640625,
                7.7578125,
                13.9140625,
                1.6064453125,
                8.5078125
            ]
        },
        "watermarked": {
            "mean_perplexity": 44.679443359375,
            "median_perplexity": 41.25,
            "perplexities": [
                30.8125,
                35.75,
                48.46875,
                11.0703125,
                44.65625,
                22.84375,
                32.03125,
                61.15625,
                57.4375,
                41.28125,
                51.78125,
                57.4375,
                28.15625,
                100.8125,
                5.1796875,
                35.75,
                44.03125,
                72.0625,
                34.78125,
                41.21875,
                23.03125,
                35.1875,
                42.78125,
                5.7265625,
                46.875,
                57.4375,
                23.203125,
                122.5625,
                93.625,
                49.53125,
                34.4375,
                38.625
            ]
        }
    },
    "repetition_metrics": {
        "vanilla": {
            "median_seq_rep_3": 0.025252525252525304,
            "mean_seq_rep_3": 0.04577260549659028,
            "total_rep_3": 0.05698500394632988,
            "list_seq_rep_3": [
                0.04040404040404044,
                0.1262626262626263,
                0.16161616161616166,
                0.08080808080808077,
                0.0,
                0.005050505050505083,
                0.025252525252525304,
                0.0,
                0.025252525252525304,
                0.030303030303030276,
                0.005050505050505083,
                0.025252525252525304,
                0.015228426395939132,
                0.010101010101010055,
                0.02020202020202022,
                0.0,
                0.0,
                0.02020202020202022,
                0.025252525252525304,
                0.025252525252525304,
                0.005050505050505083,
                0.06060606060606055,
                0.005050505050505083,
                0.045454545454545414,
                0.010101010101010055,
                0.04040404040404044,
                0.297979797979798,
                0.10606060606060608,
                0.030303030303030276,
                0.0,
                0.21212121212121215,
                0.010101010101010055
            ]
        },
        "watermarked": {
            "median_seq_rep_3": 0.023378950798305653,
            "mean_seq_rep_3": 0.07575988008052251,
            "total_rep_3": 0.09928514694201751,
            "list_seq_rep_3": [
                0.0,
                0.0757575757575758,
                0.025252525252525304,
                0.1767676767676768,
                0.005050505050505083,
                0.03535353535353536,
                0.0,
                0.021505376344086002,
                0.1515151515151515,
                0.11111111111111116,
                0.0,
                0.02020202020202022,
                0.010101010101010055,
                0.010101010101010055,
                0.46464646464646464,
                0.015151515151515138,
                0.015228426395939132,
                0.04040404040404044,
                0.010101010101010055,
                0.04040404040404044,
                0.030303030303030276,
                0.015151515151515138,
                0.010101010101010055,
                0.5404040404040404,
                0.0871794871794872,
                0.010101010101010055,
                0.17919075144508667,
                0.010101010101010055,
                0.05555555555555558,
                0.030303030303030276,
                0.21212121212121215,
                0.015151515151515138
            ]
        }
    },
    "metadata": {
        "detection_method": "kgw",
        "num_samples": 32,
        "ppl_model": "/mnt/lustrenew/mllm_safety-shared/models/huggingface/meta-llama/Meta-Llama-3.1-8B"
    }
}