{
    "detection_scores": {
        "vanilla_scores": [
            0.38250743933112885,
            0.21681740584472967,
            0.10358208597462179,
            0.10358208597462179,
            0.6392026174713024,
            0.7544485191610798,
            0.44583680479645454,
            0.6392026174713024,
            0.21681740584472967,
            0.8836160351862405,
            0.32242573363325705,
            0.8471148436929272,
            0.026491784932231744,
            0.029291323400813283,
            0.6991775254935335,
            0.9375246722719879,
            0.38250743933112885,
            0.38250743933112885,
            0.21681740584472967,
            0.44583680479645454,
            0.1351159725207279,
            0.05734712978019507,
            0.26687849628994026,
            0.5758957701145038,
            0.5758957701145038,
            0.5758957701145038,
            0.8471148436929272,
            0.44583680479645454,
            0.9136074600438041,
            0.8471148436929272,
            0.5108662874554788,
            0.1351159725207279
        ],
        "watermarked_scores": [
            1.6230374204039128e-21,
            1.2878606109634313e-24,
            1.3395210011940047e-43,
            1.2595611558662167e-17,
            1.711047660696746e-31,
            9.170461555778119e-31,
            9.226282199829347e-20,
            0.0038229784327127665,
            1.7362110680478014e-38,
            6.964453156669797e-25,
            2.5896200748330102e-39,
            2.469713844916831e-29,
            1.2413159516351698e-28,
            9.226282199829347e-20,
            3.1240755536899586e-32,
            6.417595140328996e-26,
            1.2413159516351698e-28,
            9.170461555778119e-31,
            1.332115231257131e-12,
            5.1959296764365686e-17,
            2.904737994041419e-25,
            4.378957471467549e-18,
            4.810247106298303e-30,
            1.5133211591621492e-27,
            1.185855146094052e-09,
            9.112469598208586e-17,
            2.345205298304431e-30,
            2.904737994041419e-25,
            2.687867205824948e-18,
            1.6230374204039128e-21,
            4.787212896650748e-38,
            4.256772933855766e-49
        ],
        "mean_vanilla_score": 0.4550622847162843,
        "mean_watermarked_score": 0.00011946811312188096,
        "median_watermarked_score": 1.7732487540371593e-25,
        "median_vanilla_score": 0.44583680479645454
    },
    "perplexity_metrics": {
        "vanilla": {
            "mean_perplexity": 6.782928466796875,
            "median_perplexity": 6.064453125,
            "perplexities": [
                4.73828125,
                4.59375,
                5.80078125,
                4.24609375,
                5.1640625,
                10.2421875,
                4.98828125,
                12.109375,
                9.8046875,
                4.93359375,
                8.3046875,
                10.8359375,
                3.76953125,
                2.05078125,
                7.94140625,
                9.75,
                10.6640625,
                5.94921875,
                7.4453125,
                5.59765625,
                8.40625,
                4.90234375,
                6.40625,
                5.40234375,
                6.1796875,
                8.1953125,
                2.181640625,
                4.6640625,
                7.7578125,
                13.9140625,
                1.6064453125,
                8.5078125
            ]
        },
        "watermarked": {
            "mean_perplexity": 75.87841796875,
            "median_perplexity": 66.6875,
            "perplexities": [
                87.9375,
                53.96875,
                50.78125,
                50.3125,
                71.5,
                49.3125,
                276.25,
                18.1875,
                59.5,
                82.625,
                59.03125,
                89.6875,
                122.0625,
                60.1875,
                2.998046875,
                98.875,
                82.625,
                61.875,
                78.5,
                108.5625,
                21.796875,
                3.814453125,
                59.5,
                111.1875,
                74.625,
                156.125,
                105.25,
                7.59375,
                150.75,
                55.90625,
                76.375,
                40.40625
            ]
        }
    },
    "repetition_metrics": {
        "vanilla": {
            "median_seq_rep_3": 0.025252525252525304,
            "mean_seq_rep_3": 0.04577260549659028,
            "total_rep_3": 0.05698500394632988,
            "list_seq_rep_3": [
                0.04040404040404044,
                0.1262626262626263,
                0.16161616161616166,
                0.08080808080808077,
                0.0,
                0.005050505050505083,
                0.025252525252525304,
                0.0,
                0.025252525252525304,
                0.030303030303030276,
                0.005050505050505083,
                0.025252525252525304,
                0.015228426395939132,
                0.010101010101010055,
                0.02020202020202022,
                0.0,
                0.0,
                0.02020202020202022,
                0.025252525252525304,
                0.025252525252525304,
                0.005050505050505083,
                0.06060606060606055,
                0.005050505050505083,
                0.045454545454545414,
                0.010101010101010055,
                0.04040404040404044,
                0.297979797979798,
                0.10606060606060608,
                0.030303030303030276,
                0.0,
                0.21212121212121215,
                0.010101010101010055
            ]
        },
        "watermarked": {
            "median_seq_rep_3": 0.043031841255191494,
            "mean_seq_rep_3": 0.11572916319586074,
            "total_rep_3": 0.13300492610837433,
            "list_seq_rep_3": [
                0.015151515151515138,
                0.045454545454545414,
                0.025252525252525304,
                0.05128205128205132,
                0.015151515151515138,
                0.16161616161616166,
                0.010101010101010055,
                0.46464646464646464,
                0.030303030303030276,
                0.14213197969543145,
                0.02020202020202022,
                0.015151515151515138,
                0.025252525252525304,
                0.025252525252525304,
                0.7727272727272727,
                0.05555555555555558,
                0.0,
                0.06565656565656564,
                0.08080808080808077,
                0.0,
                0.29292929292929293,
                0.6818181818181819,
                0.025252525252525304,
                0.035532994923857864,
                0.05555555555555558,
                0.07975460122699385,
                0.02030456852791873,
                0.31818181818181823,
                0.040609137055837574,
                0.005050505050505083,
                0.07614213197969544,
                0.0505050505050505
            ]
        }
    },
    "metadata": {
        "detection_method": "kgw",
        "num_samples": 32,
        "ppl_model": "/mnt/lustrenew/mllm_safety-shared/models/huggingface/meta-llama/Meta-Llama-3.1-8B"
    }
}