{
    "detection_scores": {
        "vanilla_scores": [
            0.38250743933112885,
            0.21681740584472967,
            0.10358208597462179,
            0.10358208597462179,
            0.6392026174713024,
            0.7544485191610798,
            0.44583680479645454,
            0.6392026174713024,
            0.21681740584472967,
            0.8836160351862405,
            0.32242573363325705,
            0.8471148436929272,
            0.026491784932231744,
            0.029291323400813283,
            0.6991775254935335,
            0.9375246722719879,
            0.38250743933112885,
            0.38250743933112885,
            0.21681740584472967,
            0.44583680479645454,
            0.1351159725207279,
            0.05734712978019507,
            0.26687849628994026,
            0.5758957701145038,
            0.5758957701145038,
            0.5758957701145038,
            0.8471148436929272,
            0.44583680479645454,
            0.9136074600438041,
            0.8471148436929272,
            0.5108662874554788,
            0.1351159725207279
        ],
        "watermarked_scores": [
            5.3958948221818666e-14,
            4.448620871212126e-57,
            2.179690300748062e-45,
            5.593652455987735e-24,
            2.448289219524794e-20,
            6.826461570384585e-66,
            9.170461555778119e-31,
            1.6754594504594915e-52,
            2.469713844916831e-29,
            4.378957471467549e-18,
            1.711047660696746e-31,
            7.46031146955063e-42,
            5.333330207674378e-52,
            1.332115231257131e-12,
            4.05422848158939e-22,
            9.170461555778119e-31,
            2.380248302952419e-23,
            9.753438626106413e-34,
            4.256772933855766e-49,
            1.711047660696746e-31,
            2.179690300748062e-45,
            1.711047660696746e-31,
            7.281123580937401e-37,
            9.226282199829347e-20,
            7.281123580937401e-37,
            1.711047660696746e-31,
            4.665963805281391e-13,
            2.448289219524794e-20,
            7.281123580937401e-37,
            6.417595140328996e-26,
            3.258197899847457e-17,
            9.753438626106413e-34
        ],
        "mean_vanilla_score": 0.4550622847162843,
        "mean_watermarked_score": 5.789711445647026e-14,
        "median_watermarked_score": 1.711047660696746e-31,
        "median_vanilla_score": 0.44583680479645454
    },
    "perplexity_metrics": {
        "vanilla": {
            "mean_perplexity": 6.782928466796875,
            "median_perplexity": 6.064453125,
            "perplexities": [
                4.73828125,
                4.59375,
                5.80078125,
                4.24609375,
                5.1640625,
                10.2421875,
                4.98828125,
                12.109375,
                9.8046875,
                4.93359375,
                8.3046875,
                10.8359375,
                3.76953125,
                2.05078125,
                7.94140625,
                9.75,
                10.6640625,
                5.94921875,
                7.4453125,
                5.59765625,
                8.40625,
                4.90234375,
                6.40625,
                5.40234375,
                6.1796875,
                8.1953125,
                2.181640625,
                4.6640625,
                7.7578125,
                13.9140625,
                1.6064453125,
                8.5078125
            ]
        },
        "watermarked": {
            "mean_perplexity": 21.576171875,
            "median_perplexity": 19.0390625,
            "perplexities": [
                11.875,
                2.82421875,
                25.390625,
                10.546875,
                11.15625,
                10.1015625,
                12.0390625,
                50.90625,
                28.375,
                18.046875,
                20.4375,
                43.96875,
                19.578125,
                10.15625,
                10.7109375,
                26.71875,
                21.796875,
                24.703125,
                21.84375,
                13.0703125,
                21.546875,
                21.546875,
                52.5,
                18.5,
                16.875,
                14.1328125,
                20.515625,
                7.63671875,
                13.9375,
                70.125,
                17.625,
                21.25
            ]
        }
    },
    "repetition_metrics": {
        "vanilla": {
            "median_seq_rep_3": 0.025252525252525304,
            "mean_seq_rep_3": 0.04577260549659028,
            "total_rep_3": 0.05698500394632988,
            "list_seq_rep_3": [
                0.04040404040404044,
                0.1262626262626263,
                0.16161616161616166,
                0.08080808080808077,
                0.0,
                0.005050505050505083,
                0.025252525252525304,
                0.0,
                0.025252525252525304,
                0.030303030303030276,
                0.005050505050505083,
                0.025252525252525304,
                0.015228426395939132,
                0.010101010101010055,
                0.02020202020202022,
                0.0,
                0.0,
                0.02020202020202022,
                0.025252525252525304,
                0.025252525252525304,
                0.005050505050505083,
                0.06060606060606055,
                0.005050505050505083,
                0.045454545454545414,
                0.010101010101010055,
                0.04040404040404044,
                0.297979797979798,
                0.10606060606060608,
                0.030303030303030276,
                0.0,
                0.21212121212121215,
                0.010101010101010055
            ]
        },
        "watermarked": {
            "median_seq_rep_3": 0.025252525252525304,
            "mean_seq_rep_3": 0.05966710249705174,
            "total_rep_3": 0.07546574044837384,
            "list_seq_rep_3": [
                0.02020202020202022,
                0.5555555555555556,
                0.025252525252525304,
                0.07070707070707072,
                0.04040404040404044,
                0.31818181818181823,
                0.02020202020202022,
                0.035532994923857864,
                0.0,
                0.005050505050505083,
                0.010101010101010055,
                0.010101010101010055,
                0.045454545454545414,
                0.010101010101010055,
                0.11616161616161613,
                0.010101010101010055,
                0.015151515151515138,
                0.005050505050505083,
                0.04040404040404044,
                0.02020202020202022,
                0.03535353535353536,
                0.030303030303030276,
                0.010101010101010055,
                0.06565656565656564,
                0.025252525252525304,
                0.06060606060606055,
                0.045454545454545414,
                0.19191919191919193,
                0.005050505050505083,
                0.0,
                0.015228426395939132,
                0.0505050505050505
            ]
        }
    },
    "metadata": {
        "detection_method": "kgw",
        "num_samples": 32,
        "ppl_model": "/mnt/lustrenew/mllm_safety-shared/models/huggingface/meta-llama/Meta-Llama-3.1-8B"
    }
}