{
    "detection_scores": {
        "vanilla_scores": [
            0.38250743933112885,
            0.21681740584472967,
            0.10358208597462179,
            0.10358208597462179,
            0.6392026174713024,
            0.7544485191610798,
            0.44583680479645454,
            0.6392026174713024,
            0.21681740584472967,
            0.8836160351862405,
            0.32242573363325705,
            0.8471148436929272,
            0.026491784932231744,
            0.029291323400813283,
            0.6991775254935335,
            0.9375246722719879,
            0.38250743933112885,
            0.38250743933112885,
            0.21681740584472967,
            0.44583680479645454,
            0.1351159725207279,
            0.05734712978019507,
            0.26687849628994026,
            0.5758957701145038,
            0.5758957701145038,
            0.5758957701145038,
            0.8471148436929272,
            0.44583680479645454,
            0.9136074600438041,
            0.8471148436929272,
            0.5108662874554788,
            0.1351159725207279
        ],
        "watermarked_scores": [
            0.38250743933112885,
            0.0014671279285978405,
            0.10358208597462179,
            0.005984616771209155,
            0.6991775254935335,
            0.005984616771209155,
            0.44583680479645454,
            0.21681740584472967,
            3.6008151398279957e-06,
            0.05734712978019507,
            0.5758957701145038,
            0.07784753488527126,
            0.5758957701145038,
            0.1351159725207279,
            0.9560266666371865,
            0.020305707993592128,
            0.5758957701145038,
            0.10358208597462179,
            0.009178679390778589,
            0.1351159725207279,
            0.5108662874554788,
            0.0414023702540248,
            0.07784753488527126,
            0.8836160351862405,
            0.005984616771209155,
            0.07784753488527126,
            0.10358208597462179,
            0.005984616771209155,
            0.17282432636257503,
            0.1351159725207279,
            0.21681740584472967,
            0.020305707993592128
        ],
        "mean_vanilla_score": 0.4550622847162843,
        "mean_watermarked_score": 0.22924258683369342,
        "median_watermarked_score": 0.10358208597462179,
        "median_vanilla_score": 0.44583680479645454
    },
    "perplexity_metrics": {
        "vanilla": {
            "mean_perplexity": 6.782928466796875,
            "median_perplexity": 6.064453125,
            "perplexities": [
                4.73828125,
                4.59375,
                5.80078125,
                4.24609375,
                5.1640625,
                10.2421875,
                4.98828125,
                12.109375,
                9.8046875,
                4.93359375,
                8.3046875,
                10.8359375,
                3.76953125,
                2.05078125,
                7.94140625,
                9.75,
                10.6640625,
                5.94921875,
                7.4453125,
                5.59765625,
                8.40625,
                4.90234375,
                6.40625,
                5.40234375,
                6.1796875,
                8.1953125,
                2.181640625,
                4.6640625,
                7.7578125,
                13.9140625,
                1.6064453125,
                8.5078125
            ]
        },
        "watermarked": {
            "mean_perplexity": 7.476043701171875,
            "median_perplexity": 6.537109375,
            "perplexities": [
                7.5625,
                6.08984375,
                9.2890625,
                3.572265625,
                3.875,
                8.875,
                5.44140625,
                15.046875,
                21.25,
                4.73046875,
                11.3515625,
                10.6875,
                4.6328125,
                1.6865234375,
                3.212890625,
                10.296875,
                10.5625,
                7.3828125,
                10.3984375,
                5.359375,
                5.24609375,
                7.8359375,
                6.484375,
                6.58984375,
                4.9609375,
                7.8515625,
                6.2421875,
                3.6640625,
                6.19921875,
                11.5546875,
                2.69921875,
                8.6015625
            ]
        }
    },
    "repetition_metrics": {
        "vanilla": {
            "median_seq_rep_3": 0.025252525252525304,
            "mean_seq_rep_3": 0.04577260549659028,
            "total_rep_3": 0.05698500394632988,
            "list_seq_rep_3": [
                0.04040404040404044,
                0.1262626262626263,
                0.16161616161616166,
                0.08080808080808077,
                0.0,
                0.005050505050505083,
                0.025252525252525304,
                0.0,
                0.025252525252525304,
                0.030303030303030276,
                0.005050505050505083,
                0.025252525252525304,
                0.015228426395939132,
                0.010101010101010055,
                0.02020202020202022,
                0.0,
                0.0,
                0.02020202020202022,
                0.025252525252525304,
                0.025252525252525304,
                0.005050505050505083,
                0.06060606060606055,
                0.005050505050505083,
                0.045454545454545414,
                0.010101010101010055,
                0.04040404040404044,
                0.297979797979798,
                0.10606060606060608,
                0.030303030303030276,
                0.0,
                0.21212121212121215,
                0.010101010101010055
            ]
        },
        "watermarked": {
            "median_seq_rep_3": 0.02020202020202022,
            "mean_seq_rep_3": 0.03566919191919192,
            "total_rep_3": 0.04387626262626265,
            "list_seq_rep_3": [
                0.0,
                0.0505050505050505,
                0.03535353535353536,
                0.04040404040404044,
                0.05555555555555558,
                0.010101010101010055,
                0.015151515151515138,
                0.025252525252525304,
                0.015151515151515138,
                0.09090909090909094,
                0.010101010101010055,
                0.025252525252525304,
                0.005050505050505083,
                0.06060606060606055,
                0.21717171717171713,
                0.0,
                0.010101010101010055,
                0.02020202020202022,
                0.015151515151515138,
                0.030303030303030276,
                0.0,
                0.02020202020202022,
                0.005050505050505083,
                0.03535353535353536,
                0.0,
                0.030303030303030276,
                0.06060606060606055,
                0.02020202020202022,
                0.0,
                0.005050505050505083,
                0.202020202020202,
                0.030303030303030276
            ]
        }
    },
    "metadata": {
        "detection_method": "kgw",
        "num_samples": 32,
        "ppl_model": "/mnt/lustrenew/mllm_safety-shared/models/huggingface/meta-llama/Meta-Llama-3.1-8B"
    }
}