{
    "detection_scores": {
        "vanilla_scores": [
            0.38250743933112885,
            0.21681740584472967,
            0.10358208597462179,
            0.10358208597462179,
            0.6392026174713024,
            0.7544485191610798,
            0.44583680479645454,
            0.6392026174713024,
            0.21681740584472967,
            0.8836160351862405,
            0.32242573363325705,
            0.8471148436929272,
            0.026491784932231744,
            0.029291323400813283,
            0.6991775254935335,
            0.9375246722719879,
            0.38250743933112885,
            0.38250743933112885,
            0.21681740584472967,
            0.44583680479645454,
            0.1351159725207279,
            0.05734712978019507,
            0.26687849628994026,
            0.5758957701145038,
            0.5758957701145038,
            0.5758957701145038,
            0.8471148436929272,
            0.44583680479645454,
            0.9136074600438041,
            0.8471148436929272,
            0.5108662874554788,
            0.1351159725207279
        ],
        "watermarked_scores": [
            2.469713844916831e-29,
            1.0119042559603408e-42,
            3.7434255435132964e-48,
            2.179690300748062e-45,
            2.179690300748062e-45,
            3.207189137152643e-47,
            1.9343838171528282e-69,
            6.826461570384585e-66,
            5.403829695606577e-54,
            2.5896200748330102e-39,
            1.326402664727969e-63,
            4.256772933855766e-49,
            2.7994120780485463e-60,
            1.83019461498296e-15,
            3.9304242475857884e-58,
            1.9343838171528282e-69,
            1.6230374204039128e-21,
            5.213676766424362e-55,
            5.213676766424362e-55,
            2.5896200748330102e-39,
            3.9304242475857884e-58,
            1.3887540736433585e-26,
            2.254153727876388e-61,
            1.0119042559603408e-42,
            2.7994120780485463e-60,
            3.7434255435132964e-48,
            9.753438626106413e-34,
            1.0119042559603408e-42,
            1.1373502558397022e-37,
            7.46031146955063e-42,
            2.179690300748062e-45,
            5.213676766424362e-55
        ],
        "mean_vanilla_score": 0.4550622847162843,
        "mean_watermarked_score": 5.719363243857165e-17,
        "median_watermarked_score": 1.7907658457519864e-47,
        "median_vanilla_score": 0.44583680479645454
    },
    "perplexity_metrics": {
        "vanilla": {
            "mean_perplexity": 6.782928466796875,
            "median_perplexity": 6.064453125,
            "perplexities": [
                4.73828125,
                4.59375,
                5.80078125,
                4.24609375,
                5.1640625,
                10.2421875,
                4.98828125,
                12.109375,
                9.8046875,
                4.93359375,
                8.3046875,
                10.8359375,
                3.76953125,
                2.05078125,
                7.94140625,
                9.75,
                10.6640625,
                5.94921875,
                7.4453125,
                5.59765625,
                8.40625,
                4.90234375,
                6.40625,
                5.40234375,
                6.1796875,
                8.1953125,
                2.181640625,
                4.6640625,
                7.7578125,
                13.9140625,
                1.6064453125,
                8.5078125
            ]
        },
        "watermarked": {
            "mean_perplexity": 41.70697021484375,
            "median_perplexity": 43.25,
            "perplexities": [
                23.578125,
                77.3125,
                29.96875,
                15.25,
                44.65625,
                45.4375,
                34.5625,
                55.90625,
                47.53125,
                40.34375,
                20.40625,
                65.375,
                21.640625,
                7.8515625,
                41.78125,
                30.984375,
                3.16796875,
                49.40625,
                45.25,
                27.078125,
                74.3125,
                26.5625,
                44.75,
                53.21875,
                90.75,
                44.46875,
                2.369140625,
                55.46875,
                58.125,
                84.875,
                30.203125,
                42.03125
            ]
        }
    },
    "repetition_metrics": {
        "vanilla": {
            "median_seq_rep_3": 0.025252525252525304,
            "mean_seq_rep_3": 0.04577260549659028,
            "total_rep_3": 0.05698500394632988,
            "list_seq_rep_3": [
                0.04040404040404044,
                0.1262626262626263,
                0.16161616161616166,
                0.08080808080808077,
                0.0,
                0.005050505050505083,
                0.025252525252525304,
                0.0,
                0.025252525252525304,
                0.030303030303030276,
                0.005050505050505083,
                0.025252525252525304,
                0.015228426395939132,
                0.010101010101010055,
                0.02020202020202022,
                0.0,
                0.0,
                0.02020202020202022,
                0.025252525252525304,
                0.025252525252525304,
                0.005050505050505083,
                0.06060606060606055,
                0.005050505050505083,
                0.045454545454545414,
                0.010101010101010055,
                0.04040404040404044,
                0.297979797979798,
                0.10606060606060608,
                0.030303030303030276,
                0.0,
                0.21212121212121215,
                0.010101010101010055
            ]
        },
        "watermarked": {
            "median_seq_rep_3": 0.030303030303030276,
            "mean_seq_rep_3": 0.10258838383838384,
            "total_rep_3": 0.1226325757575758,
            "list_seq_rep_3": [
                0.101010101010101,
                0.0,
                0.030303030303030276,
                0.21212121212121215,
                0.0,
                0.0505050505050505,
                0.16666666666666663,
                0.04040404040404044,
                0.025252525252525304,
                0.0,
                0.2525252525252525,
                0.02020202020202022,
                0.21717171717171713,
                0.07070707070707072,
                0.03535353535353536,
                0.21212121212121215,
                0.7171717171717171,
                0.005050505050505083,
                0.030303030303030276,
                0.12121212121212122,
                0.015151515151515138,
                0.0505050505050505,
                0.005050505050505083,
                0.005050505050505083,
                0.005050505050505083,
                0.005050505050505083,
                0.8333333333333334,
                0.02020202020202022,
                0.005050505050505083,
                0.0,
                0.030303030303030276,
                0.0
            ]
        }
    },
    "metadata": {
        "detection_method": "kgw",
        "num_samples": 32,
        "ppl_model": "/mnt/lustrenew/mllm_safety-shared/models/huggingface/meta-llama/Meta-Llama-3.1-8B"
    }
}