{
    "detection_scores": {
        "vanilla_scores": [
            0.38250743933112885,
            0.21681740584472967,
            0.10358208597462179,
            0.10358208597462179,
            0.6392026174713024,
            0.7544485191610798,
            0.44583680479645454,
            0.6392026174713024,
            0.21681740584472967,
            0.8836160351862405,
            0.32242573363325705,
            0.8471148436929272,
            0.026491784932231744,
            0.029291323400813283,
            0.6991775254935335,
            0.9375246722719879,
            0.38250743933112885,
            0.38250743933112885,
            0.21681740584472967,
            0.44583680479645454,
            0.1351159725207279,
            0.05734712978019507,
            0.26687849628994026,
            0.5758957701145038,
            0.5758957701145038,
            0.5758957701145038,
            0.8471148436929272,
            0.44583680479645454,
            0.9136074600438041,
            0.8471148436929272,
            0.5108662874554788,
            0.1351159725207279
        ],
        "watermarked_scores": [
            1.0119042559603408e-42,
            1.1798534124116248e-70,
            1.757712950570242e-62,
            2.179690300748062e-45,
            2.6778610703480543e-46,
            2.0871979067663323e-82,
            5.077223386513875e-81,
            3.010189510040126e-85,
            6.826461570384585e-66,
            4.556155737577618e-36,
            3.8772585544255763e-59,
            6.953669032618653e-62,
            5.4440730842594115e-53,
            5.4518558682253655e-77,
            1.0825542000516593e-47,
            1.7362110680478014e-38,
            3.904520940793803e-73,
            1.6254420025388752e-54,
            1.3264096415950987e-74,
            1.326402664727969e-63,
            8.33798241727015e-93,
            4.0094188773996465e-70,
            1.174761542295389e-79,
            6.826461570384585e-66,
            4.828851889163258e-96,
            7.281123580937401e-37,
            1.0554585713991996e-39,
            3.3687372541179135e-59,
            1.6851232029647017e-36,
            4.648683044733669e-67,
            5.403829695606577e-54,
            8.144736166484682e-84
        ],
        "mean_vanilla_score": 0.4550622847162843,
        "mean_watermarked_score": 2.1836905882032796e-37,
        "median_watermarked_score": 9.451766085215194e-63,
        "median_vanilla_score": 0.44583680479645454
    },
    "perplexity_metrics": {
        "vanilla": {
            "mean_perplexity": 6.782928466796875,
            "median_perplexity": 6.064453125,
            "perplexities": [
                4.73828125,
                4.59375,
                5.80078125,
                4.24609375,
                5.1640625,
                10.2421875,
                4.98828125,
                12.109375,
                9.8046875,
                4.93359375,
                8.3046875,
                10.8359375,
                3.76953125,
                2.05078125,
                7.94140625,
                9.75,
                10.6640625,
                5.94921875,
                7.4453125,
                5.59765625,
                8.40625,
                4.90234375,
                6.40625,
                5.40234375,
                6.1796875,
                8.1953125,
                2.181640625,
                4.6640625,
                7.7578125,
                13.9140625,
                1.6064453125,
                8.5078125
            ]
        },
        "watermarked": {
            "mean_perplexity": 119.6492919921875,
            "median_perplexity": 82.0,
            "perplexities": [
                31.71875,
                90.0,
                50.90625,
                67.4375,
                582.5,
                63.34375,
                12.6171875,
                112.4375,
                84.25,
                262.5,
                4.9453125,
                219.375,
                146.625,
                180.375,
                26.921875,
                299.75,
                49.03125,
                168.125,
                57.21875,
                146.625,
                7.609375,
                23.90625,
                96.5625,
                235.375,
                6.33984375,
                79.75,
                204.5,
                154.375,
                69.3125,
                59.96875,
                197.375,
                37.0
            ]
        }
    },
    "repetition_metrics": {
        "vanilla": {
            "median_seq_rep_3": 0.025252525252525304,
            "mean_seq_rep_3": 0.04577260549659028,
            "total_rep_3": 0.05698500394632988,
            "list_seq_rep_3": [
                0.04040404040404044,
                0.1262626262626263,
                0.16161616161616166,
                0.08080808080808077,
                0.0,
                0.005050505050505083,
                0.025252525252525304,
                0.0,
                0.025252525252525304,
                0.030303030303030276,
                0.005050505050505083,
                0.025252525252525304,
                0.015228426395939132,
                0.010101010101010055,
                0.02020202020202022,
                0.0,
                0.0,
                0.02020202020202022,
                0.025252525252525304,
                0.025252525252525304,
                0.005050505050505083,
                0.06060606060606055,
                0.005050505050505083,
                0.045454545454545414,
                0.010101010101010055,
                0.04040404040404044,
                0.297979797979798,
                0.10606060606060608,
                0.030303030303030276,
                0.0,
                0.21212121212121215,
                0.010101010101010055
            ]
        },
        "watermarked": {
            "median_seq_rep_3": 0.15365971270493883,
            "mean_seq_rep_3": 0.19304629565275105,
            "total_rep_3": 0.21464646464646464,
            "list_seq_rep_3": [
                0.29292929292929293,
                0.2222222222222222,
                0.33838383838383834,
                0.09090909090909094,
                0.0,
                0.21212121212121215,
                0.4949494949494949,
                0.0505050505050505,
                0.15656565656565657,
                0.0,
                0.585,
                0.01005025125628145,
                0.045454545454545414,
                0.010101010101010055,
                0.3316582914572864,
                0.005050505050505083,
                0.19191919191919193,
                0.050761421319796995,
                0.173469387755102,
                0.09090909090909094,
                0.6515151515151515,
                0.36548223350253806,
                0.13131313131313127,
                0.0,
                0.6111111111111112,
                0.2525252525252525,
                0.040609137055837574,
                0.06565656565656564,
                0.1507537688442211,
                0.19696969696969702,
                0.05555555555555558,
                0.303030303030303
            ]
        }
    },
    "metadata": {
        "detection_method": "kgw",
        "num_samples": 32,
        "ppl_model": "/mnt/lustrenew/mllm_safety-shared/models/huggingface/meta-llama/Meta-Llama-3.1-8B"
    }
}