{
    "detection_scores": {
        "vanilla_scores": [
            0.38250743933112885,
            0.21681740584472967,
            0.10358208597462179,
            0.10358208597462179,
            0.6392026174713024,
            0.7544485191610798,
            0.44583680479645454,
            0.6392026174713024,
            0.21681740584472967,
            0.8836160351862405,
            0.32242573363325705,
            0.8471148436929272,
            0.026491784932231744,
            0.029291323400813283,
            0.6991775254935335,
            0.9375246722719879,
            0.38250743933112885,
            0.38250743933112885,
            0.21681740584472967,
            0.44583680479645454,
            0.1351159725207279,
            0.05734712978019507,
            0.26687849628994026,
            0.5758957701145038,
            0.5758957701145038,
            0.5758957701145038,
            0.8471148436929272,
            0.44583680479645454,
            0.9136074600438041,
            0.8471148436929272,
            0.5108662874554788,
            0.1351159725207279
        ],
        "watermarked_scores": [
            1.4083981957400238e-05,
            1.0234594838755463e-11,
            1.8800047124413736e-10,
            7.193361071692652e-06,
            4.665963805281391e-13,
            9.226282199829347e-20,
            2.7542100548833858e-11,
            5.694866599381179e-16,
            1.83019461498296e-15,
            0.0005188340346265688,
            4.004543805359876e-07,
            1.6024434745223355e-13,
            4.004543805359876e-07,
            1.6196290272301364e-08,
            3.7209798727626364e-08,
            6.413665629600846e-08,
            1.0234594838755463e-11,
            2.448289219524794e-20,
            4.768531402796335e-10,
            8.380496965030422e-08,
            1.0234594838755463e-11,
            5.3958948221818666e-14,
            1.4083981957400238e-05,
            2.7024904108606995e-05,
            5.3958948221818666e-14,
            3.728936664045115e-12,
            0.0014671279285978405,
            1.0234594838755463e-11,
            3.7209798727626364e-08,
            2.3002108398294445e-22,
            4.004543805359876e-07,
            1.185855146094052e-09
        ],
        "mean_vanilla_score": 0.4550622847162843,
        "mean_watermarked_score": 6.405593864469136e-05,
        "median_watermarked_score": 3.324268057618854e-10,
        "median_vanilla_score": 0.44583680479645454
    },
    "perplexity_metrics": {
        "vanilla": {
            "mean_perplexity": 6.782928466796875,
            "median_perplexity": 6.064453125,
            "perplexities": [
                4.73828125,
                4.59375,
                5.80078125,
                4.24609375,
                5.1640625,
                10.2421875,
                4.98828125,
                12.109375,
                9.8046875,
                4.93359375,
                8.3046875,
                10.8359375,
                3.76953125,
                2.05078125,
                7.94140625,
                9.75,
                10.6640625,
                5.94921875,
                7.4453125,
                5.59765625,
                8.40625,
                4.90234375,
                6.40625,
                5.40234375,
                6.1796875,
                8.1953125,
                2.181640625,
                4.6640625,
                7.7578125,
                13.9140625,
                1.6064453125,
                8.5078125
            ]
        },
        "watermarked": {
            "mean_perplexity": 12.4486083984375,
            "median_perplexity": 11.45703125,
            "perplexities": [
                11.7578125,
                7.1328125,
                11.875,
                6.484375,
                16.328125,
                14.3828125,
                9.6953125,
                26.71875,
                17.015625,
                14.578125,
                9.984375,
                27.296875,
                5.9765625,
                5.23828125,
                3.8515625,
                11.1171875,
                10.078125,
                15.765625,
                9.1796875,
                8.1796875,
                7.91015625,
                11.8046875,
                7.19140625,
                12.15625,
                9.8046875,
                11.15625,
                8.1953125,
                12.4921875,
                15.3984375,
                30.859375,
                15.859375,
                12.890625
            ]
        }
    },
    "repetition_metrics": {
        "vanilla": {
            "median_seq_rep_3": 0.025252525252525304,
            "mean_seq_rep_3": 0.04577260549659028,
            "total_rep_3": 0.05698500394632988,
            "list_seq_rep_3": [
                0.04040404040404044,
                0.1262626262626263,
                0.16161616161616166,
                0.08080808080808077,
                0.0,
                0.005050505050505083,
                0.025252525252525304,
                0.0,
                0.025252525252525304,
                0.030303030303030276,
                0.005050505050505083,
                0.025252525252525304,
                0.015228426395939132,
                0.010101010101010055,
                0.02020202020202022,
                0.0,
                0.0,
                0.02020202020202022,
                0.025252525252525304,
                0.025252525252525304,
                0.005050505050505083,
                0.06060606060606055,
                0.005050505050505083,
                0.045454545454545414,
                0.010101010101010055,
                0.04040404040404044,
                0.297979797979798,
                0.10606060606060608,
                0.030303030303030276,
                0.0,
                0.21212121212121215,
                0.010101010101010055
            ]
        },
        "watermarked": {
            "median_seq_rep_3": 0.025252525252525304,
            "mean_seq_rep_3": 0.04671877403476389,
            "total_rep_3": 0.06141458793811183,
            "list_seq_rep_3": [
                0.025252525252525304,
                0.07070707070707072,
                0.02020202020202022,
                0.1717171717171717,
                0.010101010101010055,
                0.02020202020202022,
                0.005050505050505083,
                0.025252525252525304,
                0.010101010101010055,
                0.025252525252525304,
                0.02020202020202022,
                0.010101010101010055,
                0.02020202020202022,
                0.06060606060606055,
                0.4191919191919192,
                0.010152284263959421,
                0.010101010101010055,
                0.07070707070707072,
                0.05555555555555558,
                0.005050505050505083,
                0.02020202020202022,
                0.010101010101010055,
                0.0757575757575758,
                0.045454545454545414,
                0.04040404040404044,
                0.015151515151515138,
                0.03535353535353536,
                0.07070707070707072,
                0.045454545454545414,
                0.0,
                0.03535353535353536,
                0.03535353535353536
            ]
        }
    },
    "metadata": {
        "detection_method": "kgw",
        "num_samples": 32,
        "ppl_model": "/mnt/lustrenew/mllm_safety-shared/models/huggingface/meta-llama/Meta-Llama-3.1-8B"
    }
}