{
    "detection_scores": {
        "vanilla_scores": [
            0.38250743933112885,
            0.21681740584472967,
            0.10358208597462179,
            0.10358208597462179,
            0.6392026174713024,
            0.7544485191610798,
            0.44583680479645454,
            0.6392026174713024,
            0.21681740584472967,
            0.8836160351862405,
            0.32242573363325705,
            0.8471148436929272,
            0.026491784932231744,
            0.029291323400813283,
            0.6991775254935335,
            0.9375246722719879,
            0.38250743933112885,
            0.38250743933112885,
            0.21681740584472967,
            0.44583680479645454,
            0.1351159725207279,
            0.05734712978019507,
            0.26687849628994026,
            0.5758957701145038,
            0.5758957701145038,
            0.5758957701145038,
            0.8471148436929272,
            0.44583680479645454,
            0.9136074600438041,
            0.8471148436929272,
            0.5108662874554788,
            0.1351159725207279
        ],
        "watermarked_scores": [
            0.005984616771209155,
            9.364978073223926e-05,
            0.0008814169940861691,
            0.029291323400813283,
            0.0038229784327127665,
            4.768531402796335e-10,
            1.7666461197620142e-06,
            0.009178679390778589,
            8.495616097290753e-07,
            0.020305707993592128,
            0.009178679390778589,
            0.00016911265119370079,
            0.10358208597462179,
            0.029291323400813283,
            5.0819502902761e-05,
            1.7666461197620142e-06,
            7.193361071692652e-06,
            0.029291323400813283,
            5.0819502902761e-05,
            8.495616097290753e-07,
            0.013792325396823218,
            0.0008814169940861691,
            0.005984616771209155,
            0.38250743933112885,
            0.0014671279285978405,
            0.0002992415380524399,
            9.364978073223926e-05,
            1.4083981957400238e-05,
            7.193361071692652e-06,
            5.0819502902761e-05,
            0.1260836532587778,
            0.17282432636257503
        ],
        "mean_vanilla_score": 0.4550622847162843,
        "mean_watermarked_score": 0.029537214282789027,
        "median_watermarked_score": 0.0008814169940861691,
        "median_vanilla_score": 0.44583680479645454
    },
    "perplexity_metrics": {
        "vanilla": {
            "mean_perplexity": 6.782928466796875,
            "median_perplexity": 6.064453125,
            "perplexities": [
                4.73828125,
                4.59375,
                5.80078125,
                4.24609375,
                5.1640625,
                10.2421875,
                4.98828125,
                12.109375,
                9.8046875,
                4.93359375,
                8.3046875,
                10.8359375,
                3.76953125,
                2.05078125,
                7.94140625,
                9.75,
                10.6640625,
                5.94921875,
                7.4453125,
                5.59765625,
                8.40625,
                4.90234375,
                6.40625,
                5.40234375,
                6.1796875,
                8.1953125,
                2.181640625,
                4.6640625,
                7.7578125,
                13.9140625,
                1.6064453125,
                8.5078125
            ]
        },
        "watermarked": {
            "mean_perplexity": 7.589019775390625,
            "median_perplexity": 6.8046875,
            "perplexities": [
                10.0390625,
                6.7265625,
                6.6953125,
                4.359375,
                6.37109375,
                10.28125,
                6.8203125,
                11.7421875,
                6.484375,
                5.55078125,
                7.24609375,
                15.28125,
                4.73046875,
                3.32421875,
                8.6015625,
                7.95703125,
                15.703125,
                9.5078125,
                8.96875,
                6.03125,
                4.421875,
                5.8515625,
                6.7890625,
                6.98828125,
                7.2265625,
                10.2421875,
                2.6015625,
                4.15625,
                6.1328125,
                15.984375,
                1.9462890625,
                8.0859375
            ]
        }
    },
    "repetition_metrics": {
        "vanilla": {
            "median_seq_rep_3": 0.025252525252525304,
            "mean_seq_rep_3": 0.04577260549659028,
            "total_rep_3": 0.05698500394632988,
            "list_seq_rep_3": [
                0.04040404040404044,
                0.1262626262626263,
                0.16161616161616166,
                0.08080808080808077,
                0.0,
                0.005050505050505083,
                0.025252525252525304,
                0.0,
                0.025252525252525304,
                0.030303030303030276,
                0.005050505050505083,
                0.025252525252525304,
                0.015228426395939132,
                0.010101010101010055,
                0.02020202020202022,
                0.0,
                0.0,
                0.02020202020202022,
                0.025252525252525304,
                0.025252525252525304,
                0.005050505050505083,
                0.06060606060606055,
                0.005050505050505083,
                0.045454545454545414,
                0.010101010101010055,
                0.04040404040404044,
                0.297979797979798,
                0.10606060606060608,
                0.030303030303030276,
                0.0,
                0.21212121212121215,
                0.010101010101010055
            ]
        },
        "watermarked": {
            "median_seq_rep_3": 0.022727272727272763,
            "mean_seq_rep_3": 0.036020900630672224,
            "total_rep_3": 0.04798737174427781,
            "list_seq_rep_3": [
                0.025252525252525304,
                0.045454545454545414,
                0.0757575757575758,
                0.025252525252525304,
                0.0,
                0.005050505050505083,
                0.010101010101010055,
                0.005050505050505083,
                0.025252525252525304,
                0.030303030303030276,
                0.005050505050505083,
                0.005050505050505083,
                0.010101010101010055,
                0.010101010101010055,
                0.005050505050505083,
                0.0,
                0.02020202020202022,
                0.025252525252525304,
                0.025252525252525304,
                0.02020202020202022,
                0.0,
                0.04040404040404044,
                0.02020202020202022,
                0.03535353535353536,
                0.025252525252525304,
                0.0,
                0.2828282828282829,
                0.025252525252525304,
                0.025252525252525304,
                0.005050505050505083,
                0.2284263959390863,
                0.09090909090909094
            ]
        }
    },
    "metadata": {
        "detection_method": "kgw",
        "num_samples": 32,
        "ppl_model": "/mnt/lustrenew/mllm_safety-shared/models/huggingface/meta-llama/Meta-Llama-3.1-8B"
    }
}