{
    "detection_scores": {
        "vanilla_scores": [
            0.38250743933112885,
            0.21681740584472967,
            0.10358208597462179,
            0.10358208597462179,
            0.6392026174713024,
            0.7544485191610798,
            0.44583680479645454,
            0.6392026174713024,
            0.21681740584472967,
            0.8836160351862405,
            0.32242573363325705,
            0.8471148436929272,
            0.026491784932231744,
            0.029291323400813283,
            0.6991775254935335,
            0.9375246722719879,
            0.38250743933112885,
            0.38250743933112885,
            0.21681740584472967,
            0.44583680479645454,
            0.1351159725207279,
            0.05734712978019507,
            0.26687849628994026,
            0.5758957701145038,
            0.5758957701145038,
            0.5758957701145038,
            0.8471148436929272,
            0.44583680479645454,
            0.9136074600438041,
            0.8471148436929272,
            0.5108662874554788,
            0.1351159725207279
        ],
        "watermarked_scores": [
            5.5809499869590474e-33,
            1.7362110680478014e-38,
            3.1000907203657105e-28,
            1.2413159516351698e-28,
            3.1240755536899586e-32,
            9.226282199829347e-20,
            4.556155737577618e-36,
            3.3851281654431553e-26,
            3.1240755536899586e-32,
            7.619108425085395e-16,
            2.9432309769801617e-27,
            2.1137410814770143e-74,
            1.730111437829851e-44,
            7.232960430434288e-27,
            2.787241995807037e-35,
            5.0828097750534414e-51,
            7.46031146955063e-42,
            6.964453156669797e-25,
            4.810247106298303e-30,
            2.469713844916831e-29,
            2.5896200748330102e-39,
            0.009736279436287583,
            7.232960430434288e-27,
            7.281123580937401e-37,
            1.0119042559603408e-42,
            5.564506111791988e-23,
            1.730111437829851e-44,
            1.771896576110007e-26,
            1.6851232029647017e-36,
            1.1373502558397022e-37,
            1.3887540736433585e-26,
            6.35897836238259e-45
        ],
        "mean_vanilla_score": 0.4550622847162843,
        "mean_watermarked_score": 0.00030425873238401076,
        "median_watermarked_score": 0.44583680479645454,
        "median_vanilla_score": 3.1240755536899586e-32
    },
    "perplexity_metrics": {
        "vanilla": {
            "mean_perplexity": 6.782928466796875,
            "median_perplexity": 6.064453125,
            "perplexities": [
                4.73828125,
                4.59375,
                5.80078125,
                4.24609375,
                5.1640625,
                10.2421875,
                4.98828125,
                12.109375,
                9.8046875,
                4.93359375,
                8.3046875,
                10.8359375,
                3.76953125,
                2.05078125,
                7.94140625,
                9.75,
                10.6640625,
                5.94921875,
                7.4453125,
                5.59765625,
                8.40625,
                4.90234375,
                6.40625,
                5.40234375,
                6.1796875,
                8.1953125,
                2.181640625,
                4.6640625,
                7.7578125,
                13.9140625,
                1.6064453125,
                8.5078125
            ]
        },
        "watermarked": {
            "mean_perplexity": 145.251953125,
            "median_perplexity": 138.46875,
            "perplexities": [
                44.3125,
                47.34375,
                127.9375,
                34.03125,
                149.0,
                6.0859375,
                55.46875,
                152.5,
                211.0,
                320.5,
                71.1875,
                8.9140625,
                210.125,
                41.875,
                107.3125,
                94.6875,
                26.71875,
                471.75,
                182.5,
                184.0,
                111.5625,
                123.0625,
                261.5,
                233.5,
                156.75,
                218.5,
                181.875,
                81.3125,
                195.125,
                168.875,
                291.75,
                77.0
            ]
        }
    },
    "repetition_metrics": {
        "vanilla": {
            "median_seq_rep_3": 0.025252525252525304,
            "mean_seq_rep_3": 0.04577260549659028,
            "total_rep_3": 0.05698500394632988,
            "list_seq_rep_3": [
                0.04040404040404044,
                0.1262626262626263,
                0.16161616161616166,
                0.08080808080808077,
                0.0,
                0.005050505050505083,
                0.025252525252525304,
                0.0,
                0.025252525252525304,
                0.030303030303030276,
                0.005050505050505083,
                0.025252525252525304,
                0.015228426395939132,
                0.010101010101010055,
                0.02020202020202022,
                0.0,
                0.0,
                0.02020202020202022,
                0.025252525252525304,
                0.025252525252525304,
                0.005050505050505083,
                0.06060606060606055,
                0.005050505050505083,
                0.045454545454545414,
                0.010101010101010055,
                0.04040404040404044,
                0.297979797979798,
                0.10606060606060608,
                0.030303030303030276,
                0.0,
                0.21212121212121215,
                0.010101010101010055
            ]
        },
        "watermarked": {
            "median_seq_rep_3": 0.032905194072706756,
            "mean_seq_rep_3": 0.08299930268748253,
            "total_rep_3": 0.10390637355685595,
            "list_seq_rep_3": [
                0.13636363636363635,
                0.13131313131313127,
                0.02030456852791873,
                0.101010101010101,
                0.025252525252525304,
                0.6060606060606061,
                0.015151515151515138,
                0.06598984771573602,
                0.02020202020202022,
                0.020408163265306145,
                0.03535353535353536,
                0.5909090909090908,
                0.015151515151515138,
                0.07106598984771573,
                0.04040404040404044,
                0.07070707070707072,
                0.2777777777777778,
                0.0,
                0.0,
                0.0,
                0.0,
                0.14358974358974363,
                0.005076142131979711,
                0.045454545454545414,
                0.015151515151515138,
                0.030456852791878153,
                0.03535353535353536,
                0.08163265306122447,
                0.0,
                0.0,
                0.0,
                0.055837563451776595
            ]
        }
    },
    "metadata": {
        "detection_method": "kgw",
        "num_samples": 32,
        "ppl_model": "/mnt/lustrenew/mllm_safety-shared/models/huggingface/meta-llama/Meta-Llama-3.1-8B"
    }
}