{
    "detection_scores": {
        "vanilla_scores": [
            0.38250743933112885,
            0.21681740584472967,
            0.10358208597462179,
            0.10358208597462179,
            0.6392026174713024,
            0.7544485191610798,
            0.44583680479645454,
            0.6392026174713024,
            0.21681740584472967,
            0.8836160351862405,
            0.32242573363325705,
            0.8471148436929272,
            0.026491784932231744,
            0.029291323400813283,
            0.6991775254935335,
            0.9375246722719879,
            0.38250743933112885,
            0.38250743933112885,
            0.21681740584472967,
            0.44583680479645454,
            0.1351159725207279,
            0.05734712978019507,
            0.26687849628994026,
            0.5758957701145038,
            0.5758957701145038,
            0.5758957701145038,
            0.8471148436929272,
            0.44583680479645454,
            0.9136074600438041,
            0.8471148436929272,
            0.5108662874554788,
            0.1351159725207279
        ],
        "watermarked_scores": [
            5.3958948221818666e-14,
            5.369211233986705e-41,
            2.787241995807037e-35,
            1.711047660696746e-31,
            4.05422848158939e-22,
            1.757712950570242e-62,
            6.417595140328996e-26,
            1.5604994977808247e-28,
            5.5809499869590474e-33,
            5.593652455987735e-24,
            5.403829695606577e-54,
            3.773147184320832e-40,
            6.1083709381796425e-28,
            4.768531402796335e-10,
            5.5809499869590474e-33,
            5.593652455987735e-24,
            1.7362110680478014e-38,
            5.4518558682253655e-77,
            3.7434255435132964e-48,
            2.380248302952419e-23,
            1.2413159516351698e-28,
            1.3887540736433585e-26,
            3.1240755536899586e-32,
            1.7362110680478014e-38,
            4.810247106298303e-30,
            9.170461555778119e-31,
            1.6230374204039128e-21,
            0.10358208597462179,
            1.2878606109634313e-24,
            4.556155737577618e-36,
            3.697265259554939e-21,
            4.448620871212126e-57
        ],
        "mean_vanilla_score": 0.4550622847162843,
        "mean_watermarked_score": 0.0032369402016102777,
        "median_watermarked_score": 0.44583680479645454,
        "median_vanilla_score": 2.8636466309380575e-30
    },
    "perplexity_metrics": {
        "vanilla": {
            "mean_perplexity": 6.782928466796875,
            "median_perplexity": 6.064453125,
            "perplexities": [
                4.73828125,
                4.59375,
                5.80078125,
                4.24609375,
                5.1640625,
                10.2421875,
                4.98828125,
                12.109375,
                9.8046875,
                4.93359375,
                8.3046875,
                10.8359375,
                3.76953125,
                2.05078125,
                7.94140625,
                9.75,
                10.6640625,
                5.94921875,
                7.4453125,
                5.59765625,
                8.40625,
                4.90234375,
                6.40625,
                5.40234375,
                6.1796875,
                8.1953125,
                2.181640625,
                4.6640625,
                7.7578125,
                13.9140625,
                1.6064453125,
                8.5078125
            ]
        },
        "watermarked": {
            "mean_perplexity": 34.88104248046875,
            "median_perplexity": 29.328125,
            "perplexities": [
                80.375,
                12.59375,
                28.328125,
                17.546875,
                16.78125,
                30.75,
                28.046875,
                34.90625,
                63.59375,
                27.5625,
                91.8125,
                41.6875,
                26.0,
                13.4296875,
                57.21875,
                41.625,
                22.015625,
                5.23046875,
                38.9375,
                61.625,
                50.3125,
                45.96875,
                30.328125,
                27.828125,
                19.359375,
                26.96875,
                16.421875,
                2.033203125,
                23.4375,
                37.96875,
                40.03125,
                55.46875
            ]
        }
    },
    "repetition_metrics": {
        "vanilla": {
            "median_seq_rep_3": 0.025252525252525304,
            "mean_seq_rep_3": 0.04577260549659028,
            "total_rep_3": 0.05698500394632988,
            "list_seq_rep_3": [
                0.04040404040404044,
                0.1262626262626263,
                0.16161616161616166,
                0.08080808080808077,
                0.0,
                0.005050505050505083,
                0.025252525252525304,
                0.0,
                0.025252525252525304,
                0.030303030303030276,
                0.005050505050505083,
                0.025252525252525304,
                0.015228426395939132,
                0.010101010101010055,
                0.02020202020202022,
                0.0,
                0.0,
                0.02020202020202022,
                0.025252525252525304,
                0.025252525252525304,
                0.005050505050505083,
                0.06060606060606055,
                0.005050505050505083,
                0.045454545454545414,
                0.010101010101010055,
                0.04040404040404044,
                0.297979797979798,
                0.10606060606060608,
                0.030303030303030276,
                0.0,
                0.21212121212121215,
                0.010101010101010055
            ]
        },
        "watermarked": {
            "median_seq_rep_3": 0.02784187048146436,
            "mean_seq_rep_3": 0.09250587396549143,
            "total_rep_3": 0.11321648507816195,
            "list_seq_rep_3": [
                0.015151515151515138,
                0.29292929292929293,
                0.08080808080808077,
                0.005050505050505083,
                0.02020202020202022,
                0.12121212121212122,
                0.030303030303030276,
                0.04591836734693877,
                0.02020202020202022,
                0.010101010101010055,
                0.015151515151515138,
                0.06565656565656564,
                0.010101010101010055,
                0.21212121212121215,
                0.030303030303030276,
                0.015151515151515138,
                0.045454545454545414,
                0.5858585858585859,
                0.005050505050505083,
                0.005050505050505083,
                0.005050505050505083,
                0.005050505050505083,
                0.015151515151515138,
                0.101010101010101,
                0.010101010101010055,
                0.015151515151515138,
                0.15656565656565657,
                0.8484848484848485,
                0.08080808080808077,
                0.03535353535353536,
                0.025380710659898442,
                0.030303030303030276
            ]
        }
    },
    "metadata": {
        "detection_method": "kgw",
        "num_samples": 32,
        "ppl_model": "/mnt/lustrenew/mllm_safety-shared/models/huggingface/meta-llama/Meta-Llama-3.1-8B"
    }
}