{
    "detection_scores": {
        "vanilla_scores": [
            0.38250743933112885,
            0.21681740584472967,
            0.10358208597462179,
            0.10358208597462179,
            0.6392026174713024,
            0.7544485191610798,
            0.44583680479645454,
            0.6392026174713024,
            0.21681740584472967,
            0.8836160351862405,
            0.32242573363325705,
            0.8471148436929272,
            0.026491784932231744,
            0.029291323400813283,
            0.6991775254935335,
            0.9375246722719879,
            0.38250743933112885,
            0.38250743933112885,
            0.21681740584472967,
            0.44583680479645454,
            0.1351159725207279,
            0.05734712978019507,
            0.26687849628994026,
            0.5758957701145038,
            0.5758957701145038,
            0.5758957701145038,
            0.8471148436929272,
            0.44583680479645454,
            0.9136074600438041,
            0.8471148436929272,
            0.5108662874554788,
            0.1351159725207279
        ],
        "watermarked_scores": [
            1.7814755217536783e-14,
            1.83019461498296e-15,
            4.810247106298303e-30,
            2.380248302952419e-23,
            2.9432309769801617e-27,
            3.3687372541179135e-59,
            9.170461555778119e-31,
            4.7142258136105125e-50,
            4.556155737577618e-36,
            1.2338456690107672e-18,
            5.593652455987735e-24,
            4.448620871212126e-57,
            5.593652455987735e-24,
            5.1959296764365686e-17,
            2.8767689057333727e-13,
            2.787241995807037e-35,
            9.753438626106413e-34,
            2.380248302952419e-23,
            1.711047660696746e-31,
            1.523466595091507e-17,
            2.469713844916831e-29,
            3.1240755536899586e-32,
            1.523466595091507e-17,
            2.5896200748330102e-39,
            2.469713844916831e-29,
            3.4621625478619577e-10,
            9.170461555778119e-31,
            4.556155737577618e-36,
            1.332115231257131e-12,
            3.1240755536899586e-32,
            9.226282199829347e-20,
            7.281123580937401e-37
        ],
        "mean_vanilla_score": 0.4550622847162843,
        "mean_watermarked_score": 1.087049298789546e-11,
        "median_watermarked_score": 2.469713844916831e-29,
        "median_vanilla_score": 0.44583680479645454
    },
    "perplexity_metrics": {
        "vanilla": {
            "mean_perplexity": 6.782928466796875,
            "median_perplexity": 6.064453125,
            "perplexities": [
                4.73828125,
                4.59375,
                5.80078125,
                4.24609375,
                5.1640625,
                10.2421875,
                4.98828125,
                12.109375,
                9.8046875,
                4.93359375,
                8.3046875,
                10.8359375,
                3.76953125,
                2.05078125,
                7.94140625,
                9.75,
                10.6640625,
                5.94921875,
                7.4453125,
                5.59765625,
                8.40625,
                4.90234375,
                6.40625,
                5.40234375,
                6.1796875,
                8.1953125,
                2.181640625,
                4.6640625,
                7.7578125,
                13.9140625,
                1.6064453125,
                8.5078125
            ]
        },
        "watermarked": {
            "mean_perplexity": 18.06201171875,
            "median_perplexity": 17.8125,
            "perplexities": [
                13.328125,
                9.1953125,
                14.8984375,
                7.92578125,
                15.1640625,
                3.11328125,
                12.28125,
                28.265625,
                21.21875,
                18.90625,
                28.9375,
                21.59375,
                17.1875,
                4.71875,
                19.46875,
                18.0,
                24.28125,
                37.3125,
                18.875,
                15.890625,
                18.359375,
                16.71875,
                17.96875,
                23.578125,
                17.546875,
                20.203125,
                29.859375,
                14.4140625,
                17.65625,
                29.453125,
                12.765625,
                8.8984375
            ]
        }
    },
    "repetition_metrics": {
        "vanilla": {
            "median_seq_rep_3": 0.025252525252525304,
            "mean_seq_rep_3": 0.04577260549659028,
            "total_rep_3": 0.05698500394632988,
            "list_seq_rep_3": [
                0.04040404040404044,
                0.1262626262626263,
                0.16161616161616166,
                0.08080808080808077,
                0.0,
                0.005050505050505083,
                0.025252525252525304,
                0.0,
                0.025252525252525304,
                0.030303030303030276,
                0.005050505050505083,
                0.025252525252525304,
                0.015228426395939132,
                0.010101010101010055,
                0.02020202020202022,
                0.0,
                0.0,
                0.02020202020202022,
                0.025252525252525304,
                0.025252525252525304,
                0.005050505050505083,
                0.06060606060606055,
                0.005050505050505083,
                0.045454545454545414,
                0.010101010101010055,
                0.04040404040404044,
                0.297979797979798,
                0.10606060606060608,
                0.030303030303030276,
                0.0,
                0.21212121212121215,
                0.010101010101010055
            ]
        },
        "watermarked": {
            "median_seq_rep_3": 0.04292929292929293,
            "mean_seq_rep_3": 0.08859023175657352,
            "total_rep_3": 0.10582846311799088,
            "list_seq_rep_3": [
                0.06565656565656564,
                0.101010101010101,
                0.010101010101010055,
                0.14141414141414144,
                0.010101010101010055,
                0.6666666666666667,
                0.030303030303030276,
                0.045454545454545414,
                0.010101010101010055,
                0.03535353535353536,
                0.02020202020202022,
                0.015151515151515138,
                0.07070707070707072,
                0.1767676767676768,
                0.05154639175257736,
                0.02020202020202022,
                0.015151515151515138,
                0.010101010101010055,
                0.03535353535353536,
                0.010101010101010055,
                0.0,
                0.04040404040404044,
                0.12121212121212122,
                0.24242424242424243,
                0.045454545454545414,
                0.10152284263959388,
                0.06565656565656564,
                0.03535353535353536,
                0.16161616161616166,
                0.005050505050505083,
                0.1717171717171717,
                0.303030303030303
            ]
        }
    },
    "metadata": {
        "detection_method": "kgw",
        "num_samples": 32,
        "ppl_model": "/mnt/lustrenew/mllm_safety-shared/models/huggingface/meta-llama/Meta-Llama-3.1-8B"
    }
}