{
    "detection_scores": {
        "vanilla_scores": [
            0.38250743933112885,
            0.21681740584472967,
            0.10358208597462179,
            0.10358208597462179,
            0.6392026174713024,
            0.7544485191610798,
            0.44583680479645454,
            0.6392026174713024,
            0.21681740584472967,
            0.8836160351862405,
            0.32242573363325705,
            0.8471148436929272,
            0.026491784932231744,
            0.029291323400813283,
            0.6991775254935335,
            0.9375246722719879,
            0.38250743933112885,
            0.38250743933112885,
            0.21681740584472967,
            0.44583680479645454,
            0.1351159725207279,
            0.05734712978019507,
            0.26687849628994026,
            0.5758957701145038,
            0.5758957701145038,
            0.5758957701145038,
            0.8471148436929272,
            0.44583680479645454,
            0.9136074600438041,
            0.8471148436929272,
            0.5108662874554788,
            0.1351159725207279
        ],
        "watermarked_scores": [
            3.7434255435132964e-48,
            1.0529746093836494e-34,
            1.730111437829851e-44,
            2.5896200748330102e-39,
            7.46031146955063e-42,
            1.9343838171528282e-69,
            9.170461555778119e-31,
            5.333330207674378e-52,
            4.256772933855766e-49,
            1.9856652538743032e-99,
            1.174761542295389e-79,
            3.010189510040126e-85,
            5.333330207674378e-52,
            9.679756633112897e-65,
            3.773147184320832e-40,
            2.7994120780485463e-60,
            1.9343838171528282e-69,
            9.679756633112897e-65,
            1.9343838171528282e-69,
            2.179690300748062e-45,
            2.1137410814770143e-74,
            3.7434255435132964e-48,
            3.7434255435132964e-48,
            2.179690300748062e-45,
            9.485004931199938e-47,
            8.33798241727015e-93,
            4.7142258136105125e-50,
            7.557657014662922e-105,
            3.3687372541179135e-59,
            9.00804734701948e-60,
            4.8871352226551435e-56,
            2.7994120780485463e-60
        ],
        "mean_vanilla_score": 0.4550622847162843,
        "mean_watermarked_score": 2.866098300041147e-32,
        "median_watermarked_score": 2.666909460598322e-52,
        "median_vanilla_score": 0.44583680479645454
    },
    "perplexity_metrics": {
        "vanilla": {
            "mean_perplexity": 6.782928466796875,
            "median_perplexity": 6.064453125,
            "perplexities": [
                4.73828125,
                4.59375,
                5.80078125,
                4.24609375,
                5.1640625,
                10.2421875,
                4.98828125,
                12.109375,
                9.8046875,
                4.93359375,
                8.3046875,
                10.8359375,
                3.76953125,
                2.05078125,
                7.94140625,
                9.75,
                10.6640625,
                5.94921875,
                7.4453125,
                5.59765625,
                8.40625,
                4.90234375,
                6.40625,
                5.40234375,
                6.1796875,
                8.1953125,
                2.181640625,
                4.6640625,
                7.7578125,
                13.9140625,
                1.6064453125,
                8.5078125
            ]
        },
        "watermarked": {
            "mean_perplexity": 75.43179321289062,
            "median_perplexity": 63.328125,
            "perplexities": [
                108.1875,
                64.0625,
                38.71875,
                51.375,
                95.0625,
                26.34375,
                47.625,
                75.8125,
                137.25,
                2.56640625,
                65.375,
                29.0,
                62.59375,
                9.8671875,
                35.8125,
                110.3125,
                77.625,
                197.375,
                19.921875,
                132.0,
                10.6640625,
                176.875,
                56.5625,
                122.0625,
                82.625,
                7.140625,
                151.375,
                1.7666015625,
                270.75,
                55.25,
                9.921875,
                81.9375
            ]
        }
    },
    "repetition_metrics": {
        "vanilla": {
            "median_seq_rep_3": 0.025252525252525304,
            "mean_seq_rep_3": 0.04577260549659028,
            "total_rep_3": 0.05698500394632988,
            "list_seq_rep_3": [
                0.04040404040404044,
                0.1262626262626263,
                0.16161616161616166,
                0.08080808080808077,
                0.0,
                0.005050505050505083,
                0.025252525252525304,
                0.0,
                0.025252525252525304,
                0.030303030303030276,
                0.005050505050505083,
                0.025252525252525304,
                0.015228426395939132,
                0.010101010101010055,
                0.02020202020202022,
                0.0,
                0.0,
                0.02020202020202022,
                0.025252525252525304,
                0.025252525252525304,
                0.005050505050505083,
                0.06060606060606055,
                0.005050505050505083,
                0.045454545454545414,
                0.010101010101010055,
                0.04040404040404044,
                0.297979797979798,
                0.10606060606060608,
                0.030303030303030276,
                0.0,
                0.21212121212121215,
                0.010101010101010055
            ]
        },
        "watermarked": {
            "median_seq_rep_3": 0.13131313131313127,
            "mean_seq_rep_3": 0.2096158557312426,
            "total_rep_3": 0.22878811818612732,
            "list_seq_rep_3": [
                0.02020202020202022,
                0.1917098445595855,
                0.25757575757575757,
                0.13131313131313127,
                0.030303030303030276,
                0.3434343434343434,
                0.13131313131313127,
                0.08585858585858586,
                0.0,
                0.8131313131313131,
                0.18686868686868685,
                0.30808080808080807,
                0.13636363636363635,
                0.5505050505050505,
                0.21212121212121215,
                0.05555555555555558,
                0.06060606060606055,
                0.005050505050505083,
                0.35858585858585856,
                0.0,
                0.4949494949494949,
                0.03535353535353536,
                0.09090909090909094,
                0.03535353535353536,
                0.025380710659898442,
                0.6111111111111112,
                0.030303030303030276,
                0.9040404040404041,
                0.0,
                0.14213197969543145,
                0.40909090909090906,
                0.0505050505050505
            ]
        }
    },
    "metadata": {
        "detection_method": "kgw",
        "num_samples": 32,
        "ppl_model": "/mnt/lustrenew/mllm_safety-shared/models/huggingface/meta-llama/Meta-Llama-3.1-8B"
    }
}