{
    "detection_scores": {
        "vanilla_scores": [
            0.38250743933112885,
            0.21681740584472967,
            0.10358208597462179,
            0.10358208597462179,
            0.6392026174713024,
            0.7544485191610798,
            0.44583680479645454,
            0.6392026174713024,
            0.21681740584472967,
            0.8836160351862405,
            0.32242573363325705,
            0.8471148436929272,
            0.026491784932231744,
            0.029291323400813283,
            0.6991775254935335,
            0.9375246722719879,
            0.38250743933112885,
            0.38250743933112885,
            0.21681740584472967,
            0.44583680479645454,
            0.1351159725207279,
            0.05734712978019507,
            0.26687849628994026,
            0.5758957701145038,
            0.5758957701145038,
            0.5758957701145038,
            0.8471148436929272,
            0.44583680479645454,
            0.9136074600438041,
            0.8471148436929272,
            0.5108662874554788,
            0.1351159725207279
        ],
        "watermarked_scores": [
            0.7544485191610798,
            0.0008814169940861691,
            0.029291323400813283,
            0.020305707993592128,
            0.013792325396823218,
            3.6008151398279957e-06,
            0.020305707993592128,
            0.013792325396823218,
            0.0038229784327127665,
            0.0023926406266429954,
            5.0819502902761e-05,
            0.009178679390778589,
            0.020305707993592128,
            0.21681740584472967,
            0.05734712978019507,
            0.0038229784327127665,
            0.05734712978019507,
            0.00016911265119370079,
            0.21681740584472967,
            0.6392026174713024,
            0.013792325396823218,
            0.013792325396823218,
            0.07784753488527126,
            0.16221293030657816,
            0.020305707993592128,
            0.1351159725207279,
            1.1417761815694096e-05,
            0.0012640422276867533,
            0.6991775254935335,
            0.0038229784327127665,
            0.32242573363325705,
            0.26687849628994026
        ],
        "mean_vanilla_score": 0.4550622847162843,
        "mean_watermarked_score": 0.11864820385132498,
        "median_watermarked_score": 0.44583680479645454,
        "median_vanilla_score": 0.020305707993592128
    },
    "perplexity_metrics": {
        "vanilla": {
            "mean_perplexity": 6.782928466796875,
            "median_perplexity": 6.064453125,
            "perplexities": [
                4.73828125,
                4.59375,
                5.80078125,
                4.24609375,
                5.1640625,
                10.2421875,
                4.98828125,
                12.109375,
                9.8046875,
                4.93359375,
                8.3046875,
                10.8359375,
                3.76953125,
                2.05078125,
                7.94140625,
                9.75,
                10.6640625,
                5.94921875,
                7.4453125,
                5.59765625,
                8.40625,
                4.90234375,
                6.40625,
                5.40234375,
                6.1796875,
                8.1953125,
                2.181640625,
                4.6640625,
                7.7578125,
                13.9140625,
                1.6064453125,
                8.5078125
            ]
        },
        "watermarked": {
            "mean_perplexity": 7.42840576171875,
            "median_perplexity": 6.94921875,
            "perplexities": [
                5.94140625,
                6.6640625,
                7.3828125,
                3.146484375,
                4.36328125,
                9.3984375,
                5.671875,
                11.96875,
                8.84375,
                8.2890625,
                9.3046875,
                12.9453125,
                4.85546875,
                2.1953125,
                9.9609375,
                9.8671875,
                7.0859375,
                7.95703125,
                6.84765625,
                5.72265625,
                5.7734375,
                6.375,
                7.97265625,
                4.609375,
                6.3203125,
                11.3125,
                5.390625,
                4.2890625,
                7.05078125,
                17.796875,
                3.8515625,
                8.5546875
            ]
        }
    },
    "repetition_metrics": {
        "vanilla": {
            "median_seq_rep_3": 0.025252525252525304,
            "mean_seq_rep_3": 0.04577260549659028,
            "total_rep_3": 0.05698500394632988,
            "list_seq_rep_3": [
                0.04040404040404044,
                0.1262626262626263,
                0.16161616161616166,
                0.08080808080808077,
                0.0,
                0.005050505050505083,
                0.025252525252525304,
                0.0,
                0.025252525252525304,
                0.030303030303030276,
                0.005050505050505083,
                0.025252525252525304,
                0.015228426395939132,
                0.010101010101010055,
                0.02020202020202022,
                0.0,
                0.0,
                0.02020202020202022,
                0.025252525252525304,
                0.025252525252525304,
                0.005050505050505083,
                0.06060606060606055,
                0.005050505050505083,
                0.045454545454545414,
                0.010101010101010055,
                0.04040404040404044,
                0.297979797979798,
                0.10606060606060608,
                0.030303030303030276,
                0.0,
                0.21212121212121215,
                0.010101010101010055
            ]
        },
        "watermarked": {
            "median_seq_rep_3": 0.01767676767676768,
            "mean_seq_rep_3": 0.03032946854330103,
            "total_rep_3": 0.03868624664456022,
            "list_seq_rep_3": [
                0.09595959595959591,
                0.02020202020202022,
                0.02020202020202022,
                0.03535353535353536,
                0.1262626262626263,
                0.005050505050505083,
                0.005050505050505083,
                0.010101010101010055,
                0.025252525252525304,
                0.005050505050505083,
                0.005050505050505083,
                0.0,
                0.0,
                0.04040404040404044,
                0.030303030303030276,
                0.015151515151515138,
                0.08585858585858586,
                0.0,
                0.02020202020202022,
                0.09595959595959591,
                0.010101010101010055,
                0.015151515151515138,
                0.0,
                0.045685279187817285,
                0.005050505050505083,
                0.0,
                0.025380710659898442,
                0.09644670050761417,
                0.010101010101010055,
                0.010101010101010055,
                0.09090909090909094,
                0.02020202020202022
            ]
        }
    },
    "metadata": {
        "detection_method": "kgw",
        "num_samples": 32,
        "ppl_model": "/mnt/lustrenew/mllm_safety-shared/models/huggingface/meta-llama/Meta-Llama-3.1-8B"
    }
}