{
    "detection_scores": {
        "vanilla_scores": [
            0.38250743933112885,
            0.21681740584472967,
            0.10358208597462179,
            0.10358208597462179,
            0.6392026174713024,
            0.7544485191610798,
            0.44583680479645454,
            0.6392026174713024,
            0.21681740584472967,
            0.8836160351862405,
            0.32242573363325705,
            0.8471148436929272,
            0.026491784932231744,
            0.029291323400813283,
            0.6991775254935335,
            0.9375246722719879,
            0.38250743933112885,
            0.38250743933112885,
            0.21681740584472967,
            0.44583680479645454,
            0.1351159725207279,
            0.05734712978019507,
            0.26687849628994026,
            0.5758957701145038,
            0.5758957701145038,
            0.5758957701145038,
            0.8471148436929272,
            0.44583680479645454,
            0.9136074600438041,
            0.8471148436929272,
            0.5108662874554788,
            0.1351159725207279
        ],
        "watermarked_scores": [
            1.4378346546217588e-20,
            2.787241995807037e-35,
            2.5896200748330102e-39,
            5.593652455987735e-24,
            2.904737994041419e-25,
            1.326402664727969e-63,
            2.9432309769801617e-27,
            1.0119042559603408e-42,
            5.333330207674378e-52,
            5.593652455987735e-24,
            1.7362110680478014e-38,
            2.6778610703480543e-46,
            2.787241995807037e-35,
            1.185855146094052e-09,
            4.8871352226551435e-56,
            1.6672599345026213e-34,
            2.787241995807037e-35,
            9.923906683417619e-23,
            9.170461555778119e-31,
            6.417595140328996e-26,
            2.787241995807037e-35,
            2.904737994041419e-25,
            3.207189137152643e-47,
            2.787241995807037e-35,
            1.2413159516351698e-28,
            1.1373502558397022e-37,
            1.3395210011940047e-43,
            3.1240755536899586e-32,
            4.810247106298303e-30,
            2.5896200748330102e-39,
            4.378957471467549e-18,
            1.7362110680478014e-38
        ],
        "mean_vanilla_score": 0.4550622847162843,
        "mean_watermarked_score": 3.705797345273434e-11,
        "median_watermarked_score": 2.787241995807037e-35,
        "median_vanilla_score": 0.44583680479645454
    },
    "perplexity_metrics": {
        "vanilla": {
            "mean_perplexity": 6.782928466796875,
            "median_perplexity": 6.064453125,
            "perplexities": [
                4.73828125,
                4.59375,
                5.80078125,
                4.24609375,
                5.1640625,
                10.2421875,
                4.98828125,
                12.109375,
                9.8046875,
                4.93359375,
                8.3046875,
                10.8359375,
                3.76953125,
                2.05078125,
                7.94140625,
                9.75,
                10.6640625,
                5.94921875,
                7.4453125,
                5.59765625,
                8.40625,
                4.90234375,
                6.40625,
                5.40234375,
                6.1796875,
                8.1953125,
                2.181640625,
                4.6640625,
                7.7578125,
                13.9140625,
                1.6064453125,
                8.5078125
            ]
        },
        "watermarked": {
            "mean_perplexity": 20.3167724609375,
            "median_perplexity": 18.984375,
            "perplexities": [
                13.8828125,
                18.609375,
                21.671875,
                7.8828125,
                11.671875,
                26.453125,
                12.5703125,
                39.875,
                10.1171875,
                6.90234375,
                20.765625,
                33.375,
                16.90625,
                6.7734375,
                30.09375,
                31.109375,
                15.828125,
                15.25,
                23.4375,
                12.9921875,
                21.25,
                10.875,
                26.65625,
                23.671875,
                21.09375,
                19.359375,
                24.953125,
                15.640625,
                28.109375,
                56.78125,
                8.828125,
                16.75
            ]
        }
    },
    "repetition_metrics": {
        "vanilla": {
            "median_seq_rep_3": 0.025252525252525304,
            "mean_seq_rep_3": 0.04577260549659028,
            "total_rep_3": 0.05698500394632988,
            "list_seq_rep_3": [
                0.04040404040404044,
                0.1262626262626263,
                0.16161616161616166,
                0.08080808080808077,
                0.0,
                0.005050505050505083,
                0.025252525252525304,
                0.0,
                0.025252525252525304,
                0.030303030303030276,
                0.005050505050505083,
                0.025252525252525304,
                0.015228426395939132,
                0.010101010101010055,
                0.02020202020202022,
                0.0,
                0.0,
                0.02020202020202022,
                0.025252525252525304,
                0.025252525252525304,
                0.005050505050505083,
                0.06060606060606055,
                0.005050505050505083,
                0.045454545454545414,
                0.010101010101010055,
                0.04040404040404044,
                0.297979797979798,
                0.10606060606060608,
                0.030303030303030276,
                0.0,
                0.21212121212121215,
                0.010101010101010055
            ]
        },
        "watermarked": {
            "median_seq_rep_3": 0.02777777777777779,
            "mean_seq_rep_3": 0.0565137414756704,
            "total_rep_3": 0.07324388318863462,
            "list_seq_rep_3": [
                0.07106598984771573,
                0.03535353535353536,
                0.015151515151515138,
                0.1515151515151515,
                0.015151515151515138,
                0.0505050505050505,
                0.03535353535353536,
                0.03535353535353536,
                0.2828282828282829,
                0.23232323232323238,
                0.010101010101010055,
                0.03535353535353536,
                0.02020202020202022,
                0.010101010101010055,
                0.02020202020202022,
                0.02020202020202022,
                0.025252525252525304,
                0.16666666666666663,
                0.005050505050505083,
                0.015151515151515138,
                0.015151515151515138,
                0.0505050505050505,
                0.03535353535353536,
                0.010101010101010055,
                0.005050505050505083,
                0.09595959595959591,
                0.015151515151515138,
                0.045454545454545414,
                0.005050505050505083,
                0.010101010101010055,
                0.23737373737373735,
                0.030303030303030276
            ]
        }
    },
    "metadata": {
        "detection_method": "kgw",
        "num_samples": 32,
        "ppl_model": "/mnt/lustrenew/mllm_safety-shared/models/huggingface/meta-llama/Meta-Llama-3.1-8B"
    }
}