{
    "detection_scores": {
        "vanilla_scores": [
            0.38250743933112885,
            0.21681740584472967,
            0.10358208597462179,
            0.10358208597462179,
            0.6392026174713024,
            0.7544485191610798,
            0.44583680479645454,
            0.6392026174713024,
            0.21681740584472967,
            0.8836160351862405,
            0.32242573363325705,
            0.8471148436929272,
            0.026491784932231744,
            0.029291323400813283,
            0.6991775254935335,
            0.9375246722719879,
            0.38250743933112885,
            0.38250743933112885,
            0.21681740584472967,
            0.44583680479645454,
            0.1351159725207279,
            0.05734712978019507,
            0.26687849628994026,
            0.5758957701145038,
            0.5758957701145038,
            0.5758957701145038,
            0.8471148436929272,
            0.44583680479645454,
            0.9136074600438041,
            0.8471148436929272,
            0.5108662874554788,
            0.1351159725207279
        ],
        "watermarked_scores": [
            1.711047660696746e-31,
            1.4607012240706947e-32,
            1.3395210011940047e-43,
            2.5896200748330102e-39,
            9.753438626106413e-34,
            1.326402664727969e-63,
            4.556155737577618e-36,
            1.1334339044757873e-30,
            2.9432309769801617e-27,
            1.523466595091507e-17,
            5.369211233986705e-41,
            4.448620871212126e-57,
            5.369211233986705e-41,
            4.8871352226551435e-56,
            2.787241995807037e-35,
            1.711047660696746e-31,
            7.46031146955063e-42,
            3.3687372541179135e-59,
            5.369211233986705e-41,
            6.1083709381796425e-28,
            1.0119042559603408e-42,
            1.4388154270313488e-07,
            1.0119042559603408e-42,
            2.469713844916831e-29,
            5.0828097750534414e-51,
            2.179690300748062e-45,
            2.6778610703480543e-46,
            2.9432309769801617e-27,
            7.462211555594298e-35,
            4.2526428379339534e-40,
            9.226282199829347e-20,
            5.333330207674378e-52
        ],
        "mean_vanilla_score": 0.4550622847162843,
        "mean_watermarked_score": 4.496298209951932e-09,
        "median_watermarked_score": 1.507442179313203e-39,
        "median_vanilla_score": 0.44583680479645454
    },
    "perplexity_metrics": {
        "vanilla": {
            "mean_perplexity": 6.782928466796875,
            "median_perplexity": 6.064453125,
            "perplexities": [
                4.73828125,
                4.59375,
                5.80078125,
                4.24609375,
                5.1640625,
                10.2421875,
                4.98828125,
                12.109375,
                9.8046875,
                4.93359375,
                8.3046875,
                10.8359375,
                3.76953125,
                2.05078125,
                7.94140625,
                9.75,
                10.6640625,
                5.94921875,
                7.4453125,
                5.59765625,
                8.40625,
                4.90234375,
                6.40625,
                5.40234375,
                6.1796875,
                8.1953125,
                2.181640625,
                4.6640625,
                7.7578125,
                13.9140625,
                1.6064453125,
                8.5078125
            ]
        },
        "watermarked": {
            "mean_perplexity": 50.0447998046875,
            "median_perplexity": 41.328125,
            "perplexities": [
                36.5,
                76.125,
                26.453125,
                17.59375,
                31.296875,
                46.53125,
                24.609375,
                94.6875,
                125.4375,
                69.0,
                44.3125,
                74.3125,
                67.6875,
                7.65234375,
                43.09375,
                37.53125,
                39.625,
                35.25,
                37.3125,
                37.59375,
                45.8125,
                25.234375,
                43.03125,
                32.53125,
                20.28125,
                48.28125,
                9.375,
                46.59375,
                91.4375,
                33.125,
                163.0,
                70.125
            ]
        }
    },
    "repetition_metrics": {
        "vanilla": {
            "median_seq_rep_3": 0.025252525252525304,
            "mean_seq_rep_3": 0.04577260549659028,
            "total_rep_3": 0.05698500394632988,
            "list_seq_rep_3": [
                0.04040404040404044,
                0.1262626262626263,
                0.16161616161616166,
                0.08080808080808077,
                0.0,
                0.005050505050505083,
                0.025252525252525304,
                0.0,
                0.025252525252525304,
                0.030303030303030276,
                0.005050505050505083,
                0.025252525252525304,
                0.015228426395939132,
                0.010101010101010055,
                0.02020202020202022,
                0.0,
                0.0,
                0.02020202020202022,
                0.025252525252525304,
                0.025252525252525304,
                0.005050505050505083,
                0.06060606060606055,
                0.005050505050505083,
                0.045454545454545414,
                0.010101010101010055,
                0.04040404040404044,
                0.297979797979798,
                0.10606060606060608,
                0.030303030303030276,
                0.0,
                0.21212121212121215,
                0.010101010101010055
            ]
        },
        "watermarked": {
            "median_seq_rep_3": 0.043031841255191494,
            "mean_seq_rep_3": 0.10324505028284989,
            "total_rep_3": 0.12266835282959221,
            "list_seq_rep_3": [
                0.04040404040404044,
                0.0,
                0.1767676767676768,
                0.15656565656565657,
                0.010101010101010055,
                0.07070707070707072,
                0.025252525252525304,
                0.025510204081632626,
                0.0,
                0.04040404040404044,
                0.005050505050505083,
                0.02020202020202022,
                0.005050505050505083,
                0.48989898989898994,
                0.18686868686868685,
                0.04040404040404044,
                0.11616161616161613,
                0.26262626262626265,
                0.0757575757575758,
                0.015151515151515138,
                0.0757575757575758,
                0.19072164948453607,
                0.045454545454545414,
                0.1767676767676768,
                0.29292929292929293,
                0.010101010101010055,
                0.38383838383838387,
                0.16666666666666663,
                0.040609137055837574,
                0.15306122448979587,
                0.0,
                0.005050505050505083
            ]
        }
    },
    "metadata": {
        "detection_method": "kgw",
        "num_samples": 32,
        "ppl_model": "/mnt/lustrenew/mllm_safety-shared/models/huggingface/meta-llama/Meta-Llama-3.1-8B"
    }
}