{
    "detection_scores": {
        "vanilla_scores": [
            0.38250743933112885,
            0.21681740584472967,
            0.10358208597462179,
            0.10358208597462179,
            0.6392026174713024,
            0.7544485191610798,
            0.44583680479645454,
            0.6392026174713024,
            0.21681740584472967,
            0.8836160351862405,
            0.32242573363325705,
            0.8471148436929272,
            0.026491784932231744,
            0.029291323400813283,
            0.6991775254935335,
            0.9375246722719879,
            0.38250743933112885,
            0.38250743933112885,
            0.21681740584472967,
            0.44583680479645454,
            0.1351159725207279,
            0.05734712978019507,
            0.26687849628994026,
            0.5758957701145038,
            0.5758957701145038,
            0.5758957701145038,
            0.8471148436929272,
            0.44583680479645454,
            0.9136074600438041,
            0.8471148436929272,
            0.5108662874554788,
            0.1351159725207279
        ],
        "watermarked_scores": [
            0.17746039027834445,
            3.1000907203657105e-28,
            1.6672599345026213e-34,
            2.5896200748330102e-39,
            6.417595140328996e-26,
            1.2338456690107672e-18,
            1.5133211591621492e-27,
            1.9784782860658728e-36,
            2.673293587114147e-37,
            3.436341394431526e-05,
            9.170461555778119e-31,
            7.281123580937401e-37,
            3.455202456290012e-17,
            1.83019461498296e-15,
            3.073467842398563e-07,
            4.409931080022654e-31,
            3.737625320212432e-27,
            5.766690882776088e-15,
            0.6053025433062099,
            8.114198542547791e-32,
            9.923906683417619e-23,
            0.695572070742698,
            5.012752242604624e-44,
            3.1726900762179065e-13,
            4.8905302519953945e-08,
            1.6672599345026213e-34,
            1.7133260070870263e-23,
            2.5550860011513848e-25,
            1.9784782860658728e-36,
            2.7873282440212563e-12,
            1.0119042559603408e-42,
            2.469713844916831e-29
        ],
        "mean_vanilla_score": 0.4550622847162843,
        "mean_watermarked_score": 0.04619905387488736,
        "median_watermarked_score": 3.395678836175119e-26,
        "median_vanilla_score": 0.44583680479645454
    },
    "perplexity_metrics": {
        "vanilla": {
            "mean_perplexity": 6.782928466796875,
            "median_perplexity": 6.064453125,
            "perplexities": [
                4.73828125,
                4.59375,
                5.80078125,
                4.24609375,
                5.1640625,
                10.2421875,
                4.98828125,
                12.109375,
                9.8046875,
                4.93359375,
                8.3046875,
                10.8359375,
                3.76953125,
                2.05078125,
                7.94140625,
                9.75,
                10.6640625,
                5.94921875,
                7.4453125,
                5.59765625,
                8.40625,
                4.90234375,
                6.40625,
                5.40234375,
                6.1796875,
                8.1953125,
                2.181640625,
                4.6640625,
                7.7578125,
                13.9140625,
                1.6064453125,
                8.5078125
            ]
        },
        "watermarked": {
            "mean_perplexity": Infinity,
            "median_perplexity": 674.5,
            "perplexities": [
                Infinity,
                1386.0,
                753.5,
                436.25,
                510.0,
                719.0,
                945.5,
                613.0,
                370.25,
                34656.0,
                269.75,
                582.5,
                4952.0,
                3458.0,
                36608.0,
                482.75,
                678.5,
                2822.0,
                Infinity,
                538.5,
                490.5,
                Infinity,
                670.5,
                55.90625,
                13464.0,
                206.0,
                339.75,
                1114.0,
                634.5,
                5836.0,
                411.5,
                582.5
            ]
        }
    },
    "repetition_metrics": {
        "vanilla": {
            "median_seq_rep_3": 0.025252525252525304,
            "mean_seq_rep_3": 0.04577260549659028,
            "total_rep_3": 0.05698500394632988,
            "list_seq_rep_3": [
                0.04040404040404044,
                0.1262626262626263,
                0.16161616161616166,
                0.08080808080808077,
                0.0,
                0.005050505050505083,
                0.025252525252525304,
                0.0,
                0.025252525252525304,
                0.030303030303030276,
                0.005050505050505083,
                0.025252525252525304,
                0.015228426395939132,
                0.010101010101010055,
                0.02020202020202022,
                0.0,
                0.0,
                0.02020202020202022,
                0.025252525252525304,
                0.025252525252525304,
                0.005050505050505083,
                0.06060606060606055,
                0.005050505050505083,
                0.045454545454545414,
                0.010101010101010055,
                0.04040404040404044,
                0.297979797979798,
                0.10606060606060608,
                0.030303030303030276,
                0.0,
                0.21212121212121215,
                0.010101010101010055
            ]
        },
        "watermarked": {
            "median_seq_rep_3": 0.017766497461928932,
            "mean_seq_rep_3": 0.048963317501836884,
            "total_rep_3": 0.08280856423173799,
            "list_seq_rep_3": [
                0.0,
                0.0,
                0.010101010101010055,
                0.045454545454545414,
                0.030303030303030276,
                0.04040404040404044,
                0.02030456852791873,
                0.010152284263959421,
                0.055276381909547756,
                0.0,
                0.13636363636363635,
                0.0,
                0.0,
                0.025252525252525304,
                0.0,
                0.08629441624365486,
                0.005102040816326481,
                0.015151515151515138,
                0.0,
                0.060913705583756306,
                0.045454545454545414,
                0.0,
                0.015228426395939132,
                0.5076142131979695,
                0.0,
                0.16161616161616166,
                0.14871794871794874,
                0.025906735751295318,
                0.030456852791878153,
                0.015000000000000013,
                0.06060606060606055,
                0.015151515151515138
            ]
        }
    },
    "metadata": {
        "detection_method": "kgw",
        "num_samples": 32,
        "ppl_model": "/mnt/lustrenew/mllm_safety-shared/models/huggingface/meta-llama/Meta-Llama-3.1-8B"
    }
}