{
    "detection_scores": {
        "vanilla_scores": [
            0.38250743933112885,
            0.21681740584472967,
            0.10358208597462179,
            0.10358208597462179,
            0.6392026174713024,
            0.7544485191610798,
            0.44583680479645454,
            0.6392026174713024,
            0.21681740584472967,
            0.8836160351862405,
            0.32242573363325705,
            0.8471148436929272,
            0.026491784932231744,
            0.029291323400813283,
            0.6991775254935335,
            0.9375246722719879,
            0.38250743933112885,
            0.38250743933112885,
            0.21681740584472967,
            0.44583680479645454,
            0.1351159725207279,
            0.05734712978019507,
            0.26687849628994026,
            0.5758957701145038,
            0.5758957701145038,
            0.5758957701145038,
            0.8471148436929272,
            0.44583680479645454,
            0.9136074600438041,
            0.8471148436929272,
            0.5108662874554788,
            0.1351159725207279
        ],
        "watermarked_scores": [
            5.213676766424362e-55,
            3.08692678222241e-47,
            4.448620871212126e-57,
            7.192104585134415e-39,
            7.192104585134415e-39,
            1.4047502520858374e-56,
            3.113237154363594e-37,
            1.7362110680478014e-38,
            5.213676766424362e-55,
            7.281123580937401e-37,
            5.4440730842594115e-53,
            4.556155737577618e-36,
            8.244882409654037e-42,
            1.4607012240706947e-32,
            2.891339524242926e-42,
            1.0554585713991996e-39,
            1.6738992774809722e-53,
            0.010332090892289723,
            0.00016911265119370079,
            9.100044528734715e-47,
            1.523466595091507e-17,
            0.9999991856106585,
            4.7142258136105125e-50,
            4.448620871212126e-57,
            6.953669032618653e-62,
            1.711047660696746e-31,
            1.6738992774809722e-53,
            4.256772933855766e-49,
            4.810247106298303e-30,
            4.810247106298303e-30,
            4.8871352226551435e-56,
            0.00016911265119370079
        ],
        "mean_vanilla_score": 0.4550622847162843,
        "mean_watermarked_score": 0.03158342193141674,
        "median_watermarked_score": 5.3185172690442684e-40,
        "median_vanilla_score": 0.44583680479645454
    },
    "perplexity_metrics": {
        "vanilla": {
            "mean_perplexity": 6.782928466796875,
            "median_perplexity": 6.064453125,
            "perplexities": [
                4.73828125,
                4.59375,
                5.80078125,
                4.24609375,
                5.1640625,
                10.2421875,
                4.98828125,
                12.109375,
                9.8046875,
                4.93359375,
                8.3046875,
                10.8359375,
                3.76953125,
                2.05078125,
                7.94140625,
                9.75,
                10.6640625,
                5.94921875,
                7.4453125,
                5.59765625,
                8.40625,
                4.90234375,
                6.40625,
                5.40234375,
                6.1796875,
                8.1953125,
                2.181640625,
                4.6640625,
                7.7578125,
                13.9140625,
                1.6064453125,
                8.5078125
            ]
        },
        "watermarked": {
            "mean_perplexity": 303.430908203125,
            "median_perplexity": 290.375,
            "perplexities": [
                57.21875,
                349.25,
                184.75,
                275.0,
                342.5,
                398.75,
                605.5,
                824.5,
                346.5,
                305.75,
                240.875,
                464.25,
                210.125,
                475.25,
                450.0,
                629.5,
                488.5,
                109.875,
                20.40625,
                380.5,
                14.328125,
                20.328125,
                44.5625,
                555.5,
                275.0,
                35.46875,
                247.625,
                127.9375,
                88.625,
                594.0,
                538.5,
                8.9140625
            ]
        }
    },
    "repetition_metrics": {
        "vanilla": {
            "median_seq_rep_3": 0.025252525252525304,
            "mean_seq_rep_3": 0.04577260549659028,
            "total_rep_3": 0.05698500394632988,
            "list_seq_rep_3": [
                0.04040404040404044,
                0.1262626262626263,
                0.16161616161616166,
                0.08080808080808077,
                0.0,
                0.005050505050505083,
                0.025252525252525304,
                0.0,
                0.025252525252525304,
                0.030303030303030276,
                0.005050505050505083,
                0.025252525252525304,
                0.015228426395939132,
                0.010101010101010055,
                0.02020202020202022,
                0.0,
                0.0,
                0.02020202020202022,
                0.025252525252525304,
                0.025252525252525304,
                0.005050505050505083,
                0.06060606060606055,
                0.005050505050505083,
                0.045454545454545414,
                0.010101010101010055,
                0.04040404040404044,
                0.297979797979798,
                0.10606060606060608,
                0.030303030303030276,
                0.0,
                0.21212121212121215,
                0.010101010101010055
            ]
        },
        "watermarked": {
            "median_seq_rep_3": 0.06584884376762551,
            "mean_seq_rep_3": 0.1486311712022242,
            "total_rep_3": 0.16369094643703586,
            "list_seq_rep_3": [
                0.23737373737373735,
                0.07999999999999996,
                0.15656565656565657,
                0.07614213197969544,
                0.02030456852791873,
                0.030456852791878153,
                0.005076142131979711,
                0.0,
                0.05555555555555558,
                0.0505050505050505,
                0.09595959595959591,
                0.0505050505050505,
                0.16836734693877553,
                0.010152284263959421,
                0.040609137055837574,
                0.010152284263959421,
                0.005076142131979711,
                0.12060301507537685,
                0.6363636363636364,
                0.045226130653266305,
                0.5151515151515151,
                0.4517766497461929,
                0.3737373737373737,
                0.005050505050505083,
                0.045226130653266305,
                0.25757575757575757,
                0.1116751269035533,
                0.202020202020202,
                0.23737373737373735,
                0.0,
                0.0,
                0.6616161616161615
            ]
        }
    },
    "metadata": {
        "detection_method": "kgw",
        "num_samples": 32,
        "ppl_model": "/mnt/lustrenew/mllm_safety-shared/models/huggingface/meta-llama/Meta-Llama-3.1-8B"
    }
}