{
    "detection_scores": {
        "vanilla_scores": [
            0.38250743933112885,
            0.21681740584472967,
            0.10358208597462179,
            0.10358208597462179,
            0.6392026174713024,
            0.7544485191610798,
            0.44583680479645454,
            0.6392026174713024,
            0.21681740584472967,
            0.8836160351862405,
            0.32242573363325705,
            0.8471148436929272,
            0.026491784932231744,
            0.029291323400813283,
            0.6991775254935335,
            0.9375246722719879,
            0.38250743933112885,
            0.38250743933112885,
            0.21681740584472967,
            0.44583680479645454,
            0.1351159725207279,
            0.05734712978019507,
            0.26687849628994026,
            0.5758957701145038,
            0.5758957701145038,
            0.5758957701145038,
            0.8471148436929272,
            0.44583680479645454,
            0.9136074600438041,
            0.8471148436929272,
            0.5108662874554788,
            0.1351159725207279
        ],
        "watermarked_scores": [
            4.556155737577618e-36,
            3.1240755536899586e-32,
            5.5809499869590474e-33,
            1.730111437829851e-44,
            1.2878606109634313e-24,
            1.0772534812365856e-58,
            4.648683044733669e-67,
            8.205124727739097e-39,
            1.1145838724702722e-47,
            4.556155737577618e-36,
            3.207189137152643e-47,
            2.254153727876388e-61,
            4.8871352226551435e-56,
            1.3395210011940047e-43,
            4.256772933855766e-49,
            1.174761542295389e-79,
            5.96004632013563e-45,
            5.403829695606577e-54,
            3.7434255435132964e-48,
            1.7362110680478014e-38,
            1.0119042559603408e-42,
            2.179690300748062e-45,
            1.6738992774809722e-53,
            9.679756633112897e-65,
            5.403829695606577e-54,
            5.0828097750534414e-51,
            3.773147184320832e-40,
            2.3063353935248605e-45,
            1.1373502558397022e-37,
            7.865942802032404e-46,
            1.228918809211306e-35,
            4.8871352226551435e-56
        ],
        "mean_vanilla_score": 0.4550622847162843,
        "mean_watermarked_score": 4.024564524395868e-26,
        "median_watermarked_score": 1.483142290475651e-45,
        "median_vanilla_score": 0.44583680479645454
    },
    "perplexity_metrics": {
        "vanilla": {
            "mean_perplexity": 6.782928466796875,
            "median_perplexity": 6.064453125,
            "perplexities": [
                4.73828125,
                4.59375,
                5.80078125,
                4.24609375,
                5.1640625,
                10.2421875,
                4.98828125,
                12.109375,
                9.8046875,
                4.93359375,
                8.3046875,
                10.8359375,
                3.76953125,
                2.05078125,
                7.94140625,
                9.75,
                10.6640625,
                5.94921875,
                7.4453125,
                5.59765625,
                8.40625,
                4.90234375,
                6.40625,
                5.40234375,
                6.1796875,
                8.1953125,
                2.181640625,
                4.6640625,
                7.7578125,
                13.9140625,
                1.6064453125,
                8.5078125
            ]
        },
        "watermarked": {
            "mean_perplexity": 95.8154296875,
            "median_perplexity": 100.78125,
            "perplexities": [
                187.625,
                94.6875,
                107.3125,
                108.1875,
                124.5,
                78.1875,
                127.4375,
                56.78125,
                129.5,
                220.25,
                113.8125,
                46.25,
                43.875,
                31.296875,
                43.625,
                7.4453125,
                65.875,
                157.375,
                110.75,
                125.9375,
                118.8125,
                106.875,
                138.375,
                13.0703125,
                57.4375,
                42.53125,
                24.28125,
                58.34375,
                59.03125,
                183.25,
                203.625,
                79.75
            ]
        }
    },
    "repetition_metrics": {
        "vanilla": {
            "median_seq_rep_3": 0.025252525252525304,
            "mean_seq_rep_3": 0.04577260549659028,
            "total_rep_3": 0.05698500394632988,
            "list_seq_rep_3": [
                0.04040404040404044,
                0.1262626262626263,
                0.16161616161616166,
                0.08080808080808077,
                0.0,
                0.005050505050505083,
                0.025252525252525304,
                0.0,
                0.025252525252525304,
                0.030303030303030276,
                0.005050505050505083,
                0.025252525252525304,
                0.015228426395939132,
                0.010101010101010055,
                0.02020202020202022,
                0.0,
                0.0,
                0.02020202020202022,
                0.025252525252525304,
                0.025252525252525304,
                0.005050505050505083,
                0.06060606060606055,
                0.005050505050505083,
                0.045454545454545414,
                0.010101010101010055,
                0.04040404040404044,
                0.297979797979798,
                0.10606060606060608,
                0.030303030303030276,
                0.0,
                0.21212121212121215,
                0.010101010101010055
            ]
        },
        "watermarked": {
            "median_seq_rep_3": 0.048107983387171205,
            "mean_seq_rep_3": 0.10172478388307693,
            "total_rep_3": 0.12897107633949734,
            "list_seq_rep_3": [
                0.03535353535353536,
                0.07070707070707072,
                0.010101010101010055,
                0.045454545454545414,
                0.005050505050505083,
                0.025380710659898442,
                0.02020202020202022,
                0.10769230769230764,
                0.050761421319796995,
                0.0,
                0.010101010101010055,
                0.16666666666666663,
                0.13636363636363635,
                0.1515151515151515,
                0.2525252525252525,
                0.595959595959596,
                0.10050251256281406,
                0.045454545454545414,
                0.015151515151515138,
                0.025252525252525304,
                0.005050505050505083,
                0.05555555555555558,
                0.0,
                0.5101010101010102,
                0.09090909090909094,
                0.1717171717171717,
                0.33333333333333337,
                0.1071428571428571,
                0.03535353535353536,
                0.0,
                0.015228426395939132,
                0.06060606060606055
            ]
        }
    },
    "metadata": {
        "detection_method": "kgw",
        "num_samples": 32,
        "ppl_model": "/mnt/lustrenew/mllm_safety-shared/models/huggingface/meta-llama/Meta-Llama-3.1-8B"
    }
}