{
    "detection_scores": {
        "vanilla_scores": [
            0.38250743933112885,
            0.21681740584472967,
            0.10358208597462179,
            0.10358208597462179,
            0.6392026174713024,
            0.7544485191610798,
            0.44583680479645454,
            0.6392026174713024,
            0.21681740584472967,
            0.8836160351862405,
            0.32242573363325705,
            0.8471148436929272,
            0.026491784932231744,
            0.029291323400813283,
            0.6991775254935335,
            0.9375246722719879,
            0.38250743933112885,
            0.38250743933112885,
            0.21681740584472967,
            0.44583680479645454,
            0.1351159725207279,
            0.05734712978019507,
            0.26687849628994026,
            0.5758957701145038,
            0.5758957701145038,
            0.5758957701145038,
            0.8471148436929272,
            0.44583680479645454,
            0.9136074600438041,
            0.8471148436929272,
            0.5108662874554788,
            0.1351159725207279
        ],
        "watermarked_scores": [
            6.66759169705751e-07,
            3.7209798727626364e-08,
            2.7542100548833858e-11,
            7.193361071692652e-06,
            0.9999999999999414,
            1.83019461498296e-15,
            1.0234594838755463e-11,
            1.332115231257131e-12,
            3.40789231276129e-19,
            0.00016911265119370079,
            1.332115231257131e-12,
            5.766690882776088e-15,
            1.332115231257131e-12,
            1.4083981957400238e-05,
            3.6008151398279957e-06,
            8.380496965030422e-08,
            7.267101730688786e-11,
            1.8800047124413736e-10,
            2.891292403323301e-09,
            1.6196290272301364e-08,
            5.3958948221818666e-14,
            0.0002992415380524399,
            2.7024904108606995e-05,
            8.495616097290753e-07,
            1.8800047124413736e-10,
            5.180739749914511e-11,
            0.0014671279285978405,
            2.891292403323301e-09,
            4.768531402796335e-10,
            3.40789231276129e-19,
            4.768531402796335e-10,
            5.3958948221818666e-14
        ],
        "mean_vanilla_score": 0.4550622847162843,
        "mean_watermarked_score": 0.031312157687205,
        "median_watermarked_score": 4.768531402796335e-10,
        "median_vanilla_score": 0.44583680479645454
    },
    "perplexity_metrics": {
        "vanilla": {
            "mean_perplexity": 6.782928466796875,
            "median_perplexity": 6.064453125,
            "perplexities": [
                4.73828125,
                4.59375,
                5.80078125,
                4.24609375,
                5.1640625,
                10.2421875,
                4.98828125,
                12.109375,
                9.8046875,
                4.93359375,
                8.3046875,
                10.8359375,
                3.76953125,
                2.05078125,
                7.94140625,
                9.75,
                10.6640625,
                5.94921875,
                7.4453125,
                5.59765625,
                8.40625,
                4.90234375,
                6.40625,
                5.40234375,
                6.1796875,
                8.1953125,
                2.181640625,
                4.6640625,
                7.7578125,
                13.9140625,
                1.6064453125,
                8.5078125
            ]
        },
        "watermarked": {
            "mean_perplexity": 12.109344482421875,
            "median_perplexity": 10.9609375,
            "perplexities": [
                9.8046875,
                14.640625,
                8.828125,
                4.50390625,
                1.5556640625,
                13.9921875,
                9.484375,
                19.09375,
                10.5859375,
                18.6875,
                12.0859375,
                31.296875,
                7.625,
                3.658203125,
                22.140625,
                13.5078125,
                11.3359375,
                10.0234375,
                10.1015625,
                12.890625,
                9.828125,
                6.5859375,
                6.4375,
                17.421875,
                9.734375,
                6.203125,
                13.59375,
                11.53125,
                21.796875,
                17.515625,
                9.0390625,
                11.96875
            ]
        }
    },
    "repetition_metrics": {
        "vanilla": {
            "median_seq_rep_3": 0.025252525252525304,
            "mean_seq_rep_3": 0.04577260549659028,
            "total_rep_3": 0.05698500394632988,
            "list_seq_rep_3": [
                0.04040404040404044,
                0.1262626262626263,
                0.16161616161616166,
                0.08080808080808077,
                0.0,
                0.005050505050505083,
                0.025252525252525304,
                0.0,
                0.025252525252525304,
                0.030303030303030276,
                0.005050505050505083,
                0.025252525252525304,
                0.015228426395939132,
                0.010101010101010055,
                0.02020202020202022,
                0.0,
                0.0,
                0.02020202020202022,
                0.025252525252525304,
                0.025252525252525304,
                0.005050505050505083,
                0.06060606060606055,
                0.005050505050505083,
                0.045454545454545414,
                0.010101010101010055,
                0.04040404040404044,
                0.297979797979798,
                0.10606060606060608,
                0.030303030303030276,
                0.0,
                0.21212121212121215,
                0.010101010101010055
            ]
        },
        "watermarked": {
            "median_seq_rep_3": 0.022727272727272763,
            "mean_seq_rep_3": 0.06836928934010152,
            "total_rep_3": 0.08335964635301552,
            "list_seq_rep_3": [
                0.025380710659898442,
                0.05555555555555558,
                0.030303030303030276,
                0.06565656565656564,
                0.8282828282828283,
                0.04040404040404044,
                0.010101010101010055,
                0.025252525252525304,
                0.045454545454545414,
                0.0,
                0.005050505050505083,
                0.015151515151515138,
                0.010101010101010055,
                0.2525252525252525,
                0.015151515151515138,
                0.005050505050505083,
                0.03535353535353536,
                0.015151515151515138,
                0.0,
                0.015151515151515138,
                0.0,
                0.08585858585858586,
                0.12121212121212122,
                0.005050505050505083,
                0.010101010101010055,
                0.1624365482233503,
                0.045454545454545414,
                0.02020202020202022,
                0.02020202020202022,
                0.02020202020202022,
                0.1767676767676768,
                0.025252525252525304
            ]
        }
    },
    "metadata": {
        "detection_method": "kgw",
        "num_samples": 32,
        "ppl_model": "/mnt/lustrenew/mllm_safety-shared/models/huggingface/meta-llama/Meta-Llama-3.1-8B"
    }
}