{
    "detection_scores": {
        "vanilla_scores": [
            0.38250743933112885,
            0.21681740584472967,
            0.10358208597462179,
            0.10358208597462179,
            0.6392026174713024,
            0.7544485191610798,
            0.44583680479645454,
            0.6392026174713024,
            0.21681740584472967,
            0.8836160351862405,
            0.32242573363325705,
            0.8471148436929272,
            0.026491784932231744,
            0.029291323400813283,
            0.6991775254935335,
            0.9375246722719879,
            0.38250743933112885,
            0.38250743933112885,
            0.21681740584472967,
            0.44583680479645454,
            0.1351159725207279,
            0.05734712978019507,
            0.26687849628994026,
            0.5758957701145038,
            0.5758957701145038,
            0.5758957701145038,
            0.8471148436929272,
            0.44583680479645454,
            0.9136074600438041,
            0.8471148436929272,
            0.5108662874554788,
            0.1351159725207279
        ],
        "watermarked_scores": [
            1.1373502558397022e-37,
            2.7994120780485463e-60,
            4.648683044733669e-67,
            1.2561332401449665e-28,
            1.326402664727969e-63,
            5.213676766424362e-55,
            1.757712950570242e-62,
            3.3687372541179135e-59,
            7.557657014662922e-105,
            2.891339524242926e-42,
            4.347894589934274e-63,
            5.213676766424362e-55,
            7.192104585134415e-39,
            3.3687372541179135e-59,
            4.256772933855766e-49,
            2.5902526327760896e-78,
            5.213676766424362e-55,
            9.679756633112897e-65,
            1.6754594504594915e-52,
            1.2413159516351698e-28,
            5.403829695606577e-54,
            6.826461570384585e-66,
            4.648683044733669e-67,
            2.1137410814770143e-74,
            2.6778610703480543e-46,
            1.2489936546633489e-57,
            1.02566510434872e-67,
            4.556155737577618e-36,
            5.213676766424362e-55,
            1.4225156347516573e-49,
            2.366649240822844e-71,
            3.3687372541179135e-59
        ],
        "mean_vanilla_score": 0.4550622847162843,
        "mean_watermarked_score": 7.804528870471855e-30,
        "median_watermarked_score": 6.413405136022641e-58,
        "median_vanilla_score": 0.44583680479645454
    },
    "perplexity_metrics": {
        "vanilla": {
            "mean_perplexity": 6.782928466796875,
            "median_perplexity": 6.064453125,
            "perplexities": [
                4.73828125,
                4.59375,
                5.80078125,
                4.24609375,
                5.1640625,
                10.2421875,
                4.98828125,
                12.109375,
                9.8046875,
                4.93359375,
                8.3046875,
                10.8359375,
                3.76953125,
                2.05078125,
                7.94140625,
                9.75,
                10.6640625,
                5.94921875,
                7.4453125,
                5.59765625,
                8.40625,
                4.90234375,
                6.40625,
                5.40234375,
                6.1796875,
                8.1953125,
                2.181640625,
                4.6640625,
                7.7578125,
                13.9140625,
                1.6064453125,
                8.5078125
            ]
        },
        "watermarked": {
            "mean_perplexity": 130.52392578125,
            "median_perplexity": 139.5,
            "perplexities": [
                175.5,
                170.875,
                143.875,
                99.25,
                205.25,
                170.875,
                67.1875,
                125.0,
                5.07421875,
                97.3125,
                78.1875,
                91.0625,
                163.0,
                157.375,
                53.125,
                68.75,
                172.875,
                4.67578125,
                72.3125,
                307.0,
                135.125,
                66.875,
                210.125,
                100.8125,
                238.125,
                61.15625,
                151.375,
                277.25,
                160.5,
                171.5,
                9.734375,
                165.625
            ]
        }
    },
    "repetition_metrics": {
        "vanilla": {
            "median_seq_rep_3": 0.025252525252525304,
            "mean_seq_rep_3": 0.04577260549659028,
            "total_rep_3": 0.05698500394632988,
            "list_seq_rep_3": [
                0.04040404040404044,
                0.1262626262626263,
                0.16161616161616166,
                0.08080808080808077,
                0.0,
                0.005050505050505083,
                0.025252525252525304,
                0.0,
                0.025252525252525304,
                0.030303030303030276,
                0.005050505050505083,
                0.025252525252525304,
                0.015228426395939132,
                0.010101010101010055,
                0.02020202020202022,
                0.0,
                0.0,
                0.02020202020202022,
                0.025252525252525304,
                0.025252525252525304,
                0.005050505050505083,
                0.06060606060606055,
                0.005050505050505083,
                0.045454545454545414,
                0.010101010101010055,
                0.04040404040404044,
                0.297979797979798,
                0.10606060606060608,
                0.030303030303030276,
                0.0,
                0.21212121212121215,
                0.010101010101010055
            ]
        },
        "watermarked": {
            "median_seq_rep_3": 0.05569655950366609,
            "mean_seq_rep_3": 0.12099430616443625,
            "total_rep_3": 0.1531718202103921,
            "list_seq_rep_3": [
                0.03535353535353536,
                0.005050505050505083,
                0.06565656565656564,
                0.04861111111111116,
                0.0,
                0.05555555555555558,
                0.16666666666666663,
                0.06565656565656564,
                0.6919191919191919,
                0.055837563451776595,
                0.09137055837563457,
                0.12121212121212122,
                0.09137055837563457,
                0.005050505050505083,
                0.20707070707070707,
                0.1767676767676768,
                0.04040404040404044,
                0.7272727272727273,
                0.02030456852791873,
                0.005050505050505083,
                0.0757575757575758,
                0.18686868686868685,
                0.0,
                0.10606060606060608,
                0.010101010101010055,
                0.12182741116751272,
                0.040609137055837574,
                0.04040404040404044,
                0.005050505050505083,
                0.010152284263959421,
                0.5634517766497462,
                0.03535353535353536
            ]
        }
    },
    "metadata": {
        "detection_method": "kgw",
        "num_samples": 32,
        "ppl_model": "/mnt/lustrenew/mllm_safety-shared/models/huggingface/meta-llama/Meta-Llama-3.1-8B"
    }
}